trade_date,market_type,underlying,commodity,exchange,contract_month,underlying_price,call_wall,put_wall,call_oi_wall,put_oi_wall,max_gamma_strike,gex_flip,price_wall,net_gex,total_abs_gex,total_oi,total_volume,total_amount,call_gex_total,put_gex_abs_total,gex_ratio,call_gex_share,put_gex_share,call_wall_distance,put_wall_distance,price_wall_distance,gamma_regime,iv_surface_bias,delta_bias,normalized_net_gex,assumed_dealer_gamma_ratio,vega_risk_ratio,theta_burn_rate,rho_risk_ratio,atm_iv,call_25_delta_iv,put_25_delta_iv,option_market_value,total_time_value,month_total_abs_gex,month_net_gex,month_total_oi,month_total_volume,month_rank,month_count,expiry_role,expiry_gex_share,near_gex_ratio,next_gex_ratio,front_month_concentration,expiry_pressure,expiry_structure_state,risk_reversal_25d,put_skew,call_skew,smile_curvature,iv_min,iv_max,iv_std,near_atm_iv,next_atm_iv,iv_term_slope,iv_surface_state
2026-07-28,ETF,上证50ETF华夏,,,12月,3.022,3.0,2.7,3.5,2.7,3.0,3.1,3.0,24027940.475117877,84318392.88703443,100107.0,53280.0,,54173166.68107615,30145226.205958273,1.7970728204510436,0.642483387386838,0.35751661261316187,-0.007279947054930402,-0.10655195234943737,-0.007279947054930402,Positive Gamma,0.32169952736767593,0.16054652024758495,0.2849667747736762,0.2849667747736762,0.05526614980302161,,0.0023443181090189937,0.0022878491803278687,0.001558,0.002294,111015224.0,,84318392.88703443,24027940.475117877,100107.0,53280.0,4.0,4.0,far,0.048371964762726025,0.003160620439732442,0.700413806006513,0.003160620439732442,0.024185982381363012,low_expiry_influence,-0.0007360000000000001,0.001156,0.0004199999999999998,0.0007879999999999999,1e-06,0.0036369999999999996,0.0010678370526510553,0.0009480000000000001,,,normal_iv_surface
2026-07-28,ETF,上证50ETF华夏,,,3月,3.022,3.1,2.85,3.1,2.85,2.85,3.2,3.0,1398373.2560671994,5509357.275673598,7130.0,5197.0,,3453865.265870399,2055492.0098031994,1.680310723368409,0.6269089284009294,0.3730910715990707,0.02581072137657192,-0.05691594970218394,-0.007279947054930402,Positive Gamma,0.36804349361011085,0.12890568751185072,0.2538178568018586,0.2538178568018586,0.06670196794512422,,0.0007753131787309299,0.002366568123393316,0.001461,0.002332,9227239.0,,5509357.275673599,1398373.2560671996,7130.0,5197.0,1.0,4.0,near,0.003160620439732442,0.003160620439732442,0.700413806006513,0.003160620439732442,0.003160620439732442,low_expiry_influence,-0.0008709999999999998,0.0013839999999999998,0.000513,0.0009484999999999999,1e-06,0.003285,0.0010283106076873626,0.0009480000000000001,0.001474,0.000526,normal_iv_surface
2026-07-28,ETF,上证50ETF华夏,,,8月,3.022,3.1,3.0,3.1,3.0,3.1,3.1,3.0,374708517.8996208,1220908986.6010242,743001.0,589448.0,,797808752.2503225,423100234.35070175,1.8856258812398345,0.6534547300461759,0.3465452699538241,0.02581072137657192,-0.007279947054930402,-0.007279947054930402,Positive Gamma,0.26366716255578754,0.22750237672961665,0.30690946009235176,0.30690946009235176,0.053703106598970936,,0.003544091565997878,0.0018318549618320614,0.001609,0.002092,337570285.0,,1220908986.6010242,374708517.89962065,743001.0,589448.0,2.0,4.0,next,0.700413806006513,0.003160620439732442,0.700413806006513,0.003160620439732442,0.3502069030032565,roll_migration_candidate,-0.00048300000000000014,0.0006180000000000001,0.00013499999999999992,0.0003765000000000001,1e-06,0.004453,0.001115585773953585,0.0009480000000000001,0.001363,0.000415,normal_iv_surface
2026-07-28,ETF,上证50ETF华夏,,,9月,3.022,3.1,3.0,3.6,2.65,3.1,3.2,3.0,101255689.67824809,432388507.3861112,483816.0,152689.0,,266822098.53217962,165566408.85393158,1.6115714557025835,0.6170887846792716,0.38291121532072836,0.02581072137657192,-0.007279947054930402,-0.007279947054930402,Positive Gamma,0.2791567541576627,0.10548643273157073,0.23417756935854328,0.23417756935854328,0.05018416018534044,,0.000652134045744626,0.001912903743315508,0.0016769999999999999,0.002211,272965353.0,,432388507.3861112,101255689.67824809,483816.0,152689.0,3.0,4.0,deferred,0.24805360879102845,0.003160620439732442,0.700413806006513,0.003160620439732442,0.12402680439551422,normal_expiry_structure,-0.000534,0.0008479999999999998,0.0003139999999999998,0.0005809999999999999,1e-06,0.004763,0.0012368119839320298,0.0009480000000000001,0.0011380000000000001,0.00019000000000000006,normal_iv_surface
2026-07-28,ETF,中证500ETF南方,,,12月,7.463,7.613,7.122,9.823,6.876,7.613,8.0,7.613,30998608.397171937,142014984.86721873,113237.0,91743.0,,86506796.63219534,55508188.2350234,1.5584510931238265,0.6091385124821689,0.3908614875178312,0.02009915583545485,-0.04569208093260091,0.02009915583545485,Positive Gamma,-0.6663190046934366,-0.1917882069316704,0.21827702496433768,0.21827702496433768,0.026161828812140315,,-0.007923298535367248,0.0033557500000000002,0.0022370000000000003,1e-06,637936710.0,,142014984.86721873,30998608.39717194,113237.0,91743.0,4.0,4.0,far,0.05926499064287396,0.0074017220293048965,0.6584942787831713,0.0074017220293048965,0.02963249532143698,low_expiry_influence,0.002236,-0.0018030000000000001,0.0004330000000000002,-0.0006849999999999998,1e-06,0.006392,0.0014797107545205382,0.0014069999999999998,,,normal_iv_surface
2026-07-28,ETF,中证500ETF南方,,,3月,7.463,8.0,7.75,6.75,7.75,7.75,6.75,7.75,7633869.651970251,17736532.65748867,14285.0,10380.0,,12685201.154729461,5051331.502759211,2.5112588923930983,0.7152018604590988,0.2847981395409013,0.07195497789092853,0.03845638483183711,0.03845638483183711,Positive Gamma,0.4490014743331993,0.2174229126539624,0.43040372091819756,0.43040372091819756,0.03086076192474173,,-0.0007634894339972523,0.0037304999999999994,0.0019690000000000003,0.003644,101502387.0,,17736532.65748867,7633869.651970251,14285.0,10380.0,1.0,4.0,near,0.0074017220293048965,0.0074017220293048965,0.6584942787831713,0.0074017220293048965,0.0074017220293048965,low_expiry_influence,-0.0016749999999999998,0.0022370000000000003,0.0005620000000000004,0.0013995000000000001,1e-06,0.0048259999999999996,0.0016406830220817696,0.0014069999999999998,0.002772,0.0013650000000000003,normal_iv_surface
2026-07-28,ETF,中证500ETF南方,,,8月,7.463,7.75,7.5,7.75,7.0,7.75,8.25,7.75,162999342.67502284,1577930815.8515098,745515.0,1276101.0,,870465079.2632664,707465736.5882436,1.230398921453197,0.5516497114567924,0.44835028854320774,0.03845638483183711,0.004957791772745468,0.03845638483183711,Positive Gamma,0.2448647059646961,-0.24272831302420989,0.10329942291358465,0.10329942291358465,0.024204169036422758,,-0.0027967085098891654,0.0031609292035398237,0.002865,0.003639,1750257484.0,,1577930815.8515098,162999342.67502287,745515.0,1276101.0,2.0,4.0,next,0.6584942787831713,0.0074017220293048965,0.6584942787831713,0.0074017220293048965,0.3292471393915857,roll_migration_candidate,-0.000774,0.0008669999999999997,9.299999999999977e-05,0.0004799999999999995,1e-06,0.0071860000000000005,0.0012377124127739424,0.0014069999999999998,0.0025009999999999998,0.001094,normal_iv_surface
2026-07-28,ETF,中证500ETF南方,,,9月,7.463,7.5,6.631,9.823,6.385,6.631,,7.5,-143171438.0958413,658588775.8691982,471071.0,143559.0,,257708668.8866785,400880106.9825197,0.6428572144087854,0.3913043743367133,0.6086956256632867,0.004957791772745468,-0.11148331770065656,0.004957791772745468,Negative Gamma,0.31462802051874056,-0.39534080537268,-0.21739125132657364,-0.21739125132657364,0.032156677110034504,,-0.006833415434342733,0.003076649048625793,0.002623,0.0035909999999999996,1089483154.0,,658588775.8691982,-143171438.0958413,471071.0,143559.0,3.0,4.0,deferred,0.2748390085446498,0.0074017220293048965,0.6584942787831713,0.0074017220293048965,0.1374195042723249,normal_expiry_structure,-0.0009679999999999997,0.0010899999999999998,0.00012200000000000015,0.0006059999999999998,1e-06,0.0064800000000000005,0.001350898678754162,0.0014069999999999998,0.001804,0.0003970000000000002,normal_iv_surface
2026-07-28,ETF,中证500ETF嘉实,,,12月,3.025,3.0,2.9,3.0,2.8,3.0,2.9,3.0,12821771.65575625,37414282.78135625,63213.0,8171.0,,25118027.21855625,12296255.562800001,2.0427378961239304,0.6713486228064942,0.32865137719350573,-0.008264462809917328,-0.04132231404958675,-0.008264462809917328,Positive Gamma,0.39372710334555755,0.06072315803476845,0.3426972456129885,0.3426972456129885,0.03129488401853211,,-0.003114407014377812,0.003416071661237785,0.002166,0.003511,127362287.0,,37414282.78135625,12821771.65575625,63213.0,8171.0,4.0,4.0,far,0.14211481125500525,0.025025183161329845,0.5314010958571531,0.025025183161329845,0.07105740562750262,normal_expiry_structure,-0.0013449999999999998,0.0018359999999999997,0.0004909999999999999,0.0011634999999999998,1e-06,0.0058909999999999995,0.0013944661135845086,0.001344,,,normal_iv_surface
2026-07-28,ETF,中证500ETF嘉实,,,3月,3.025,3.1,3.1,3.1,3.1,3.1,,3.1,3478605.24391875,6588330.03530625,10539.0,2697.0,,5033467.6396125,1554862.3956937501,3.2372431499744785,0.7639974944543781,0.23600250554562183,0.024793388429752206,0.024793388429752206,0.024793388429752206,Positive Gamma,0.5136922945809376,0.20177948725050804,0.5279949889087563,0.5279949889087563,0.03367087697869939,,0.00015845739435146606,0.003700658974358974,0.001959,0.00386,28802695.0,,6588330.03530625,3478605.2439187495,10539.0,2697.0,1.0,4.0,near,0.025025183161329845,0.025025183161329845,0.5314010958571531,0.025025183161329845,0.025025183161329845,low_expiry_influence,-0.0019010000000000003,0.002516,0.0006149999999999999,0.0015654999999999998,1e-06,0.004739,0.0015138869549666846,0.001344,0.0028510000000000002,0.0015070000000000003,normal_iv_surface
2026-07-28,ETF,中证500ETF嘉实,,,8月,3.025,3.2,3.0,3.4,3.0,3.2,3.1,3.1,44457389.63703124,139900906.14163125,163920.0,192439.0,,92179147.88933125,47721758.25230001,1.9315958016883958,0.6588888552016382,0.34111114479836185,0.05785123966942152,-0.008264462809917328,0.024793388429752206,Positive Gamma,0.2172793256848513,0.004123587386464704,0.31777771040327635,0.31777771040327635,0.02482980443865741,,-0.0007271940636480037,0.0032032500000000004,0.002944,0.00364,149515797.0,,139900906.14163125,44457389.63703124,163920.0,192439.0,2.0,4.0,next,0.5314010958571531,0.025025183161329845,0.5314010958571531,0.025025183161329845,0.26570054792857656,roll_migration_candidate,-0.000696,0.0007889999999999998,9.299999999999977e-05,0.00044099999999999955,1e-06,0.008029999999999999,0.0014223970227480725,0.001344,0.002478,0.0011340000000000002,normal_iv_surface
2026-07-28,ETF,中证500ETF嘉实,,,9月,3.025,3.1,2.8,3.9,2.8,2.8,3.4,3.1,12409043.329856247,79364485.62865625,140524.0,56152.0,,45886764.47925625,33477721.1494,1.3706657115183793,0.5781775578305751,0.4218224421694248,0.024793388429752206,-0.07438016528925628,0.024793388429752206,Positive Gamma,0.28240662526727867,-0.17857361756454893,0.15635511566115026,0.15635511566115026,0.02490597457914781,,-0.003765516602735158,0.0030842052631578952,0.0027149999999999995,0.0035859999999999998,163341731.0,,79364485.62865625,12409043.329856249,140524.0,56152.0,3.0,4.0,deferred,0.3014589097265118,0.025025183161329845,0.5314010958571531,0.025025183161329845,0.1507294548632559,normal_expiry_structure,-0.0008710000000000002,0.0011079999999999996,0.00023699999999999936,0.0006724999999999995,1e-06,0.006570999999999999,0.0011951506716829446,0.001344,0.001675,0.00033100000000000013,normal_iv_surface
2026-07-28,ETF,创业板ETF易方达,,,12月,3.355,4.8,3.2,4.8,3.2,3.2,4.3,3.2,7436172.589342749,45932302.16986675,110183.0,89600.0,,26684237.37960475,19248064.790262,1.3863335182197052,0.5809470921122385,0.4190529078877615,0.43070044709388977,-0.046199701937406745,-0.046199701937406745,Positive Gamma,0.2060406657694406,-0.08127314271182301,0.16189418422447693,0.16189418422447693,0.02442354819685063,,-0.00572830166550028,0.004076865102639295,0.0037200000000000006,0.00456,315982835.0,,45932302.16986675,7436172.589342749,110183.0,89600.0,4.0,4.0,far,0.0411762554125767,0.003761344232481321,0.6999742201561879,0.003761344232481321,0.02058812770628835,low_expiry_influence,-0.0008399999999999992,0.001019,0.00017900000000000077,0.0005990000000000006,0.0034509999999999996,0.005988,0.0006957609349276722,0.003246,,,normal_iv_surface
2026-07-28,ETF,创业板ETF易方达,,,3月,3.355,4.0,3.2,4.0,3.2,4.0,3.6,3.2,974514.9025095002,4195796.779482,10276.0,9504.0,,2585155.84099575,1610640.93848625,1.605047890702065,0.6161298978152382,0.38387010218476186,0.1922503725782414,-0.046199701937406745,-0.046199701937406745,Positive Gamma,0.31618374492189616,0.1689380857670289,0.23225979563047638,0.23225979563047638,0.02689097503143779,,-0.0022451702324052317,0.003940746543778802,0.003392,0.004638000000000001,39202818.0,,4195796.779482,974514.9025095,10276.0,9504.0,1.0,4.0,near,0.003761344232481321,0.003761344232481321,0.6999742201561879,0.003761344232481321,0.003761344232481321,low_expiry_influence,-0.0012460000000000006,0.0013920000000000004,0.00014599999999999986,0.0007690000000000002,0.0030620000000000005,0.004981,0.000756611914705078,0.003246,0.004157,0.0009109999999999999,normal_iv_surface
2026-07-28,ETF,创业板ETF易方达,,,8月,3.355,3.6,3.6,3.6,3.6,3.6,4.0,3.5,50958991.025027245,780824459.8538862,1142417.0,1891277.0,,415891725.4394567,364932734.4144294,1.139639408086523,0.5326315283684652,0.46736847163153467,0.07302533532041733,0.07302533532041733,0.0432190760059612,Positive Gamma,0.09419671745396775,-0.2905360242185652,0.06526305673693047,0.06526305673693047,0.0178250489254449,,-0.0025821370849233457,0.004533066666666667,0.004335,0.004762,1646156211.0,,780824459.8538862,50958991.02502724,1142417.0,1891277.0,2.0,4.0,next,0.6999742201561879,0.003761344232481321,0.6999742201561879,0.003761344232481321,0.34998711007809397,roll_migration_candidate,-0.00042699999999999943,0.0006049999999999996,0.0001780000000000002,0.00039150000000000035,1e-06,0.006978,0.0010902779065412925,0.003246,0.003949,0.0007030000000000001,normal_iv_surface
2026-07-28,ETF,创业板ETF易方达,,,9月,3.355,3.9,2.9,4.8,2.85,2.9,,3.5,-77527716.2620757,284552037.4655503,573129.0,343246.0,,103512160.60173725,181039876.86381298,0.5717644222637432,0.36377234028510197,0.6362276597148978,0.16244411326378527,-0.13561847988077502,0.0432190760059612,Negative Gamma,0.16839636470243327,-0.39077603776471076,-0.2724553194297959,-0.2724553194297959,0.02470339508122255,,-0.005494433789028265,0.00426375,0.004068,0.0047859999999999995,839821204.0,,284552037.46555024,-77527716.26207574,573129.0,343246.0,3.0,4.0,deferred,0.255088180198754,0.003761344232481321,0.6999742201561879,0.003761344232481321,0.127544090099377,normal_expiry_structure,-0.0007179999999999999,0.0008369999999999992,0.00011899999999999931,0.00047799999999999926,1e-06,0.005917,0.0008677344085028486,0.003246,0.003541,0.0002949999999999997,normal_iv_surface
2026-07-28,ETF,沪深300ETF华泰柏瑞,,,12月,4.627,5.0,4.3,5.0,4.3,5.0,4.8,4.7,39042928.73160812,113814159.75929222,102928.0,58534.0,,76428544.24545017,37385615.513842046,2.0443302375790084,0.6715205243977584,0.3284794756022415,0.0806137886319429,-0.07067214177652903,0.015776961314026394,Positive Gamma,0.3651514777202565,0.036071302122625534,0.34304104879551695,0.34304104879551695,0.04519299441580737,,-0.003085323524815053,0.0024975936170212767,0.0016120000000000002,0.0025239999999999998,210086234.0,,113814159.75929222,39042928.73160812,102928.0,58534.0,4.0,4.0,far,0.06034077787282786,0.008409672115599098,0.6765599925968915,0.008409672115599098,0.03017038893641393,low_expiry_influence,-0.0009119999999999996,0.001321,0.0004090000000000003,0.0008650000000000001,1e-06,0.00488,0.0012614474402904722,0.000809,,,normal_iv_surface
2026-07-28,ETF,沪深300ETF华泰柏瑞,,,3月,4.627,4.7,4.4,4.7,4.4,4.7,4.7,4.7,5839762.979139039,15862237.767389998,13046.0,4812.0,,10851000.373264518,5011237.394125479,2.1653335333873454,0.6840775262852438,0.3159224737147562,0.015776961314026394,-0.04905986600389012,0.015776961314026394,Positive Gamma,0.41347985752547145,0.13199244468129154,0.36815505257048764,0.36815505257048764,0.055758506546259606,,6.069242318933589e-06,0.002660347245409015,0.00153,0.00263,31799686.0,,15862237.767389998,5839762.979139039,13046.0,4812.0,1.0,4.0,near,0.008409672115599098,0.008409672115599098,0.6765599925968915,0.008409672115599098,0.008409672115599098,low_expiry_influence,-0.0011,0.001821,0.0007209999999999999,0.0012709999999999998,1e-06,0.004083,0.0012779321866531925,0.000809,0.0017569999999999999,0.0009479999999999998,normal_iv_surface
2026-07-28,ETF,沪深300ETF华泰柏瑞,,,8月,4.627,4.8,4.7,4.8,4.7,4.7,4.8,4.7,246203250.85919,1276120557.2532585,601263.0,774957.0,,761161904.0562242,514958653.1970342,1.4781029492963729,0.5964655139594027,0.4035344860405972,0.037389237086665306,0.015776961314026394,0.015776961314026394,Positive Gamma,0.24584237165582065,-0.08995283320773967,0.19293102791880548,0.19293102791880548,0.03986568606573786,,-0.0020332854069269224,0.0020745000000000004,0.001905,0.002415,564350679.0,,1276120557.2532585,246203250.85919,601263.0,774957.0,2.0,4.0,next,0.6765599925968915,0.008409672115599098,0.6765599925968915,0.008409672115599098,0.33827999629844574,roll_migration_candidate,-0.00051,0.0006580000000000002,0.00014800000000000013,0.00040300000000000015,1e-06,0.006690999999999999,0.0014905230697773385,0.000809,0.001603,0.000794,normal_iv_surface
2026-07-28,ETF,沪深300ETF华泰柏瑞,,,9月,4.627,5.0,4.5,6.0,4.0,5.0,5.25,4.8,32447193.564723633,480392845.4106205,405233.0,126601.0,,256420019.48767203,223972825.92294845,1.1448711174269244,0.5337715204074167,0.4662284795925832,0.0806137886319429,-0.027447590231251318,0.037389237086665306,Positive Gamma,0.23757326411952842,-0.1557207979793607,0.06754304081483366,0.06754304081483366,0.04198609647811104,,-0.004491031573854271,0.0023487491408934703,0.0018510000000000002,0.002409,410280794.0,,480392845.4106205,32447193.56472362,405233.0,126601.0,3.0,4.0,deferred,0.25468955741468147,0.008409672115599098,0.6765599925968915,0.008409672115599098,0.12734477870734073,normal_expiry_structure,-0.0005579999999999999,0.0008060000000000001,0.0002480000000000002,0.0005269999999999999,1e-06,0.005744,0.0013533036902930987,0.000809,0.0012029999999999999,0.0003939999999999998,normal_iv_surface
2026-07-28,ETF,沪深300ETF嘉实,,,12月,4.83,5.25,4.6,6.25,4.6,5.25,4.8,4.7,11990650.076874,30372431.008122,27404.0,9638.0,,21181540.542498,9190890.465623999,2.3046233247716024,0.6973936507365436,0.30260634926345636,0.08695652173913038,-0.04761904761904767,-0.026915113871635588,Positive Gamma,0.46139933101159847,0.046695009444503444,0.39478730147308716,0.39478730147308716,0.04063053630886594,,-0.0028500138120509952,0.0021348102040816327,0.0016190000000000002,0.0026039999999999995,61801104.0,,30372431.008122,11990650.076874,27404.0,9638.0,4.0,4.0,far,0.07997740940678004,0.011164458236592645,0.6193339974983958,0.011164458236592645,0.03998870470339002,low_expiry_influence,-0.0009849999999999993,0.0013999999999999996,0.0004150000000000002,0.0009074999999999997,1e-06,0.004985,0.0013072422010099922,0.000773,,,normal_iv_surface
2026-07-28,ETF,沪深300ETF嘉实,,,3月,4.83,4.9,4.6,4.6,4.6,4.6,5.0,4.6,864923.3999910002,4239843.976557001,4069.0,2535.0,,2552383.688274,1687460.288283,1.5125592619848045,0.6019994373346454,0.39800056266535444,0.01449275362318847,-0.04761904761904767,-0.04761904761904767,Positive Gamma,0.45499780440992904,0.010085360694878849,0.20399887466929112,0.20399887466929112,0.048009278329296745,,-0.006847567364102252,0.002611001610305958,0.0015199999999999999,0.002708,11126141.0,,4239843.976557001,864923.3999910002,4069.0,2535.0,1.0,4.0,near,0.011164458236592645,0.011164458236592645,0.6193339974983958,0.011164458236592645,0.011164458236592645,low_expiry_influence,-0.001188,0.0019349999999999999,0.0007469999999999998,0.001341,1e-06,0.004538,0.0013215999663486041,0.000773,0.001877,0.001104,normal_iv_surface
2026-07-28,ETF,沪深300ETF嘉实,,,8月,4.83,5.0,4.9,5.25,4.4,5.0,5.0,5.0,53200094.194548026,235199905.19235003,126399.0,190608.0,,144199999.693449,90999905.49890101,1.5846170268296649,0.6130954839268326,0.3869045160731673,0.035196687370600444,0.01449275362318847,0.035196687370600444,Positive Gamma,0.22091439937850557,0.015172901496610307,0.22619096785366546,0.22619096785366546,0.040437818869482674,,-0.0006544525173008942,0.002159207373271889,0.00196,0.002437,105326205.0,,235199905.19235003,53200094.19454802,126399.0,190608.0,2.0,4.0,next,0.6193339974983958,0.011164458236592645,0.6193339974983958,0.011164458236592645,0.3096669987491979,roll_migration_candidate,-0.000477,0.00056,8.299999999999996e-05,0.00032149999999999995,1e-06,0.005953000000000001,0.0013648881298055375,0.000773,0.0016579999999999998,0.0008849999999999997,normal_iv_surface
2026-07-28,ETF,沪深300ETF嘉实,,,9月,4.83,5.0,4.2,6.25,4.2,5.25,5.0,5.0,17137157.521302003,109950445.71201602,102157.0,45880.0,,63543801.616659015,46406644.09535699,1.369282413227045,0.577931278087712,0.4220687219122879,0.035196687370600444,-0.13043478260869568,0.035196687370600444,Positive Gamma,0.17928461249843672,-0.0786370147240291,0.15586255617542402,0.15586255617542402,0.030462833222461103,,-0.002816913641439789,0.002359377049180328,0.001994,0.0024170000000000003,131484684.0,,109950445.71201602,17137157.521302003,102157.0,45880.0,3.0,4.0,deferred,0.28952413485823153,0.011164458236592645,0.6193339974983958,0.011164458236592645,0.14476206742911576,normal_expiry_structure,-0.0004230000000000002,0.0007590000000000006,0.00033600000000000036,0.0005475000000000002,1e-06,0.0053560000000000005,0.001301880017777303,0.000773,0.001204,0.00043099999999999996,normal_iv_surface
2026-07-28,ETF,深证100ETF易方达,,,12月,3.58,4.6,3.4,4.6,4.5,4.6,3.9,3.5,907194.2633039999,4024884.04388,6831.0,3224.0,,2466039.153592,1558844.890288,1.581965703551425,0.6126981862599775,0.3873018137400224,0.2849162011173183,-0.05027932960893855,-0.022346368715083775,Positive Gamma,0.34624793300665985,-0.10796084661121458,0.22539637251995515,0.22539637251995515,0.040653466902533304,,-0.009159050657295302,0.0029054325068870526,0.002465,0.003471,11542681.0,,4024884.04388,907194.263304,6831.0,3224.0,4.0,4.0,far,0.07296924438049532,0.005579444891685745,0.6946701146608902,0.005579444891685745,0.03648462219024766,low_expiry_influence,-0.001006,0.00136,0.00035400000000000015,0.0008570000000000001,0.001452,0.004654,0.0007760174070805074,0.001791,,,normal_iv_surface
2026-07-28,ETF,深证100ETF易方达,,,3月,3.58,4.2,3.3,4.2,3.3,4.2,,3.5,-49582.294024000046,307754.57398399996,598.0,755.0,,129086.13997999999,178668.434004,0.7224899053915144,0.41944507374474027,0.5805549262552598,0.17318435754189943,-0.07821229050279332,-0.022346368715083775,Negative Gamma,0.29611076323662416,-0.30952831286090915,-0.1611098525105196,-0.1611098525105196,0.05158293388214453,,-0.02260752618142031,0.0035932500000000005,0.002389,0.003453,1228352.0,,307754.573984,-49582.29402400003,598.0,755.0,1.0,4.0,near,0.005579444891685745,0.005579444891685745,0.6946701146608902,0.005579444891685745,0.005579444891685745,low_expiry_influence,-0.0010639999999999998,0.0016619999999999998,0.000598,0.00113,1e-06,0.004514000000000001,0.0012425483195094625,0.001791,0.002673,0.000882,normal_iv_surface
2026-07-28,ETF,深证100ETF易方达,,,8月,3.58,3.9,3.7,3.9,3.2,3.7,3.9,3.7,8267646.887759999,38317056.507800005,38317.0,61893.0,,23292351.697780002,15024704.810019998,1.5502701711814197,0.6078846816701199,0.39211531832987995,0.0893854748603351,0.033519553072625774,0.033519553072625774,Positive Gamma,0.2276350240767815,-0.09810104182333498,0.21576936334023983,0.21576936334023983,0.03614784366724643,,-0.0020627228830162594,0.003026775,0.0026829999999999996,0.003372,26348183.0,,38317056.5078,8267646.88776,38317.0,61893.0,2.0,4.0,next,0.6946701146608902,0.005579444891685745,0.6946701146608902,0.005579444891685745,0.3473350573304451,roll_migration_candidate,-0.0006890000000000004,0.000699,9.999999999999593e-06,0.0003544999999999998,1e-06,0.007019,0.0015232301450249217,0.001791,0.0026530000000000004,0.0008620000000000004,normal_iv_surface
2026-07-28,ETF,深证100ETF易方达,,,9月,3.58,3.9,3.0,4.6,3.0,3.0,,3.6,-2717512.685764,12508941.61302,18876.0,11580.0,,4895714.463628,7613227.149392,0.6430537756933965,0.39137719361742557,0.6086228063825745,0.0893854748603351,-0.16201117318435754,0.005586592178770999,Negative Gamma,0.16748117381074284,-0.25453934373303,-0.21724561276514884,-0.21724561276514884,0.03211665046635347,,-0.005314113295444786,0.0030630308370044055,0.002782,0.003295,20459481.0,,12508941.61302,-2717512.6857639994,18876.0,11580.0,3.0,4.0,deferred,0.22678119606692884,0.005579444891685745,0.6946701146608902,0.005579444891685745,0.11339059803346442,normal_expiry_structure,-0.000513,0.0006419999999999998,0.00012899999999999977,0.0003855,1e-06,0.005254999999999999,0.001435266104749865,0.001791,0.002111,0.00031999999999999997,normal_iv_surface
2026-07-28,ETF,科创50ETF华夏,,,12月,1.785,2.55,1.3,2.55,1.3,1.3,2.4,1.8,4013659.338821999,41910172.0791075,240557.0,123938.0,,22961915.70896475,18948256.37014275,1.2118220938337327,0.5478840713329215,0.45211592866707845,0.4285714285714286,-0.2717086834733893,0.008403361344537785,Positive Gamma,0.21149291962689082,0.02609223869368997,0.09576814266584302,0.09576814266584302,0.02147570948075431,,-0.0038295395080044817,0.00517275,0.004507,0.005600999999999999,398161188.0,,41910172.0791075,4013659.3388219993,240557.0,123938.0,4.0,4.0,far,0.07368737204504806,0.0037722621137948153,0.6508988709922462,0.0037722621137948153,0.03684368602252403,low_expiry_influence,-0.0010939999999999995,0.0015299999999999992,0.00043599999999999976,0.0009829999999999995,1e-06,0.007461,0.001617033080026643,0.0038740000000000003,,,normal_iv_surface
2026-07-28,ETF,科创50ETF华夏,,,3月,1.785,2.15,2.15,2.15,2.15,2.15,2.15,1.7,262467.6740437501,2145498.61026375,12186.0,8766.0,,1203983.1421537502,941515.46811,1.2787714943978863,0.5611670575753682,0.43883294242463194,0.20448179271708677,0.20448179271708677,-0.04761904761904756,Positive Gamma,0.3106527853160312,-0.06865636193299553,0.12233411515073621,0.12233411515073621,0.020344027192811844,,-0.00780520582086792,0.005066749999999999,0.004057,0.005631000000000001,33470610.0,,2145498.61026375,262467.67404375004,12186.0,8766.0,1.0,4.0,near,0.0037722621137948153,0.0037722621137948153,0.6508988709922462,0.0037722621137948153,0.0037722621137948153,low_expiry_influence,-0.0015740000000000007,0.0017570000000000003,0.00018299999999999957,0.0009699999999999999,0.00364,0.006156,0.0010175588680759458,0.0038740000000000003,0.005097999999999999,0.001223999999999999,normal_iv_surface
2026-07-28,ETF,科创50ETF华夏,,,8月,1.785,1.9,1.9,2.55,1.9,1.9,2.1,1.85,54620203.0522995,370202966.0211645,1202918.0,1930916.0,,212411584.536732,157791381.4844325,1.3461545398643224,0.5737706178307292,0.4262293821692708,0.06442577030812324,0.06442577030812324,0.036414565826330625,Positive Gamma,0.19434677382528898,-0.15767249351315993,0.14754123566145844,0.14754123566145844,0.016863964975540262,,-0.0015674430497827831,0.00547475,0.005405999999999999,0.00647,1019857787.0,,370202966.0211645,54620203.0522995,1202918.0,1930916.0,2.0,4.0,next,0.6508988709922462,0.0037722621137948153,0.6508988709922462,0.0037722621137948153,0.3254494354961231,roll_migration_candidate,-0.0010640000000000007,0.0013720000000000008,0.0003080000000000001,0.0008400000000000005,0.002948,0.008664,0.001059017352645899,0.0038740000000000003,0.004689,0.0008149999999999993,normal_iv_surface
2026-07-28,ETF,科创50ETF华夏,,,9月,1.785,1.85,1.8,2.55,1.1,1.8,,1.8,-7285648.243907252,154497866.82559422,847733.0,269866.0,,73606109.2908435,80891757.53475073,0.9099333669344822,0.47642152479641786,0.5235784752035822,0.036414565826330625,0.008403361344537785,0.008403361344537785,Negative Gamma,0.16521655990056416,-0.03954094541396873,-0.0471569504071645,-0.0471569504071645,0.01935009922665262,,-0.0019691332841903562,0.005229499999999999,0.00493,0.0057940000000000005,697088415.0,,154497866.82559425,-7285648.24390725,847733.0,269866.0,3.0,4.0,deferred,0.2716414948489109,0.0037722621137948153,0.6508988709922462,0.0037722621137948153,0.13582074742445546,normal_expiry_structure,-0.0008640000000000002,0.001105000000000001,0.00024100000000000076,0.0006730000000000009,1e-06,0.008013,0.002072787451186593,0.0038740000000000003,0.004071,0.0001969999999999997,normal_iv_surface
2026-07-28,ETF,科创50ETF易方达,,,12月,1.733,2.15,1.25,2.15,1.25,2.15,2.4,1.8,566831.0652365304,9194096.165383833,55470.0,26636.0,,4880463.615310181,4313632.55007365,1.1314045780804518,0.530825817733486,0.4691741822665138,0.24062319676860922,-0.27870744373918066,0.038661281015579974,Positive Gamma,0.22290782876976475,-0.035966443527372716,0.06165163546697216,0.06165163546697216,0.017464696528134156,,-0.004617866974621318,0.005186,0.004508,0.005664,111509925.0,,9194096.165383833,566831.0652365303,55470.0,26636.0,4.0,4.0,far,0.09681991642905904,0.006889087896235538,0.5711692625986509,0.006889087896235538,0.04840995821452952,low_expiry_influence,-0.001156,0.0015509999999999994,0.0003949999999999995,0.0009729999999999999,1e-06,0.0070750000000000006,0.0012168306648580051,0.003889,,,normal_iv_surface
2026-07-28,ETF,科创50ETF易方达,,,3月,1.733,2.1,1.7,2.1,1.7,2.1,1.95,1.7,113153.62823873005,654193.2584312902,3774.0,2028.0,,383673.4433350101,270519.8150962801,1.4182822178791517,0.5864833340762824,0.4135166659237176,0.21177149451817656,-0.019042123485285667,-0.019042123485285667,Positive Gamma,0.3494784269552867,0.021920565886846446,0.1729666681525648,0.1729666681525648,0.02059215236137045,,-0.006180117755513341,0.005104750000000001,0.004043,0.005827,9991719.0,,654193.2584312902,113153.62823873005,3774.0,2028.0,1.0,4.0,near,0.006889087896235538,0.006889087896235538,0.5711692625986509,0.006889087896235538,0.006889087896235538,low_expiry_influence,-0.001784,0.0019379999999999996,0.00015399999999999962,0.001046,0.0038020000000000003,0.005956,0.0008517823047803013,0.003889,0.005109,0.0012199999999999997,normal_iv_surface
2026-07-28,ETF,科创50ETF易方达,,,8月,1.733,1.95,1.85,2.45,1.85,1.85,2.0,1.8,13385179.567878261,54238686.83971766,205115.0,195857.0,,33811933.20379796,20426753.635919694,1.655276888655519,0.6233914420479353,0.37660855795206466,0.12521638776687816,0.06751298326601263,0.038661281015579974,Positive Gamma,-0.9611554678388802,-0.13639021483697686,0.24678288409587065,0.24678288409587065,0.01753611322534704,,-0.001528332281154626,0.0055735,0.005357999999999999,1e-06,156681242.0,,54238686.83971765,13385179.567878261,205115.0,195857.0,2.0,4.0,next,0.5711692625986509,0.006889087896235538,0.5711692625986509,0.006889087896235538,0.28558463129932543,roll_migration_candidate,0.005356999999999999,-0.005108,0.0002489999999999992,-0.0024295000000000002,1e-06,0.009808,0.002535679946463307,0.003889,0.004519,0.0006299999999999995,normal_iv_surface
2026-07-28,ETF,科创50ETF易方达,,,9月,1.733,1.8,1.75,2.45,1.1,1.75,2.35,1.75,1849049.5346145406,30873818.007762052,170857.0,44247.0,,16361433.771188295,14512384.236573754,1.1274118369850359,0.529945268417234,0.47005473158276584,0.038661281015579974,0.009809578765147098,0.009809578765147098,Positive Gamma,0.15755850130391305,0.06120973868522668,0.05989053683446824,0.05989053683446824,0.01949543039675069,,-0.0010390864484126165,0.0052488440366972484,0.005041,0.005868,137266731.0,,30873818.00776205,1849049.5346145402,170857.0,44247.0,3.0,4.0,deferred,0.3251217330760546,0.006889087896235538,0.5711692625986509,0.006889087896235538,0.1625608665380273,normal_expiry_structure,-0.0008269999999999996,0.0013490000000000004,0.0005220000000000008,0.0009355000000000006,1e-06,0.007587,0.002139536253611862,0.003889,0.004113,0.00022400000000000024,normal_iv_surface
2026-07-28,COMMODITY,AP,AP,CZCE,2610,,,,10000.0,7000.0,,,8000.0,,,61352.0,24272.0,17389465.0,,,,,,,,,,,,,,,,,,,,,,,,,,,,,,,,,,,,,,,,,,,,,
2026-07-28,COMMODITY,AP,AP,CZCE,2611,,,,9800.0,6800.0,,,8100.0,,,1121.0,46.0,45200.0,,,,,,,,,,,,,,,,,,,,,,,,,,,,,,,,,,,,,,,,,,,,,
2026-07-28,COMMODITY,AP,AP,CZCE,2701,,,,8800.0,6600.0,,,8800.0,,,3777.0,361.0,771160.0,,,,,,,,,,,,,,,,,,,,,,,,,,,,,,,,,,,,,,,,,,,,,
2026-07-28,COMMODITY,CF,CF,CZCE,2609,,,,17000.0,15000.0,,,16000.0,,,381832.0,179647.0,70786205.0,,,,,,,,,,,,,,,,,,,,,,,,,,,,,,,,,,,,,,,,,,,,,
2026-07-28,COMMODITY,CF,CF,CZCE,2611,,,,16400.0,15400.0,,,16400.0,,,41793.0,17460.0,17921375.0,,,,,,,,,,,,,,,,,,,,,,,,,,,,,,,,,,,,,,,,,,,,,
2026-07-28,COMMODITY,CF,CF,CZCE,2701,,,,17000.0,15800.0,,,17000.0,,,82741.0,11190.0,15814115.0,,,,,,,,,,,,,,,,,,,,,,,,,,,,,,,,,,,,,,,,,,,,,
2026-07-28,COMMODITY,CF,CF,CZCE,2703,,,,18200.0,14600.0,,,15200.0,,,362.0,12.0,15495.0,,,,,,,,,,,,,,,,,,,,,,,,,,,,,,,,,,,,,,,,,,,,,
2026-07-28,COMMODITY,CF,CF,CZCE,2705,,,,17800.0,14400.0,,,16000.0,,,927.0,10.0,19540.0,,,,,,,,,,,,,,,,,,,,,,,,,,,,,,,,,,,,,,,,,,,,,
2026-07-28,COMMODITY,CJ,CJ,CZCE,2609,,,,8200.0,7800.0,,,8200.0,,,137402.0,169665.0,20419020.0,,,,,,,,,,,,,,,,,,,,,,,,,,,,,,,,,,,,,,,,,,,,,
2026-07-28,COMMODITY,CJ,CJ,CZCE,2612,,,,10000.0,8700.0,,,10000.0,,,6156.0,1043.0,502625.0,,,,,,,,,,,,,,,,,,,,,,,,,,,,,,,,,,,,,,,,,,,,,
2026-07-28,COMMODITY,CJ,CJ,CZCE,2701,,,,10000.0,8500.0,,,10000.0,,,27812.0,3098.0,2686540.0,,,,,,,,,,,,,,,,,,,,,,,,,,,,,,,,,,,,,,,,,,,,,
2026-07-28,COMMODITY,CJ,CJ,CZCE,2705,,,,9000.0,8400.0,,,9000.0,,,2263.0,58.0,98585.0,,,,,,,,,,,,,,,,,,,,,,,,,,,,,,,,,,,,,,,,,,,,,
2026-07-28,COMMODITY,FG,FG,CZCE,2609,,,,1540.0,1000.0,,,900.0,,,1083181.0,434564.0,81408980.0,,,,,,,,,,,,,,,,,,,,,,,,,,,,,,,,,,,,,,,,,,,,,
2026-07-28,COMMODITY,FG,FG,CZCE,2610,,,,1080.0,930.0,,,1000.0,,,25392.0,14040.0,2633710.0,,,,,,,,,,,,,,,,,,,,,,,,,,,,,,,,,,,,,,,,,,,,,
2026-07-28,COMMODITY,FG,FG,CZCE,2611,,,,1200.0,850.0,,,1000.0,,,37513.0,9937.0,4015720.0,,,,,,,,,,,,,,,,,,,,,,,,,,,,,,,,,,,,,,,,,,,,,
2026-07-28,COMMODITY,FG,FG,CZCE,2612,,,,940.0,1140.0,,,1140.0,,,531.0,321.0,981560.0,,,,,,,,,,,,,,,,,,,,,,,,,,,,,,,,,,,,,,,,,,,,,
2026-07-28,COMMODITY,FG,FG,CZCE,2701,,,,1480.0,1000.0,,,1480.0,,,19700.0,2586.0,992210.0,,,,,,,,,,,,,,,,,,,,,,,,,,,,,,,,,,,,,,,,,,,,,
2026-07-28,COMMODITY,FG,FG,CZCE,2703,,,,990.0,1160.0,,,920.0,,,520.0,344.0,954860.0,,,,,,,,,,,,,,,,,,,,,,,,,,,,,,,,,,,,,,,,,,,,,
2026-07-28,COMMODITY,FG,FG,CZCE,2705,,,,1280.0,1280.0,,,1280.0,,,690.0,329.0,959630.0,,,,,,,,,,,,,,,,,,,,,,,,,,,,,,,,,,,,,,,,,,,,,
2026-07-28,COMMODITY,MA,MA,CZCE,2609,,,,3650.0,2500.0,,,2500.0,,,535309.0,464124.0,133926345.0,,,,,,,,,,,,,,,,,,,,,,,,,,,,,,,,,,,,,,,,,,,,,
2026-07-28,COMMODITY,MA,MA,CZCE,2610,,,,3400.0,2300.0,,,2300.0,,,82321.0,39617.0,18801850.0,,,,,,,,,,,,,,,,,,,,,,,,,,,,,,,,,,,,,,,,,,,,,
2026-07-28,COMMODITY,MA,MA,CZCE,2611,,,,3000.0,2375.0,,,3000.0,,,1921.0,108.0,71100.0,,,,,,,,,,,,,,,,,,,,,,,,,,,,,,,,,,,,,,,,,,,,,
2026-07-28,COMMODITY,MA,MA,CZCE,2612,,,,2950.0,2225.0,,,2950.0,,,675.0,327.0,239435.0,,,,,,,,,,,,,,,,,,,,,,,,,,,,,,,,,,,,,,,,,,,,,
2026-07-28,COMMODITY,MA,MA,CZCE,2701,,,,3000.0,2350.0,,,3000.0,,,12619.0,2901.0,2669055.0,,,,,,,,,,,,,,,,,,,,,,,,,,,,,,,,,,,,,,,,,,,,,
2026-07-28,COMMODITY,MA,MA,CZCE,2703,,,,2900.0,2100.0,,,2900.0,,,581.0,234.0,251095.0,,,,,,,,,,,,,,,,,,,,,,,,,,,,,,,,,,,,,,,,,,,,,
2026-07-28,COMMODITY,MA,MA,CZCE,2705,,,,2850.0,2350.0,,,2350.0,,,1082.0,27.0,33125.0,,,,,,,,,,,,,,,,,,,,,,,,,,,,,,,,,,,,,,,,,,,,,
2026-07-28,COMMODITY,OI,OI,CZCE,2609,,,,11000.0,9500.0,,,10400.0,,,62393.0,55399.0,22219740.0,,,,,,,,,,,,,,,,,,,,,,,,,,,,,,,,,,,,,,,,,,,,,
2026-07-28,COMMODITY,OI,OI,CZCE,2611,,,,11400.0,9100.0,,,11400.0,,,6756.0,1377.0,1792745.0,,,,,,,,,,,,,,,,,,,,,,,,,,,,,,,,,,,,,,,,,,,,,
2026-07-28,COMMODITY,OI,OI,CZCE,2701,,,,10400.0,9200.0,,,10400.0,,,5824.0,2637.0,5081480.0,,,,,,,,,,,,,,,,,,,,,,,,,,,,,,,,,,,,,,,,,,,,,
2026-07-28,COMMODITY,OI,OI,CZCE,2703,,,,10600.0,9600.0,,,11000.0,,,784.0,61.0,78605.0,,,,,,,,,,,,,,,,,,,,,,,,,,,,,,,,,,,,,,,,,,,,,
2026-07-28,COMMODITY,OI,OI,CZCE,2705,,,,10400.0,8600.0,,,8700.0,,,209.0,48.0,91965.0,,,,,,,,,,,,,,,,,,,,,,,,,,,,,,,,,,,,,,,,,,,,,
2026-07-28,COMMODITY,PF,PF,CZCE,2609,,,,7800.0,5900.0,,,7300.0,,,4137.0,1807.0,872009.0,,,,,,,,,,,,,,,,,,,,,,,,,,,,,,,,,,,,,,,,,,,,,
2026-07-28,COMMODITY,PF,PF,CZCE,2610,,,,7800.0,7200.0,,,7800.0,,,1302.0,348.0,140027.0,,,,,,,,,,,,,,,,,,,,,,,,,,,,,,,,,,,,,,,,,,,,,
2026-07-28,COMMODITY,PF,PF,CZCE,2611,,,,8000.0,7100.0,,,7200.0,,,415.0,249.0,227823.0,,,,,,,,,,,,,,,,,,,,,,,,,,,,,,,,,,,,,,,,,,,,,
2026-07-28,COMMODITY,PK,PK,CZCE,2610,,,,8500.0,8100.0,,,8500.0,,,108094.0,16714.0,4210474.0,,,,,,,,,,,,,,,,,,,,,,,,,,,,,,,,,,,,,,,,,,,,,
2026-07-28,COMMODITY,PK,PK,CZCE,2611,,,,9000.0,8000.0,,,9000.0,,,23132.0,2795.0,1330263.0,,,,,,,,,,,,,,,,,,,,,,,,,,,,,,,,,,,,,,,,,,,,,
2026-07-28,COMMODITY,PK,PK,CZCE,2612,,,,9300.0,8100.0,,,8600.0,,,11618.0,490.0,396210.0,,,,,,,,,,,,,,,,,,,,,,,,,,,,,,,,,,,,,,,,,,,,,
2026-07-28,COMMODITY,PK,PK,CZCE,2701,,,,9100.0,7600.0,,,9100.0,,,610.0,0.0,0.0,,,,,,,,,,,,,,,,,,,,,,,,,,,,,,,,,,,,,,,,,,,,,
2026-07-28,COMMODITY,PL,PL,CZCE,2609,,,,7800.0,7000.0,,,7700.0,,,949.0,271.0,412210.0,,,,,,,,,,,,,,,,,,,,,,,,,,,,,,,,,,,,,,,,,,,,,
2026-07-28,COMMODITY,PL,PL,CZCE,2610,,,,8500.0,7700.0,,,8000.0,,,764.0,229.0,488510.0,,,,,,,,,,,,,,,,,,,,,,,,,,,,,,,,,,,,,,,,,,,,,
2026-07-28,COMMODITY,PR,PR,CZCE,2609,,,,8000.0,6700.0,,,7000.0,,,1288.0,202.0,300264.0,,,,,,,,,,,,,,,,,,,,,,,,,,,,,,,,,,,,,,,,,,,,,
2026-07-28,COMMODITY,PR,PR,CZCE,2610,,,,7900.0,6000.0,,,7100.0,,,583.0,79.0,140453.0,,,,,,,,,,,,,,,,,,,,,,,,,,,,,,,,,,,,,,,,,,,,,
2026-07-28,COMMODITY,PR,PR,CZCE,2611,,,,6900.0,6500.0,,,7200.0,,,169.0,14.0,34965.0,,,,,,,,,,,,,,,,,,,,,,,,,,,,,,,,,,,,,,,,,,,,,
2026-07-28,COMMODITY,PX,PX,CZCE,2609,,,,8200.0,7700.0,,,8100.0,,,246474.0,950899.0,118781360.0,,,,,,,,,,,,,,,,,,,,,,,,,,,,,,,,,,,,,,,,,,,,,
2026-07-28,COMMODITY,PX,PX,CZCE,2610,,,,9000.0,7500.0,,,8200.0,,,7605.0,2020.0,1406990.0,,,,,,,,,,,,,,,,,,,,,,,,,,,,,,,,,,,,,,,,,,,,,
2026-07-28,COMMODITY,PX,PX,CZCE,2611,,,,9500.0,6600.0,,,9100.0,,,800.0,334.0,149487.0,,,,,,,,,,,,,,,,,,,,,,,,,,,,,,,,,,,,,,,,,,,,,
2026-07-28,COMMODITY,PX,PX,CZCE,2612,,,,8900.0,6600.0,,,8900.0,,,421.0,0.0,0.0,,,,,,,,,,,,,,,,,,,,,,,,,,,,,,,,,,,,,,,,,,,,,
2026-07-28,COMMODITY,PX,PX,CZCE,2701,,,,9200.0,7500.0,,,7900.0,,,1106.0,18.0,34016.0,,,,,,,,,,,,,,,,,,,,,,,,,,,,,,,,,,,,,,,,,,,,,
2026-07-28,COMMODITY,RM,RM,CZCE,2609,,,,2750.0,2200.0,,,2500.0,,,209992.0,220856.0,36305815.0,,,,,,,,,,,,,,,,,,,,,,,,,,,,,,,,,,,,,,,,,,,,,
2026-07-28,COMMODITY,RM,RM,CZCE,2611,,,,2650.0,2150.0,,,2250.0,,,20223.0,11135.0,4625690.0,,,,,,,,,,,,,,,,,,,,,,,,,,,,,,,,,,,,,,,,,,,,,
2026-07-28,COMMODITY,RM,RM,CZCE,2701,,,,2650.0,2200.0,,,2200.0,,,46329.0,12771.0,7004075.0,,,,,,,,,,,,,,,,,,,,,,,,,,,,,,,,,,,,,,,,,,,,,
2026-07-28,COMMODITY,RM,RM,CZCE,2703,,,,2500.0,2050.0,,,2050.0,,,5606.0,100.0,62250.0,,,,,,,,,,,,,,,,,,,,,,,,,,,,,,,,,,,,,,,,,,,,,
2026-07-28,COMMODITY,RM,RM,CZCE,2705,,,,2500.0,2050.0,,,2050.0,,,1779.0,131.0,86570.0,,,,,,,,,,,,,,,,,,,,,,,,,,,,,,,,,,,,,,,,,,,,,
2026-07-28,COMMODITY,SA,SA,CZCE,2609,,,,1580.0,1000.0,,,1020.0,,,684497.0,324836.0,81967010.0,,,,,,,,,,,,,,,,,,,,,,,,,,,,,,,,,,,,,,,,,,,,,
2026-07-28,COMMODITY,SA,SA,CZCE,2610,,,,1300.0,920.0,,,1100.0,,,34697.0,15947.0,4219860.0,,,,,,,,,,,,,,,,,,,,,,,,,,,,,,,,,,,,,,,,,,,,,
2026-07-28,COMMODITY,SA,SA,CZCE,2611,,,,1300.0,940.0,,,940.0,,,44420.0,29142.0,13197960.0,,,,,,,,,,,,,,,,,,,,,,,,,,,,,,,,,,,,,,,,,,,,,
2026-07-28,COMMODITY,SA,SA,CZCE,2612,,,,1300.0,990.0,,,1300.0,,,636.0,236.0,298570.0,,,,,,,,,,,,,,,,,,,,,,,,,,,,,,,,,,,,,,,,,,,,,
2026-07-28,COMMODITY,SA,SA,CZCE,2701,,,,1560.0,1020.0,,,1560.0,,,22554.0,5066.0,2057780.0,,,,,,,,,,,,,,,,,,,,,,,,,,,,,,,,,,,,,,,,,,,,,
2026-07-28,COMMODITY,SA,SA,CZCE,2703,,,,1200.0,1180.0,,,1160.0,,,933.0,114.0,427960.0,,,,,,,,,,,,,,,,,,,,,,,,,,,,,,,,,,,,,,,,,,,,,
2026-07-28,COMMODITY,SA,SA,CZCE,2705,,,,1400.0,1060.0,,,1400.0,,,1551.0,443.0,1069620.0,,,,,,,,,,,,,,,,,,,,,,,,,,,,,,,,,,,,,,,,,,,,,
2026-07-28,COMMODITY,SF,SF,CZCE,2609,,,,6000.0,5700.0,,,5800.0,,,43869.0,41830.0,9199295.0,,,,,,,,,,,,,,,,,,,,,,,,,,,,,,,,,,,,,,,,,,,,,
2026-07-28,COMMODITY,SF,SF,CZCE,2610,,,,6300.0,5500.0,,,5500.0,,,6198.0,2625.0,535960.0,,,,,,,,,,,,,,,,,,,,,,,,,,,,,,,,,,,,,,,,,,,,,
2026-07-28,COMMODITY,SF,SF,CZCE,2611,,,,6000.0,5800.0,,,6000.0,,,8203.0,1790.0,1111915.0,,,,,,,,,,,,,,,,,,,,,,,,,,,,,,,,,,,,,,,,,,,,,
2026-07-28,COMMODITY,SF,SF,CZCE,2612,,,,6400.0,5500.0,,,5200.0,,,279.0,55.0,19030.0,,,,,,,,,,,,,,,,,,,,,,,,,,,,,,,,,,,,,,,,,,,,,
2026-07-28,COMMODITY,SF,SF,CZCE,2701,,,,6000.0,5300.0,,,6000.0,,,805.0,93.0,40600.0,,,,,,,,,,,,,,,,,,,,,,,,,,,,,,,,,,,,,,,,,,,,,
2026-07-28,COMMODITY,SH,SH,CZCE,2609,,,,2000.0,1800.0,,,2000.0,,,164638.0,127530.0,54702030.0,,,,,,,,,,,,,,,,,,,,,,,,,,,,,,,,,,,,,,,,,,,,,
2026-07-28,COMMODITY,SH,SH,CZCE,2610,,,,2200.0,1720.0,,,2200.0,,,12086.0,4500.0,3604260.0,,,,,,,,,,,,,,,,,,,,,,,,,,,,,,,,,,,,,,,,,,,,,
2026-07-28,COMMODITY,SH,SH,CZCE,2611,,,,2280.0,1740.0,,,2200.0,,,10540.0,2980.0,3208800.0,,,,,,,,,,,,,,,,,,,,,,,,,,,,,,,,,,,,,,,,,,,,,
2026-07-28,COMMODITY,SH,SH,CZCE,2612,,,,2160.0,1780.0,,,2080.0,,,270.0,26.0,33465.0,,,,,,,,,,,,,,,,,,,,,,,,,,,,,,,,,,,,,,,,,,,,,
2026-07-28,COMMODITY,SH,SH,CZCE,2701,,,,2640.0,1820.0,,,2640.0,,,3502.0,394.0,461415.0,,,,,,,,,,,,,,,,,,,,,,,,,,,,,,,,,,,,,,,,,,,,,
2026-07-28,COMMODITY,SM,SM,CZCE,2609,,,,5800.0,5700.0,,,5800.0,,,111086.0,43850.0,8059320.0,,,,,,,,,,,,,,,,,,,,,,,,,,,,,,,,,,,,,,,,,,,,,
2026-07-28,COMMODITY,SM,SM,CZCE,2610,,,,5700.0,5500.0,,,5700.0,,,14467.0,7035.0,2662860.0,,,,,,,,,,,,,,,,,,,,,,,,,,,,,,,,,,,,,,,,,,,,,
2026-07-28,COMMODITY,SM,SM,CZCE,2611,,,,6200.0,5600.0,,,5600.0,,,9542.0,1957.0,703595.0,,,,,,,,,,,,,,,,,,,,,,,,,,,,,,,,,,,,,,,,,,,,,
2026-07-28,COMMODITY,SM,SM,CZCE,2612,,,,6300.0,5600.0,,,5600.0,,,233.0,0.0,0.0,,,,,,,,,,,,,,,,,,,,,,,,,,,,,,,,,,,,,,,,,,,,,
2026-07-28,COMMODITY,SM,SM,CZCE,2701,,,,6400.0,5800.0,,,5800.0,,,7455.0,34.0,20550.0,,,,,,,,,,,,,,,,,,,,,,,,,,,,,,,,,,,,,,,,,,,,,
2026-07-28,COMMODITY,SR,SR,CZCE,2609,,,,5500.0,5200.0,,,5200.0,,,404097.0,87603.0,18938890.0,,,,,,,,,,,,,,,,,,,,,,,,,,,,,,,,,,,,,,,,,,,,,
2026-07-28,COMMODITY,SR,SR,CZCE,2611,,,,5700.0,5100.0,,,5000.0,,,52703.0,16050.0,7806935.0,,,,,,,,,,,,,,,,,,,,,,,,,,,,,,,,,,,,,,,,,,,,,
2026-07-28,COMMODITY,SR,SR,CZCE,2701,,,,5800.0,5200.0,,,6300.0,,,110704.0,9353.0,6059060.0,,,,,,,,,,,,,,,,,,,,,,,,,,,,,,,,,,,,,,,,,,,,,
2026-07-28,COMMODITY,SR,SR,CZCE,2703,,,,6100.0,5100.0,,,6100.0,,,1040.0,32.0,19135.0,,,,,,,,,,,,,,,,,,,,,,,,,,,,,,,,,,,,,,,,,,,,,
2026-07-28,COMMODITY,SR,SR,CZCE,2705,,,,6000.0,5100.0,,,5700.0,,,1722.0,485.0,524480.0,,,,,,,,,,,,,,,,,,,,,,,,,,,,,,,,,,,,,,,,,,,,,
2026-07-28,COMMODITY,TA,TA,CZCE,2609,,,,6500.0,5000.0,,,6000.0,,,311264.0,304425.0,112809882.0,,,,,,,,,,,,,,,,,,,,,,,,,,,,,,,,,,,,,,,,,,,,,
2026-07-28,COMMODITY,TA,TA,CZCE,2610,,,,6000.0,5000.0,,,6000.0,,,32758.0,23907.0,12555251.0,,,,,,,,,,,,,,,,,,,,,,,,,,,,,,,,,,,,,,,,,,,,,
2026-07-28,COMMODITY,TA,TA,CZCE,2611,,,,6800.0,4800.0,,,5800.0,,,1481.0,222.0,235365.0,,,,,,,,,,,,,,,,,,,,,,,,,,,,,,,,,,,,,,,,,,,,,
2026-07-28,COMMODITY,TA,TA,CZCE,2612,,,,6000.0,4800.0,,,6400.0,,,1295.0,325.0,159219.0,,,,,,,,,,,,,,,,,,,,,,,,,,,,,,,,,,,,,,,,,,,,,
2026-07-28,COMMODITY,TA,TA,CZCE,2701,,,,7400.0,5000.0,,,5200.0,,,24847.0,7559.0,5715763.0,,,,,,,,,,,,,,,,,,,,,,,,,,,,,,,,,,,,,,,,,,,,,
2026-07-28,COMMODITY,TA,TA,CZCE,2703,,,,6300.0,4700.0,,,6300.0,,,572.0,198.0,126389.0,,,,,,,,,,,,,,,,,,,,,,,,,,,,,,,,,,,,,,,,,,,,,
2026-07-28,COMMODITY,UR,UR,CZCE,2609,,,,2160.0,1800.0,,,1800.0,,,158952.0,61810.0,11382900.0,,,,,,,,,,,,,,,,,,,,,,,,,,,,,,,,,,,,,,,,,,,,,
2026-07-28,COMMODITY,UR,UR,CZCE,2610,,,,1840.0,1720.0,,,1720.0,,,14929.0,8811.0,3489130.0,,,,,,,,,,,,,,,,,,,,,,,,,,,,,,,,,,,,,,,,,,,,,
2026-07-28,COMMODITY,UR,UR,CZCE,2611,,,,1940.0,1600.0,,,1960.0,,,7934.0,5704.0,1690430.0,,,,,,,,,,,,,,,,,,,,,,,,,,,,,,,,,,,,,,,,,,,,,
2026-07-28,COMMODITY,UR,UR,CZCE,2612,,,,1920.0,1520.0,,,1940.0,,,569.0,51.0,14630.0,,,,,,,,,,,,,,,,,,,,,,,,,,,,,,,,,,,,,,,,,,,,,
2026-07-28,COMMODITY,UR,UR,CZCE,2701,,,,2000.0,1600.0,,,2000.0,,,4890.0,309.0,115490.0,,,,,,,,,,,,,,,,,,,,,,,,,,,,,,,,,,,,,,,,,,,,,
2026-07-28,COMMODITY,UR,UR,CZCE,2703,,,,1980.0,1620.0,,,1880.0,,,402.0,176.0,528300.0,,,,,,,,,,,,,,,,,,,,,,,,,,,,,,,,,,,,,,,,,,,,,
2026-07-28,COMMODITY,ZC,ZC,CZCE,2609,,,,560.0,560.0,,,560.0,,,0.0,0.0,0.0,,,,,,,,,,,,,,,,,,,,,,,,,,,,,,,,,,,,,,,,,,,,,
2026-07-28,COMMODITY,ZC,ZC,CZCE,2610,,,,560.0,560.0,,,560.0,,,0.0,0.0,0.0,,,,,,,,,,,,,,,,,,,,,,,,,,,,,,,,,,,,,,,,,,,,,
2026-07-28,COMMODITY,a,a,DCE,2609,,,,5000.0,4550.0,,,5000.0,,,107860.0,114229.0,25213125.0,,,,,,,,,,,,,,,,,,,,,,,,,,,,,,,,,,,,,,,,,,,,,
2026-07-28,COMMODITY,a,a,DCE,2611,,,,4800.0,4600.0,,,4800.0,,,30850.0,4722.0,2997710.0,,,,,,,,,,,,,,,,,,,,,,,,,,,,,,,,,,,,,,,,,,,,,
2026-07-28,COMMODITY,a,a,DCE,2701,,,,5000.0,4000.0,,,5600.0,,,5595.0,1558.0,814160.0,,,,,,,,,,,,,,,,,,,,,,,,,,,,,,,,,,,,,,,,,,,,,
2026-07-28,COMMODITY,a,a,DCE,2703,,,,5600.0,4400.0,,,5600.0,,,187.0,3.0,1315.0,,,,,,,,,,,,,,,,,,,,,,,,,,,,,,,,,,,,,,,,,,,,,
2026-07-28,COMMODITY,a,a,DCE,2705,,,,5600.0,4600.0,,,5600.0,,,80.0,0.0,0.0,,,,,,,,,,,,,,,,,,,,,,,,,,,,,,,,,,,,,,,,,,,,,
2026-07-28,COMMODITY,a,a,DCE,2707,,,,5200.0,5400.0,,,5200.0,,,3.0,2.0,2420.0,,,,,,,,,,,,,,,,,,,,,,,,,,,,,,,,,,,,,,,,,,,,,
2026-07-28,COMMODITY,b,b,DCE,2609,,,,3800.0,3800.0,,,3800.0,,,51430.0,103492.0,26313900.0,,,,,,,,,,,,,,,,,,,,,,,,,,,,,,,,,,,,,,,,,,,,,
2026-07-28,COMMODITY,b,b,DCE,2610,,,,3900.0,3650.0,,,3900.0,,,5508.0,4140.0,2018040.0,,,,,,,,,,,,,,,,,,,,,,,,,,,,,,,,,,,,,,,,,,,,,
2026-07-28,COMMODITY,b,b,DCE,2611,,,,4000.0,3700.0,,,3700.0,,,171.0,11.0,3660.0,,,,,,,,,,,,,,,,,,,,,,,,,,,,,,,,,,,,,,,,,,,,,
2026-07-28,COMMODITY,b,b,DCE,2612,,,,4300.0,3200.0,,,3200.0,,,143.0,0.0,0.0,,,,,,,,,,,,,,,,,,,,,,,,,,,,,,,,,,,,,,,,,,,,,
2026-07-28,COMMODITY,b,b,DCE,2701,,,,4200.0,3700.0,,,3700.0,,,230.0,0.0,0.0,,,,,,,,,,,,,,,,,,,,,,,,,,,,,,,,,,,,,,,,,,,,,
2026-07-28,COMMODITY,b,b,DCE,2702,,,,3600.0,3100.0,,,3600.0,,,5.0,0.0,0.0,,,,,,,,,,,,,,,,,,,,,,,,,,,,,,,,,,,,,,,,,,,,,
2026-07-28,COMMODITY,b,b,DCE,2703,,,,3700.0,3300.0,,,3700.0,,,10.0,0.0,0.0,,,,,,,,,,,,,,,,,,,,,,,,,,,,,,,,,,,,,,,,,,,,,
2026-07-28,COMMODITY,b,b,DCE,2704,,,,4100.0,3200.0,,,4100.0,,,98.0,0.0,0.0,,,,,,,,,,,,,,,,,,,,,,,,,,,,,,,,,,,,,,,,,,,,,
2026-07-28,COMMODITY,b,b,DCE,2705,,,,3900.0,3400.0,,,3400.0,,,50.0,0.0,0.0,,,,,,,,,,,,,,,,,,,,,,,,,,,,,,,,,,,,,,,,,,,,,
2026-07-28,COMMODITY,b,b,DCE,2706,,,,3600.0,3400.0,,,3600.0,,,15.0,0.0,0.0,,,,,,,,,,,,,,,,,,,,,,,,,,,,,,,,,,,,,,,,,,,,,
2026-07-28,COMMODITY,b,b,DCE,2707,,,,3200.0,3200.0,,,3200.0,,,0.0,0.0,0.0,,,,,,,,,,,,,,,,,,,,,,,,,,,,,,,,,,,,,,,,,,,,,
2026-07-28,COMMODITY,bz,bz,DCE,2609,,,,9000.0,6500.0,,,7300.0,,,4010.0,1291.0,5552040.0,,,,,,,,,,,,,,,,,,,,,,,,,,,,,,,,,,,,,,,,,,,,,
2026-07-28,COMMODITY,bz,bz,DCE,2610,,,,8400.0,6700.0,,,7000.0,,,770.0,129.0,1207635.0,,,,,,,,,,,,,,,,,,,,,,,,,,,,,,,,,,,,,,,,,,,,,
2026-07-28,COMMODITY,bz,bz,DCE,2611,,,,7900.0,6800.0,,,7800.0,,,142.0,33.0,196935.0,,,,,,,,,,,,,,,,,,,,,,,,,,,,,,,,,,,,,,,,,,,,,
2026-07-28,COMMODITY,bz,bz,DCE,2612,,,,6600.0,5800.0,,,7000.0,,,116.0,19.0,211845.0,,,,,,,,,,,,,,,,,,,,,,,,,,,,,,,,,,,,,,,,,,,,,
2026-07-28,COMMODITY,bz,bz,DCE,2701,,,,8400.0,5400.0,,,7000.0,,,109.0,12.0,111870.0,,,,,,,,,,,,,,,,,,,,,,,,,,,,,,,,,,,,,,,,,,,,,
2026-07-28,COMMODITY,bz,bz,DCE,2702,,,,8400.0,5200.0,,,7200.0,,,163.0,2.0,21120.0,,,,,,,,,,,,,,,,,,,,,,,,,,,,,,,,,,,,,,,,,,,,,
2026-07-28,COMMODITY,bz,bz,DCE,2703,,,,7000.0,5400.0,,,6800.0,,,107.0,11.0,160020.0,,,,,,,,,,,,,,,,,,,,,,,,,,,,,,,,,,,,,,,,,,,,,
2026-07-28,COMMODITY,bz,bz,DCE,2704,,,,6600.0,6400.0,,,6800.0,,,77.0,9.0,143640.0,,,,,,,,,,,,,,,,,,,,,,,,,,,,,,,,,,,,,,,,,,,,,
2026-07-28,COMMODITY,bz,bz,DCE,2705,,,,6200.0,5400.0,,,6200.0,,,63.0,0.0,0.0,,,,,,,,,,,,,,,,,,,,,,,,,,,,,,,,,,,,,,,,,,,,,
2026-07-28,COMMODITY,bz,bz,DCE,2706,,,,6800.0,6800.0,,,6800.0,,,34.0,0.0,0.0,,,,,,,,,,,,,,,,,,,,,,,,,,,,,,,,,,,,,,,,,,,,,
2026-07-28,COMMODITY,c,c,DCE,2609,,,,2400.0,2260.0,,,2300.0,,,378781.0,77582.0,9318725.0,,,,,,,,,,,,,,,,,,,,,,,,,,,,,,,,,,,,,,,,,,,,,
2026-07-28,COMMODITY,c,c,DCE,2611,,,,2420.0,2200.0,,,2220.0,,,92393.0,13610.0,1833825.0,,,,,,,,,,,,,,,,,,,,,,,,,,,,,,,,,,,,,,,,,,,,,
2026-07-28,COMMODITY,c,c,DCE,2701,,,,2600.0,2160.0,,,2320.0,,,56718.0,4930.0,1374330.0,,,,,,,,,,,,,,,,,,,,,,,,,,,,,,,,,,,,,,,,,,,,,
2026-07-28,COMMODITY,c,c,DCE,2703,,,,2600.0,2040.0,,,2720.0,,,846.0,81.0,5125.0,,,,,,,,,,,,,,,,,,,,,,,,,,,,,,,,,,,,,,,,,,,,,
2026-07-28,COMMODITY,c,c,DCE,2705,,,,2600.0,2280.0,,,2320.0,,,1600.0,18.0,4045.0,,,,,,,,,,,,,,,,,,,,,,,,,,,,,,,,,,,,,,,,,,,,,
2026-07-28,COMMODITY,c,c,DCE,2707,,,,2560.0,2080.0,,,2480.0,,,77.0,8.0,2760.0,,,,,,,,,,,,,,,,,,,,,,,,,,,,,,,,,,,,,,,,,,,,,
2026-07-28,COMMODITY,cs,cs,DCE,2609,,,,2750.0,2650.0,,,2650.0,,,67278.0,21504.0,6700265.0,,,,,,,,,,,,,,,,,,,,,,,,,,,,,,,,,,,,,,,,,,,,,
2026-07-28,COMMODITY,cs,cs,DCE,2611,,,,2700.0,2550.0,,,2550.0,,,13222.0,3528.0,2169535.0,,,,,,,,,,,,,,,,,,,,,,,,,,,,,,,,,,,,,,,,,,,,,
2026-07-28,COMMODITY,cs,cs,DCE,2701,,,,2700.0,2300.0,,,2700.0,,,272.0,2.0,565.0,,,,,,,,,,,,,,,,,,,,,,,,,,,,,,,,,,,,,,,,,,,,,
2026-07-28,COMMODITY,cs,cs,DCE,2703,,,,3000.0,2400.0,,,2400.0,,,291.0,1.0,185.0,,,,,,,,,,,,,,,,,,,,,,,,,,,,,,,,,,,,,,,,,,,,,
2026-07-28,COMMODITY,cs,cs,DCE,2705,,,,2400.0,2400.0,,,2400.0,,,36.0,1.0,180.0,,,,,,,,,,,,,,,,,,,,,,,,,,,,,,,,,,,,,,,,,,,,,
2026-07-28,COMMODITY,cs,cs,DCE,2707,,,,2400.0,2400.0,,,2400.0,,,6.0,1.0,235.0,,,,,,,,,,,,,,,,,,,,,,,,,,,,,,,,,,,,,,,,,,,,,
2026-07-28,COMMODITY,eb,eb,DCE,2609,,,,10000.0,7500.0,,,8000.0,,,161951.0,192469.0,113321015.0,,,,,,,,,,,,,,,,,,,,,,,,,,,,,,,,,,,,,,,,,,,,,
2026-07-28,COMMODITY,eb,eb,DCE,2610,,,,8800.0,8100.0,,,9000.0,,,15294.0,7781.0,8468746.0,,,,,,,,,,,,,,,,,,,,,,,,,,,,,,,,,,,,,,,,,,,,,
2026-07-28,COMMODITY,eb,eb,DCE,2611,,,,7400.0,6400.0,,,7400.0,,,395.0,22.0,29717.0,,,,,,,,,,,,,,,,,,,,,,,,,,,,,,,,,,,,,,,,,,,,,
2026-07-28,COMMODITY,eb,eb,DCE,2612,,,,9800.0,7000.0,,,7800.0,,,277.0,0.0,0.0,,,,,,,,,,,,,,,,,,,,,,,,,,,,,,,,,,,,,,,,,,,,,
2026-07-28,COMMODITY,eb,eb,DCE,2701,,,,9600.0,7200.0,,,8000.0,,,201.0,3.0,7050.0,,,,,,,,,,,,,,,,,,,,,,,,,,,,,,,,,,,,,,,,,,,,,
2026-07-28,COMMODITY,eb,eb,DCE,2702,,,,9400.0,7000.0,,,7000.0,,,240.0,0.0,0.0,,,,,,,,,,,,,,,,,,,,,,,,,,,,,,,,,,,,,,,,,,,,,
2026-07-28,COMMODITY,eb,eb,DCE,2703,,,,10400.0,7400.0,,,10400.0,,,120.0,0.0,0.0,,,,,,,,,,,,,,,,,,,,,,,,,,,,,,,,,,,,,,,,,,,,,
2026-07-28,COMMODITY,eb,eb,DCE,2704,,,,9000.0,7600.0,,,8000.0,,,136.0,2.0,4873.0,,,,,,,,,,,,,,,,,,,,,,,,,,,,,,,,,,,,,,,,,,,,,
2026-07-28,COMMODITY,eb,eb,DCE,2705,,,,9400.0,6600.0,,,9600.0,,,294.0,2.0,1816.0,,,,,,,,,,,,,,,,,,,,,,,,,,,,,,,,,,,,,,,,,,,,,
2026-07-28,COMMODITY,eb,eb,DCE,2706,,,,8000.0,6400.0,,,8000.0,,,7.0,0.0,0.0,,,,,,,,,,,,,,,,,,,,,,,,,,,,,,,,,,,,,,,,,,,,,
2026-07-28,COMMODITY,eg,eg,DCE,2609,,,,5500.0,4000.0,,,5500.0,,,128514.0,159236.0,126470950.0,,,,,,,,,,,,,,,,,,,,,,,,,,,,,,,,,,,,,,,,,,,,,
2026-07-28,COMMODITY,eg,eg,DCE,2610,,,,5200.0,4650.0,,,4650.0,,,8571.0,7304.0,10892820.0,,,,,,,,,,,,,,,,,,,,,,,,,,,,,,,,,,,,,,,,,,,,,
2026-07-28,COMMODITY,eg,eg,DCE,2611,,,,4800.0,3500.0,,,3500.0,,,210.0,0.0,0.0,,,,,,,,,,,,,,,,,,,,,,,,,,,,,,,,,,,,,,,,,,,,,
2026-07-28,COMMODITY,eg,eg,DCE,2612,,,,4100.0,3600.0,,,3600.0,,,122.0,0.0,0.0,,,,,,,,,,,,,,,,,,,,,,,,,,,,,,,,,,,,,,,,,,,,,
2026-07-28,COMMODITY,eg,eg,DCE,2701,,,,4700.0,3600.0,,,3600.0,,,347.0,0.0,0.0,,,,,,,,,,,,,,,,,,,,,,,,,,,,,,,,,,,,,,,,,,,,,
2026-07-28,COMMODITY,eg,eg,DCE,2702,,,,4600.0,4200.0,,,4600.0,,,81.0,0.0,0.0,,,,,,,,,,,,,,,,,,,,,,,,,,,,,,,,,,,,,,,,,,,,,
2026-07-28,COMMODITY,eg,eg,DCE,2703,,,,5400.0,3500.0,,,5400.0,,,14.0,0.0,0.0,,,,,,,,,,,,,,,,,,,,,,,,,,,,,,,,,,,,,,,,,,,,,
2026-07-28,COMMODITY,eg,eg,DCE,2704,,,,5400.0,3700.0,,,5400.0,,,30.0,0.0,0.0,,,,,,,,,,,,,,,,,,,,,,,,,,,,,,,,,,,,,,,,,,,,,
2026-07-28,COMMODITY,eg,eg,DCE,2705,,,,4800.0,3700.0,,,3700.0,,,40.0,0.0,0.0,,,,,,,,,,,,,,,,,,,,,,,,,,,,,,,,,,,,,,,,,,,,,
2026-07-28,COMMODITY,eg,eg,DCE,2706,,,,3600.0,3600.0,,,3600.0,,,0.0,0.0,0.0,,,,,,,,,,,,,,,,,,,,,,,,,,,,,,,,,,,,,,,,,,,,,
2026-07-28,COMMODITY,i,i,DCE,2609,,,,800.0,700.0,,,700.0,,,273158.0,87676.0,39487460.0,,,,,,,,,,,,,,,,,,,,,,,,,,,,,,,,,,,,,,,,,,,,,
2026-07-28,COMMODITY,i,i,DCE,2610,,,,780.0,680.0,,,680.0,,,15243.0,3376.0,2366000.0,,,,,,,,,,,,,,,,,,,,,,,,,,,,,,,,,,,,,,,,,,,,,
2026-07-28,COMMODITY,i,i,DCE,2611,,,,920.0,600.0,,,750.0,,,5426.0,761.0,843140.0,,,,,,,,,,,,,,,,,,,,,,,,,,,,,,,,,,,,,,,,,,,,,
2026-07-28,COMMODITY,i,i,DCE,2612,,,,900.0,740.0,,,740.0,,,620.0,0.0,0.0,,,,,,,,,,,,,,,,,,,,,,,,,,,,,,,,,,,,,,,,,,,,,
2026-07-28,COMMODITY,i,i,DCE,2701,,,,800.0,700.0,,,800.0,,,6664.0,282.0,480310.0,,,,,,,,,,,,,,,,,,,,,,,,,,,,,,,,,,,,,,,,,,,,,
2026-07-28,COMMODITY,i,i,DCE,2702,,,,740.0,720.0,,,720.0,,,354.0,0.0,0.0,,,,,,,,,,,,,,,,,,,,,,,,,,,,,,,,,,,,,,,,,,,,,
2026-07-28,COMMODITY,i,i,DCE,2703,,,,700.0,740.0,,,740.0,,,308.0,0.0,0.0,,,,,,,,,,,,,,,,,,,,,,,,,,,,,,,,,,,,,,,,,,,,,
2026-07-28,COMMODITY,i,i,DCE,2704,,,,760.0,740.0,,,740.0,,,199.0,0.0,0.0,,,,,,,,,,,,,,,,,,,,,,,,,,,,,,,,,,,,,,,,,,,,,
2026-07-28,COMMODITY,i,i,DCE,2705,,,,780.0,740.0,,,740.0,,,656.0,3.0,5170.0,,,,,,,,,,,,,,,,,,,,,,,,,,,,,,,,,,,,,,,,,,,,,
2026-07-28,COMMODITY,i,i,DCE,2706,,,,740.0,720.0,,,720.0,,,359.0,0.0,0.0,,,,,,,,,,,,,,,,,,,,,,,,,,,,,,,,,,,,,,,,,,,,,
2026-07-28,COMMODITY,i,i,DCE,2707,,,,780.0,740.0,,,620.0,,,14.0,1.0,1310.0,,,,,,,,,,,,,,,,,,,,,,,,,,,,,,,,,,,,,,,,,,,,,
2026-07-28,COMMODITY,jd,jd,DCE,2609,,,,5000.0,4000.0,,,4000.0,,,340593.0,384777.0,163679990.0,,,,,,,,,,,,,,,,,,,,,,,,,,,,,,,,,,,,,,,,,,,,,
2026-07-28,COMMODITY,jd,jd,DCE,2610,,,,4700.0,3700.0,,,4700.0,,,47134.0,30277.0,20139235.0,,,,,,,,,,,,,,,,,,,,,,,,,,,,,,,,,,,,,,,,,,,,,
2026-07-28,COMMODITY,jd,jd,DCE,2611,,,,4400.0,3200.0,,,4400.0,,,10501.0,1016.0,587810.0,,,,,,,,,,,,,,,,,,,,,,,,,,,,,,,,,,,,,,,,,,,,,
2026-07-28,COMMODITY,jd,jd,DCE,2612,,,,4200.0,4000.0,,,4000.0,,,4433.0,24.0,10120.0,,,,,,,,,,,,,,,,,,,,,,,,,,,,,,,,,,,,,,,,,,,,,
2026-07-28,COMMODITY,jd,jd,DCE,2701,,,,4000.0,3600.0,,,4000.0,,,3865.0,139.0,113035.0,,,,,,,,,,,,,,,,,,,,,,,,,,,,,,,,,,,,,,,,,,,,,
2026-07-28,COMMODITY,jd,jd,DCE,2702,,,,3800.0,3100.0,,,3800.0,,,6324.0,16.0,10600.0,,,,,,,,,,,,,,,,,,,,,,,,,,,,,,,,,,,,,,,,,,,,,
2026-07-28,COMMODITY,jd,jd,DCE,2703,,,,3700.0,2900.0,,,3700.0,,,1903.0,2.0,1465.0,,,,,,,,,,,,,,,,,,,,,,,,,,,,,,,,,,,,,,,,,,,,,
2026-07-28,COMMODITY,jd,jd,DCE,2704,,,,3700.0,3100.0,,,3700.0,,,406.0,0.0,0.0,,,,,,,,,,,,,,,,,,,,,,,,,,,,,,,,,,,,,,,,,,,,,
2026-07-28,COMMODITY,jd,jd,DCE,2705,,,,3800.0,3000.0,,,3400.0,,,241.0,2.0,2685.0,,,,,,,,,,,,,,,,,,,,,,,,,,,,,,,,,,,,,,,,,,,,,
2026-07-28,COMMODITY,jd,jd,DCE,2706,,,,3600.0,3000.0,,,3600.0,,,1472.0,536.0,273635.0,,,,,,,,,,,,,,,,,,,,,,,,,,,,,,,,,,,,,,,,,,,,,
2026-07-28,COMMODITY,jm,jm,DCE,2609,,,,1600.0,1200.0,,,1200.0,,,278285.0,312379.0,263119968.0,,,,,,,,,,,,,,,,,,,,,,,,,,,,,,,,,,,,,,,,,,,,,
2026-07-28,COMMODITY,jm,jm,DCE,2610,,,,1300.0,1240.0,,,1300.0,,,15098.0,10789.0,15152394.0,,,,,,,,,,,,,,,,,,,,,,,,,,,,,,,,,,,,,,,,,,,,,
2026-07-28,COMMODITY,jm,jm,DCE,2611,,,,1600.0,1280.0,,,1640.0,,,488.0,4.0,2148.0,,,,,,,,,,,,,,,,,,,,,,,,,,,,,,,,,,,,,,,,,,,,,
2026-07-28,COMMODITY,jm,jm,DCE,2612,,,,1520.0,1080.0,,,1080.0,,,768.0,1.0,1464.0,,,,,,,,,,,,,,,,,,,,,,,,,,,,,,,,,,,,,,,,,,,,,
2026-07-28,COMMODITY,jm,jm,DCE,2701,,,,1560.0,1360.0,,,1360.0,,,15644.0,1745.0,4499940.0,,,,,,,,,,,,,,,,,,,,,,,,,,,,,,,,,,,,,,,,,,,,,
2026-07-28,COMMODITY,jm,jm,DCE,2702,,,,1840.0,1200.0,,,1840.0,,,483.0,1.0,1278.0,,,,,,,,,,,,,,,,,,,,,,,,,,,,,,,,,,,,,,,,,,,,,
2026-07-28,COMMODITY,jm,jm,DCE,2703,,,,1760.0,1280.0,,,1240.0,,,510.0,4.0,11028.0,,,,,,,,,,,,,,,,,,,,,,,,,,,,,,,,,,,,,,,,,,,,,
2026-07-28,COMMODITY,jm,jm,DCE,2704,,,,1840.0,1240.0,,,1240.0,,,273.0,0.0,0.0,,,,,,,,,,,,,,,,,,,,,,,,,,,,,,,,,,,,,,,,,,,,,
2026-07-28,COMMODITY,jm,jm,DCE,2705,,,,1880.0,1280.0,,,1880.0,,,468.0,2.0,3120.0,,,,,,,,,,,,,,,,,,,,,,,,,,,,,,,,,,,,,,,,,,,,,
2026-07-28,COMMODITY,jm,jm,DCE,2706,,,,1760.0,1440.0,,,1520.0,,,334.0,1.0,5916.0,,,,,,,,,,,,,,,,,,,,,,,,,,,,,,,,,,,,,,,,,,,,,
2026-07-28,COMMODITY,jm,jm,DCE,2707,,,,1680.0,1280.0,,,1240.0,,,6.0,1.0,4200.0,,,,,,,,,,,,,,,,,,,,,,,,,,,,,,,,,,,,,,,,,,,,,
2026-07-28,COMMODITY,l,l,DCE,2609,,,,8000.0,7000.0,,,7000.0,,,48804.0,22112.0,8461896.0,,,,,,,,,,,,,,,,,,,,,,,,,,,,,,,,,,,,,,,,,,,,,
2026-07-28,COMMODITY,l,l,DCE,2610,,,,8000.0,7400.0,,,7500.0,,,8034.0,1204.0,937842.0,,,,,,,,,,,,,,,,,,,,,,,,,,,,,,,,,,,,,,,,,,,,,
2026-07-28,COMMODITY,l,l,DCE,2611,,,,8100.0,7700.0,,,8100.0,,,179.0,0.0,0.0,,,,,,,,,,,,,,,,,,,,,,,,,,,,,,,,,,,,,,,,,,,,,
2026-07-28,COMMODITY,l,l,DCE,2612,,,,6400.0,5600.0,,,5600.0,,,56.0,0.0,0.0,,,,,,,,,,,,,,,,,,,,,,,,,,,,,,,,,,,,,,,,,,,,,
2026-07-28,COMMODITY,l,l,DCE,2701,,,,6600.0,6000.0,,,6600.0,,,300.0,0.0,0.0,,,,,,,,,,,,,,,,,,,,,,,,,,,,,,,,,,,,,,,,,,,,,
2026-07-28,COMMODITY,l,l,DCE,2702,,,,9000.0,6000.0,,,6000.0,,,52.0,0.0,0.0,,,,,,,,,,,,,,,,,,,,,,,,,,,,,,,,,,,,,,,,,,,,,
2026-07-28,COMMODITY,l,l,DCE,2703,,,,8200.0,7200.0,,,7200.0,,,20.0,0.0,0.0,,,,,,,,,,,,,,,,,,,,,,,,,,,,,,,,,,,,,,,,,,,,,
2026-07-28,COMMODITY,l,l,DCE,2704,,,,9200.0,7000.0,,,9200.0,,,65.0,0.0,0.0,,,,,,,,,,,,,,,,,,,,,,,,,,,,,,,,,,,,,,,,,,,,,
2026-07-28,COMMODITY,l,l,DCE,2705,,,,8600.0,6000.0,,,8600.0,,,13.0,0.0,0.0,,,,,,,,,,,,,,,,,,,,,,,,,,,,,,,,,,,,,,,,,,,,,
2026-07-28,COMMODITY,l,l,DCE,2706,,,,7800.0,6600.0,,,7800.0,,,18.0,0.0,0.0,,,,,,,,,,,,,,,,,,,,,,,,,,,,,,,,,,,,,,,,,,,,,
2026-07-28,COMMODITY,l,l,DCE,2707,,,,6400.0,6400.0,,,6400.0,,,0.0,0.0,0.0,,,,,,,,,,,,,,,,,,,,,,,,,,,,,,,,,,,,,,,,,,,,,
2026-07-28,COMMODITY,lg,lg,DCE,2609,,,,850.0,800.0,,,850.0,,,11401.0,5993.0,3426395.0,,,,,,,,,,,,,,,,,,,,,,,,,,,,,,,,,,,,,,,,,,,,,
2026-07-28,COMMODITY,lg,lg,DCE,2611,,,,850.0,800.0,,,850.0,,,3617.0,1077.0,665733.0,,,,,,,,,,,,,,,,,,,,,,,,,,,,,,,,,,,,,,,,,,,,,
2026-07-28,COMMODITY,lg,lg,DCE,2701,,,,900.0,800.0,,,850.0,,,354.0,82.0,77603.0,,,,,,,,,,,,,,,,,,,,,,,,,,,,,,,,,,,,,,,,,,,,,
2026-07-28,COMMODITY,lg,lg,DCE,2703,,,,900.0,750.0,,,850.0,,,170.0,36.0,42638.0,,,,,,,,,,,,,,,,,,,,,,,,,,,,,,,,,,,,,,,,,,,,,
2026-07-28,COMMODITY,lg,lg,DCE,2705,,,,850.0,750.0,,,850.0,,,177.0,94.0,83926.0,,,,,,,,,,,,,,,,,,,,,,,,,,,,,,,,,,,,,,,,,,,,,
2026-07-28,COMMODITY,lh,lh,DCE,2609,,,,16000.0,10400.0,,,12000.0,,,118211.0,81859.0,126369760.0,,,,,,,,,,,,,,,,,,,,,,,,,,,,,,,,,,,,,,,,,,,,,
2026-07-28,COMMODITY,lh,lh,DCE,2611,,,,15200.0,10800.0,,,15200.0,,,32533.0,9523.0,29067760.0,,,,,,,,,,,,,,,,,,,,,,,,,,,,,,,,,,,,,,,,,,,,,
2026-07-28,COMMODITY,lh,lh,DCE,2701,,,,15200.0,11200.0,,,15200.0,,,6357.0,659.0,3122720.0,,,,,,,,,,,,,,,,,,,,,,,,,,,,,,,,,,,,,,,,,,,,,
2026-07-28,COMMODITY,lh,lh,DCE,2703,,,,14400.0,11200.0,,,14400.0,,,4485.0,209.0,984600.0,,,,,,,,,,,,,,,,,,,,,,,,,,,,,,,,,,,,,,,,,,,,,
2026-07-28,COMMODITY,lh,lh,DCE,2705,,,,15200.0,12000.0,,,15200.0,,,1463.0,90.0,388360.0,,,,,,,,,,,,,,,,,,,,,,,,,,,,,,,,,,,,,,,,,,,,,
2026-07-28,COMMODITY,m,m,DCE,2609,,,,3300.0,3000.0,,,3100.0,,,717274.0,833523.0,210228810.0,,,,,,,,,,,,,,,,,,,,,,,,,,,,,,,,,,,,,,,,,,,,,
2026-07-28,COMMODITY,m,m,DCE,2611,,,,3200.0,3000.0,,,3150.0,,,77978.0,36954.0,19609405.0,,,,,,,,,,,,,,,,,,,,,,,,,,,,,,,,,,,,,,,,,,,,,
2026-07-28,COMMODITY,m,m,DCE,2612,,,,3550.0,2900.0,,,3600.0,,,4937.0,1847.0,969825.0,,,,,,,,,,,,,,,,,,,,,,,,,,,,,,,,,,,,,,,,,,,,,
2026-07-28,COMMODITY,m,m,DCE,2701,,,,3500.0,3000.0,,,3000.0,,,37762.0,27144.0,12608825.0,,,,,,,,,,,,,,,,,,,,,,,,,,,,,,,,,,,,,,,,,,,,,
2026-07-28,COMMODITY,m,m,DCE,2703,,,,3200.0,2900.0,,,2900.0,,,1109.0,25.0,12925.0,,,,,,,,,,,,,,,,,,,,,,,,,,,,,,,,,,,,,,,,,,,,,
2026-07-28,COMMODITY,m,m,DCE,2705,,,,3100.0,2700.0,,,2700.0,,,13689.0,1077.0,626360.0,,,,,,,,,,,,,,,,,,,,,,,,,,,,,,,,,,,,,,,,,,,,,
2026-07-28,COMMODITY,m,m,DCE,2707,,,,2900.0,2600.0,,,2900.0,,,226.0,38.0,26665.0,,,,,,,,,,,,,,,,,,,,,,,,,,,,,,,,,,,,,,,,,,,,,
2026-07-28,COMMODITY,p,p,DCE,2609,,,,10000.0,9000.0,,,10000.0,,,233412.0,176952.0,94979060.0,,,,,,,,,,,,,,,,,,,,,,,,,,,,,,,,,,,,,,,,,,,,,
2026-07-28,COMMODITY,p,p,DCE,2610,,,,10000.0,9600.0,,,9600.0,,,13600.0,8936.0,9547865.0,,,,,,,,,,,,,,,,,,,,,,,,,,,,,,,,,,,,,,,,,,,,,
2026-07-28,COMMODITY,p,p,DCE,2611,,,,11000.0,8900.0,,,8900.0,,,4409.0,3018.0,5744070.0,,,,,,,,,,,,,,,,,,,,,,,,,,,,,,,,,,,,,,,,,,,,,
2026-07-28,COMMODITY,p,p,DCE,2612,,,,9800.0,7200.0,,,7200.0,,,266.0,6.0,12855.0,,,,,,,,,,,,,,,,,,,,,,,,,,,,,,,,,,,,,,,,,,,,,
2026-07-28,COMMODITY,p,p,DCE,2701,,,,10000.0,9000.0,,,10000.0,,,14445.0,9520.0,18344560.0,,,,,,,,,,,,,,,,,,,,,,,,,,,,,,,,,,,,,,,,,,,,,
2026-07-28,COMMODITY,p,p,DCE,2702,,,,11600.0,8800.0,,,10800.0,,,169.0,3.0,6365.0,,,,,,,,,,,,,,,,,,,,,,,,,,,,,,,,,,,,,,,,,,,,,
2026-07-28,COMMODITY,p,p,DCE,2703,,,,11600.0,9000.0,,,9800.0,,,69.0,5.0,24110.0,,,,,,,,,,,,,,,,,,,,,,,,,,,,,,,,,,,,,,,,,,,,,
2026-07-28,COMMODITY,p,p,DCE,2704,,,,11600.0,8800.0,,,11600.0,,,299.0,0.0,0.0,,,,,,,,,,,,,,,,,,,,,,,,,,,,,,,,,,,,,,,,,,,,,
2026-07-28,COMMODITY,p,p,DCE,2705,,,,11200.0,9400.0,,,11200.0,,,487.0,141.0,483135.0,,,,,,,,,,,,,,,,,,,,,,,,,,,,,,,,,,,,,,,,,,,,,
2026-07-28,COMMODITY,p,p,DCE,2706,,,,10800.0,8400.0,,,8400.0,,,42.0,0.0,0.0,,,,,,,,,,,,,,,,,,,,,,,,,,,,,,,,,,,,,,,,,,,,,
2026-07-28,COMMODITY,p,p,DCE,2707,,,,9800.0,8400.0,,,10800.0,,,14.0,8.0,17110.0,,,,,,,,,,,,,,,,,,,,,,,,,,,,,,,,,,,,,,,,,,,,,
2026-07-28,COMMODITY,pg,pg,DCE,2609,,,,7000.0,4500.0,,,7000.0,,,14016.0,13863.0,17110712.0,,,,,,,,,,,,,,,,,,,,,,,,,,,,,,,,,,,,,,,,,,,,,
2026-07-28,COMMODITY,pg,pg,DCE,2610,,,,6300.0,5500.0,,,5800.0,,,2022.0,904.0,3784316.0,,,,,,,,,,,,,,,,,,,,,,,,,,,,,,,,,,,,,,,,,,,,,
2026-07-28,COMMODITY,pg,pg,DCE,2611,,,,4700.0,4000.0,,,4000.0,,,179.0,0.0,0.0,,,,,,,,,,,,,,,,,,,,,,,,,,,,,,,,,,,,,,,,,,,,,
2026-07-28,COMMODITY,pg,pg,DCE,2612,,,,4200.0,3700.0,,,4200.0,,,78.0,0.0,0.0,,,,,,,,,,,,,,,,,,,,,,,,,,,,,,,,,,,,,,,,,,,,,
2026-07-28,COMMODITY,pg,pg,DCE,2701,,,,3900.0,4300.0,,,4700.0,,,58.0,2.0,5020.0,,,,,,,,,,,,,,,,,,,,,,,,,,,,,,,,,,,,,,,,,,,,,
2026-07-28,COMMODITY,pg,pg,DCE,2702,,,,4100.0,3800.0,,,4100.0,,,39.0,0.0,0.0,,,,,,,,,,,,,,,,,,,,,,,,,,,,,,,,,,,,,,,,,,,,,
2026-07-28,COMMODITY,pg,pg,DCE,2703,,,,5200.0,4600.0,,,4600.0,,,156.0,0.0,0.0,,,,,,,,,,,,,,,,,,,,,,,,,,,,,,,,,,,,,,,,,,,,,
2026-07-28,COMMODITY,pg,pg,DCE,2704,,,,6000.0,4900.0,,,6400.0,,,101.0,3.0,11984.0,,,,,,,,,,,,,,,,,,,,,,,,,,,,,,,,,,,,,,,,,,,,,
2026-07-28,COMMODITY,pg,pg,DCE,2705,,,,5600.0,4100.0,,,5600.0,,,113.0,38.0,236804.0,,,,,,,,,,,,,,,,,,,,,,,,,,,,,,,,,,,,,,,,,,,,,
2026-07-28,COMMODITY,pg,pg,DCE,2706,,,,5200.0,4000.0,,,5200.0,,,3.0,0.0,0.0,,,,,,,,,,,,,,,,,,,,,,,,,,,,,,,,,,,,,,,,,,,,,
2026-07-28,COMMODITY,pp,pp,DCE,2609,,,,8400.0,7000.0,,,8000.0,,,71876.0,28595.0,13100820.0,,,,,,,,,,,,,,,,,,,,,,,,,,,,,,,,,,,,,,,,,,,,,
2026-07-28,COMMODITY,pp,pp,DCE,2610,,,,8800.0,7400.0,,,7900.0,,,10773.0,7374.0,8640532.0,,,,,,,,,,,,,,,,,,,,,,,,,,,,,,,,,,,,,,,,,,,,,
2026-07-28,COMMODITY,pp,pp,DCE,2611,,,,8700.0,7100.0,,,8600.0,,,2953.0,787.0,725589.0,,,,,,,,,,,,,,,,,,,,,,,,,,,,,,,,,,,,,,,,,,,,,
2026-07-28,COMMODITY,pp,pp,DCE,2612,,,,7600.0,5600.0,,,7600.0,,,168.0,0.0,0.0,,,,,,,,,,,,,,,,,,,,,,,,,,,,,,,,,,,,,,,,,,,,,
2026-07-28,COMMODITY,pp,pp,DCE,2701,,,,7600.0,5800.0,,,7600.0,,,210.0,0.0,0.0,,,,,,,,,,,,,,,,,,,,,,,,,,,,,,,,,,,,,,,,,,,,,
2026-07-28,COMMODITY,pp,pp,DCE,2702,,,,9200.0,6800.0,,,6800.0,,,57.0,0.0,0.0,,,,,,,,,,,,,,,,,,,,,,,,,,,,,,,,,,,,,,,,,,,,,
2026-07-28,COMMODITY,pp,pp,DCE,2703,,,,8600.0,6000.0,,,8600.0,,,94.0,0.0,0.0,,,,,,,,,,,,,,,,,,,,,,,,,,,,,,,,,,,,,,,,,,,,,
2026-07-28,COMMODITY,pp,pp,DCE,2704,,,,9200.0,7000.0,,,7000.0,,,73.0,0.0,0.0,,,,,,,,,,,,,,,,,,,,,,,,,,,,,,,,,,,,,,,,,,,,,
2026-07-28,COMMODITY,pp,pp,DCE,2705,,,,7600.0,6800.0,,,7600.0,,,19.0,0.0,0.0,,,,,,,,,,,,,,,,,,,,,,,,,,,,,,,,,,,,,,,,,,,,,
2026-07-28,COMMODITY,pp,pp,DCE,2706,,,,8200.0,6000.0,,,7600.0,,,5.0,2.0,4503.0,,,,,,,,,,,,,,,,,,,,,,,,,,,,,,,,,,,,,,,,,,,,,
2026-07-28,COMMODITY,pp,pp,DCE,2707,,,,6400.0,6400.0,,,6400.0,,,0.0,0.0,0.0,,,,,,,,,,,,,,,,,,,,,,,,,,,,,,,,,,,,,,,,,,,,,
2026-07-28,COMMODITY,v,v,DCE,2609,,,,6000.0,4300.0,,,5000.0,,,224775.0,118549.0,23336439.0,,,,,,,,,,,,,,,,,,,,,,,,,,,,,,,,,,,,,,,,,,,,,
2026-07-28,COMMODITY,v,v,DCE,2610,,,,4800.0,4300.0,,,4800.0,,,27317.0,5756.0,2367453.0,,,,,,,,,,,,,,,,,,,,,,,,,,,,,,,,,,,,,,,,,,,,,
2026-07-28,COMMODITY,v,v,DCE,2611,,,,6800.0,4700.0,,,6800.0,,,4555.0,140.0,40508.0,,,,,,,,,,,,,,,,,,,,,,,,,,,,,,,,,,,,,,,,,,,,,
2026-07-28,COMMODITY,v,v,DCE,2612,,,,5000.0,4600.0,,,5000.0,,,291.0,1.0,78.0,,,,,,,,,,,,,,,,,,,,,,,,,,,,,,,,,,,,,,,,,,,,,
2026-07-28,COMMODITY,v,v,DCE,2701,,,,5200.0,4500.0,,,5200.0,,,1019.0,36.0,15291.0,,,,,,,,,,,,,,,,,,,,,,,,,,,,,,,,,,,,,,,,,,,,,
2026-07-28,COMMODITY,v,v,DCE,2702,,,,6200.0,4600.0,,,6200.0,,,103.0,2.0,1011.0,,,,,,,,,,,,,,,,,,,,,,,,,,,,,,,,,,,,,,,,,,,,,
2026-07-28,COMMODITY,v,v,DCE,2703,,,,4600.0,4600.0,,,4600.0,,,71.0,0.0,0.0,,,,,,,,,,,,,,,,,,,,,,,,,,,,,,,,,,,,,,,,,,,,,
2026-07-28,COMMODITY,v,v,DCE,2704,,,,5600.0,4700.0,,,5600.0,,,44.0,0.0,0.0,,,,,,,,,,,,,,,,,,,,,,,,,,,,,,,,,,,,,,,,,,,,,
2026-07-28,COMMODITY,v,v,DCE,2705,,,,6000.0,4500.0,,,5000.0,,,60.0,3.0,2918.0,,,,,,,,,,,,,,,,,,,,,,,,,,,,,,,,,,,,,,,,,,,,,
2026-07-28,COMMODITY,v,v,DCE,2706,,,,5600.0,4500.0,,,4500.0,,,22.0,0.0,0.0,,,,,,,,,,,,,,,,,,,,,,,,,,,,,,,,,,,,,,,,,,,,,
2026-07-28,COMMODITY,v,v,DCE,2707,,,,5600.0,4500.0,,,5600.0,,,3.0,0.0,0.0,,,,,,,,,,,,,,,,,,,,,,,,,,,,,,,,,,,,,,,,,,,,,
2026-07-28,COMMODITY,y,y,DCE,2609,,,,9000.0,8200.0,,,8400.0,,,115588.0,77386.0,28015170.0,,,,,,,,,,,,,,,,,,,,,,,,,,,,,,,,,,,,,,,,,,,,,
2026-07-28,COMMODITY,y,y,DCE,2611,,,,8800.0,8300.0,,,8800.0,,,7812.0,1957.0,1432655.0,,,,,,,,,,,,,,,,,,,,,,,,,,,,,,,,,,,,,,,,,,,,,
2026-07-28,COMMODITY,y,y,DCE,2612,,,,8800.0,6800.0,,,9000.0,,,3738.0,1084.0,1699875.0,,,,,,,,,,,,,,,,,,,,,,,,,,,,,,,,,,,,,,,,,,,,,
2026-07-28,COMMODITY,y,y,DCE,2701,,,,9800.0,7800.0,,,9800.0,,,641.0,6.0,5990.0,,,,,,,,,,,,,,,,,,,,,,,,,,,,,,,,,,,,,,,,,,,,,
2026-07-28,COMMODITY,y,y,DCE,2703,,,,9800.0,7200.0,,,9800.0,,,916.0,0.0,0.0,,,,,,,,,,,,,,,,,,,,,,,,,,,,,,,,,,,,,,,,,,,,,
2026-07-28,COMMODITY,y,y,DCE,2705,,,,9200.0,7800.0,,,9200.0,,,879.0,3.0,16125.0,,,,,,,,,,,,,,,,,,,,,,,,,,,,,,,,,,,,,,,,,,,,,
2026-07-28,COMMODITY,y,y,DCE,2707,,,,8200.0,8000.0,,,9000.0,,,35.0,3.0,5330.0,,,,,,,,,,,,,,,,,,,,,,,,,,,,,,,,,,,,,,,,,,,,,
2026-07-28,COMMODITY,lc,lc,GFEX,2609,,,,170000.0,130000.0,,,160000.0,,,292561.0,471966.0,934946760.0,,,,,,,,,,,,,,,,,,,,,,,,,,,,,,,,,,,,,,,,,,,,,
2026-07-28,COMMODITY,lc,lc,GFEX,2610,,,,200000.0,100000.0,,,100000.0,,,3281.0,1063.0,1993570.0,,,,,,,,,,,,,,,,,,,,,,,,,,,,,,,,,,,,,,,,,,,,,
2026-07-28,COMMODITY,lc,lc,GFEX,2611,,,,160000.0,180000.0,,,160000.0,,,3068.0,329.0,2532040.0,,,,,,,,,,,,,,,,,,,,,,,,,,,,,,,,,,,,,,,,,,,,,
2026-07-28,COMMODITY,lc,lc,GFEX,2612,,,,246000.0,87000.0,,,100000.0,,,782.0,7.0,8490.0,,,,,,,,,,,,,,,,,,,,,,,,,,,,,,,,,,,,,,,,,,,,,
2026-07-28,COMMODITY,lc,lc,GFEX,2701,,,,246000.0,140000.0,,,140000.0,,,3937.0,632.0,5017260.0,,,,,,,,,,,,,,,,,,,,,,,,,,,,,,,,,,,,,,,,,,,,,
2026-07-28,COMMODITY,lc,lc,GFEX,2702,,,,246000.0,120000.0,,,244000.0,,,285.0,22.0,47290.0,,,,,,,,,,,,,,,,,,,,,,,,,,,,,,,,,,,,,,,,,,,,,
2026-07-28,COMMODITY,lc,lc,GFEX,2703,,,,244000.0,116000.0,,,244000.0,,,262.0,0.0,0.0,,,,,,,,,,,,,,,,,,,,,,,,,,,,,,,,,,,,,,,,,,,,,
2026-07-28,COMMODITY,lc,lc,GFEX,2704,,,,216000.0,136000.0,,,216000.0,,,295.0,0.0,0.0,,,,,,,,,,,,,,,,,,,,,,,,,,,,,,,,,,,,,,,,,,,,,
2026-07-28,COMMODITY,lc,lc,GFEX,2705,,,,220000.0,140000.0,,,220000.0,,,600.0,0.0,0.0,,,,,,,,,,,,,,,,,,,,,,,,,,,,,,,,,,,,,,,,,,,,,
2026-07-28,COMMODITY,lc,lc,GFEX,2706,,,,202000.0,106000.0,,,106000.0,,,236.0,14.0,109670.0,,,,,,,,,,,,,,,,,,,,,,,,,,,,,,,,,,,,,,,,,,,,,
2026-07-28,COMMODITY,pd,pd,GFEX,2610,,,,672.0,280.0,,,304.0,,,1193.0,83.0,237150.0,,,,,,,,,,,,,,,,,,,,,,,,,,,,,,,,,,,,,,,,,,,,,
2026-07-28,COMMODITY,pd,pd,GFEX,2612,,,,496.0,284.0,,,496.0,,,145.0,0.0,0.0,,,,,,,,,,,,,,,,,,,,,,,,,,,,,,,,,,,,,,,,,,,,,
2026-07-28,COMMODITY,pd,pd,GFEX,2702,,,,568.0,284.0,,,356.0,,,96.0,48.0,818500.0,,,,,,,,,,,,,,,,,,,,,,,,,,,,,,,,,,,,,,,,,,,,,
2026-07-28,COMMODITY,pd,pd,GFEX,2704,,,,480.0,272.0,,,288.0,,,98.0,261.0,5275700.0,,,,,,,,,,,,,,,,,,,,,,,,,,,,,,,,,,,,,,,,,,,,,
2026-07-28,COMMODITY,pd,pd,GFEX,2706,,,,424.0,220.0,,,280.0,,,80.0,53.0,1048550.0,,,,,,,,,,,,,,,,,,,,,,,,,,,,,,,,,,,,,,,,,,,,,
2026-07-28,COMMODITY,ps,ps,GFEX,2609,,,,40000.0,32000.0,,,38000.0,,,173149.0,154383.0,108477948.0,,,,,,,,,,,,,,,,,,,,,,,,,,,,,,,,,,,,,,,,,,,,,
2026-07-28,COMMODITY,ps,ps,GFEX,2610,,,,36000.0,30500.0,,,36000.0,,,2758.0,762.0,1112643.0,,,,,,,,,,,,,,,,,,,,,,,,,,,,,,,,,,,,,,,,,,,,,
2026-07-28,COMMODITY,ps,ps,GFEX,2611,,,,60000.0,29000.0,,,50000.0,,,2592.0,290.0,470640.0,,,,,,,,,,,,,,,,,,,,,,,,,,,,,,,,,,,,,,,,,,,,,
2026-07-28,COMMODITY,ps,ps,GFEX,2612,,,,32000.0,32000.0,,,40000.0,,,1074.0,34.0,162507.0,,,,,,,,,,,,,,,,,,,,,,,,,,,,,,,,,,,,,,,,,,,,,
2026-07-28,COMMODITY,ps,ps,GFEX,2701,,,,40000.0,32000.0,,,40000.0,,,860.0,34.0,40821.0,,,,,,,,,,,,,,,,,,,,,,,,,,,,,,,,,,,,,,,,,,,,,
2026-07-28,COMMODITY,ps,ps,GFEX,2702,,,,54000.0,32000.0,,,32000.0,,,185.0,2.0,3108.0,,,,,,,,,,,,,,,,,,,,,,,,,,,,,,,,,,,,,,,,,,,,,
2026-07-28,COMMODITY,ps,ps,GFEX,2703,,,,50000.0,32500.0,,,52000.0,,,152.0,1.0,2328.0,,,,,,,,,,,,,,,,,,,,,,,,,,,,,,,,,,,,,,,,,,,,,
2026-07-28,COMMODITY,ps,ps,GFEX,2704,,,,44000.0,42000.0,,,44000.0,,,177.0,9.0,47982.0,,,,,,,,,,,,,,,,,,,,,,,,,,,,,,,,,,,,,,,,,,,,,
2026-07-28,COMMODITY,ps,ps,GFEX,2705,,,,47000.0,32000.0,,,47000.0,,,53.0,9.0,41064.0,,,,,,,,,,,,,,,,,,,,,,,,,,,,,,,,,,,,,,,,,,,,,
2026-07-28,COMMODITY,ps,ps,GFEX,2706,,,,49000.0,35500.0,,,47000.0,,,49.0,2.0,12315.0,,,,,,,,,,,,,,,,,,,,,,,,,,,,,,,,,,,,,,,,,,,,,
2026-07-28,COMMODITY,pt,pt,GFEX,2610,,,,912.0,332.0,,,400.0,,,2285.0,144.0,681750.0,,,,,,,,,,,,,,,,,,,,,,,,,,,,,,,,,,,,,,,,,,,,,
2026-07-28,COMMODITY,pt,pt,GFEX,2612,,,,920.0,440.0,,,920.0,,,1129.0,8.0,5750.0,,,,,,,,,,,,,,,,,,,,,,,,,,,,,,,,,,,,,,,,,,,,,
2026-07-28,COMMODITY,pt,pt,GFEX,2702,,,,648.0,300.0,,,648.0,,,388.0,43.0,264000.0,,,,,,,,,,,,,,,,,,,,,,,,,,,,,,,,,,,,,,,,,,,,,
2026-07-28,COMMODITY,pt,pt,GFEX,2704,,,,664.0,360.0,,,464.0,,,255.0,26.0,257750.0,,,,,,,,,,,,,,,,,,,,,,,,,,,,,,,,,,,,,,,,,,,,,
2026-07-28,COMMODITY,pt,pt,GFEX,2706,,,,512.0,300.0,,,300.0,,,45.0,0.0,0.0,,,,,,,,,,,,,,,,,,,,,,,,,,,,,,,,,,,,,,,,,,,,,
2026-07-28,COMMODITY,si,si,GFEX,2609,,,,10800.0,8000.0,,,8000.0,,,171822.0,139819.0,30708315.0,,,,,,,,,,,,,,,,,,,,,,,,,,,,,,,,,,,,,,,,,,,,,
2026-07-28,COMMODITY,si,si,GFEX,2610,,,,9000.0,8100.0,,,9000.0,,,10568.0,3883.0,1931840.0,,,,,,,,,,,,,,,,,,,,,,,,,,,,,,,,,,,,,,,,,,,,,
2026-07-28,COMMODITY,si,si,GFEX,2611,,,,9000.0,7000.0,,,9000.0,,,590.0,10.0,3255.0,,,,,,,,,,,,,,,,,,,,,,,,,,,,,,,,,,,,,,,,,,,,,
2026-07-28,COMMODITY,si,si,GFEX,2612,,,,9000.0,7300.0,,,9000.0,,,541.0,0.0,0.0,,,,,,,,,,,,,,,,,,,,,,,,,,,,,,,,,,,,,,,,,,,,,
2026-07-28,COMMODITY,si,si,GFEX,2701,,,,10200.0,7400.0,,,10200.0,,,1471.0,0.0,0.0,,,,,,,,,,,,,,,,,,,,,,,,,,,,,,,,,,,,,,,,,,,,,
2026-07-28,COMMODITY,si,si,GFEX,2702,,,,10000.0,8300.0,,,10000.0,,,295.0,0.0,0.0,,,,,,,,,,,,,,,,,,,,,,,,,,,,,,,,,,,,,,,,,,,,,
2026-07-28,COMMODITY,si,si,GFEX,2703,,,,10200.0,8200.0,,,8200.0,,,361.0,0.0,0.0,,,,,,,,,,,,,,,,,,,,,,,,,,,,,,,,,,,,,,,,,,,,,
2026-07-28,COMMODITY,si,si,GFEX,2704,,,,7900.0,8200.0,,,7900.0,,,213.0,0.0,0.0,,,,,,,,,,,,,,,,,,,,,,,,,,,,,,,,,,,,,,,,,,,,,
2026-07-28,COMMODITY,si,si,GFEX,2705,,,,9000.0,7800.0,,,9000.0,,,539.0,0.0,0.0,,,,,,,,,,,,,,,,,,,,,,,,,,,,,,,,,,,,,,,,,,,,,
2026-07-28,COMMODITY,si,si,GFEX,2706,,,,8300.0,8100.0,,,9200.0,,,138.0,3.0,6695.0,,,,,,,,,,,,,,,,,,,,,,,,,,,,,,,,,,,,,,,,,,,,,
2026-07-28,COMMODITY,si,si,GFEX,2707,,,,9600.0,8400.0,,,9800.0,,,60.0,8.0,13715.0,,,,,,,,,,,,,,,,,,,,,,,,,,,,,,,,,,,,,,,,,,,,,
2026-07-28,COMMODITY,ad,ad,SHFE,2609,,,,25000.0,21200.0,,,22800.0,,,1251.0,529.0,639240.0,,,,,,,,,,,,,,,,,,,,,,,,,,,,,,,,,,,,,,,,,,,,,
2026-07-28,COMMODITY,ad,ad,SHFE,2610,,,,20000.0,22000.0,,,22000.0,,,1.0,1.0,1310.0,,,,,,,,,,,,,,,,,,,,,,,,,,,,,,,,,,,,,,,,,,,,,
2026-07-28,COMMODITY,ag,ag,SHFE,2609,,,,16000.0,13000.0,,,13000.0,,,49783.0,204591.0,1088095264.0,,,,,,,,,,,,,,,,,,,,,,,,,,,,,,,,,,,,,,,,,,,,,
2026-07-28,COMMODITY,ag,ag,SHFE,2610,,,,15000.0,13000.0,,,15000.0,,,40564.0,19545.0,171167179.0,,,,,,,,,,,,,,,,,,,,,,,,,,,,,,,,,,,,,,,,,,,,,
2026-07-28,COMMODITY,ag,ag,SHFE,2612,,,,35900.0,14000.0,,,35900.0,,,17603.0,2939.0,49326161.0,,,,,,,,,,,,,,,,,,,,,,,,,,,,,,,,,,,,,,,,,,,,,
2026-07-28,COMMODITY,al,al,SHFE,2609,,,,24000.0,22000.0,,,24000.0,,,60374.0,59130.0,36524600.0,,,,,,,,,,,,,,,,,,,,,,,,,,,,,,,,,,,,,,,,,,,,,
2026-07-28,COMMODITY,al,al,SHFE,2610,,,,23600.0,22000.0,,,23600.0,,,6356.0,3127.0,2918445.0,,,,,,,,,,,,,,,,,,,,,,,,,,,,,,,,,,,,,,,,,,,,,
2026-07-28,COMMODITY,al,al,SHFE,2611,,,,25800.0,19900.0,,,24200.0,,,499.0,14.0,13110.0,,,,,,,,,,,,,,,,,,,,,,,,,,,,,,,,,,,,,,,,,,,,,
2026-07-28,COMMODITY,al,al,SHFE,2612,,,,27800.0,21000.0,,,24400.0,,,1602.0,15.0,16350.0,,,,,,,,,,,,,,,,,,,,,,,,,,,,,,,,,,,,,,,,,,,,,
2026-07-28,COMMODITY,al,al,SHFE,2701,,,,26200.0,19900.0,,,23800.0,,,54.0,2.0,5610.0,,,,,,,,,,,,,,,,,,,,,,,,,,,,,,,,,,,,,,,,,,,,,
2026-07-28,COMMODITY,ao,ao,SHFE,2609,,,,3000.0,2650.0,,,2800.0,,,118151.0,54499.0,30775310.0,,,,,,,,,,,,,,,,,,,,,,,,,,,,,,,,,,,,,,,,,,,,,
2026-07-28,COMMODITY,ao,ao,SHFE,2610,,,,2800.0,2650.0,,,2800.0,,,14041.0,8854.0,7122030.0,,,,,,,,,,,,,,,,,,,,,,,,,,,,,,,,,,,,,,,,,,,,,
2026-07-28,COMMODITY,ao,ao,SHFE,2611,,,,2850.0,2600.0,,,2650.0,,,86.0,18.0,13930.0,,,,,,,,,,,,,,,,,,,,,,,,,,,,,,,,,,,,,,,,,,,,,
2026-07-28,COMMODITY,ao,ao,SHFE,2701,,,,3000.0,2750.0,,,3000.0,,,760.0,100.0,135970.0,,,,,,,,,,,,,,,,,,,,,,,,,,,,,,,,,,,,,,,,,,,,,
2026-07-28,COMMODITY,au,au,SHFE,2609,,,,1000.0,800.0,,,1000.0,,,10475.0,20511.0,119566160.0,,,,,,,,,,,,,,,,,,,,,,,,,,,,,,,,,,,,,,,,,,,,,
2026-07-28,COMMODITY,au,au,SHFE,2610,,,,1000.0,800.0,,,1000.0,,,32114.0,16159.0,230284780.0,,,,,,,,,,,,,,,,,,,,,,,,,,,,,,,,,,,,,,,,,,,,,
2026-07-28,COMMODITY,au,au,SHFE,2612,,,,960.0,840.0,,,920.0,,,13404.0,818.0,20196880.0,,,,,,,,,,,,,,,,,,,,,,,,,,,,,,,,,,,,,,,,,,,,,
2026-07-28,COMMODITY,au,au,SHFE,2702,,,,1088.0,704.0,,,920.0,,,18.0,20.0,662720.0,,,,,,,,,,,,,,,,,,,,,,,,,,,,,,,,,,,,,,,,,,,,,
2026-07-28,COMMODITY,bc,bc,SHFE,2609,,,,112000.0,80000.0,,,80000.0,,,2873.0,1609.0,2633970.0,,,,,,,,,,,,,,,,,,,,,,,,,,,,,,,,,,,,,,,,,,,,,
2026-07-28,COMMODITY,bc,bc,SHFE,2610,,,,96000.0,80000.0,,,96000.0,,,2.0,4.0,23210.0,,,,,,,,,,,,,,,,,,,,,,,,,,,,,,,,,,,,,,,,,,,,,
2026-07-28,COMMODITY,br,br,SHFE,2609,,,,14000.0,12000.0,,,12000.0,,,16429.0,22014.0,22629610.0,,,,,,,,,,,,,,,,,,,,,,,,,,,,,,,,,,,,,,,,,,,,,
2026-07-28,COMMODITY,br,br,SHFE,2610,,,,16600.0,12000.0,,,13800.0,,,1860.0,562.0,847150.0,,,,,,,,,,,,,,,,,,,,,,,,,,,,,,,,,,,,,,,,,,,,,
2026-07-28,COMMODITY,br,br,SHFE,2611,,,,15800.0,11400.0,,,11000.0,,,183.0,30.0,28930.0,,,,,,,,,,,,,,,,,,,,,,,,,,,,,,,,,,,,,,,,,,,,,
2026-07-28,COMMODITY,bu,bu,SHFE,2609,,,,4300.0,3500.0,,,4000.0,,,32503.0,18611.0,14002375.0,,,,,,,,,,,,,,,,,,,,,,,,,,,,,,,,,,,,,,,,,,,,,
2026-07-28,COMMODITY,bu,bu,SHFE,2610,,,,4050.0,3200.0,,,3600.0,,,1427.0,865.0,822180.0,,,,,,,,,,,,,,,,,,,,,,,,,,,,,,,,,,,,,,,,,,,,,
2026-07-28,COMMODITY,bu,bu,SHFE,2611,,,,4450.0,3300.0,,,4450.0,,,53.0,4.0,1870.0,,,,,,,,,,,,,,,,,,,,,,,,,,,,,,,,,,,,,,,,,,,,,
2026-07-28,COMMODITY,bu,bu,SHFE,2612,,,,4100.0,3100.0,,,3250.0,,,94.0,40.0,25640.0,,,,,,,,,,,,,,,,,,,,,,,,,,,,,,,,,,,,,,,,,,,,,
2026-07-28,COMMODITY,cu,cu,SHFE,2609,,,,110000.0,100000.0,,,110000.0,,,64026.0,86825.0,308513050.0,,,,,,,,,,,,,,,,,,,,,,,,,,,,,,,,,,,,,,,,,,,,,
2026-07-28,COMMODITY,cu,cu,SHFE,2610,,,,110000.0,96000.0,,,96000.0,,,16510.0,5363.0,26230460.0,,,,,,,,,,,,,,,,,,,,,,,,,,,,,,,,,,,,,,,,,,,,,
2026-07-28,COMMODITY,cu,cu,SHFE,2611,,,,106000.0,98000.0,,,108000.0,,,5451.0,2043.0,18743100.0,,,,,,,,,,,,,,,,,,,,,,,,,,,,,,,,,,,,,,,,,,,,,
2026-07-28,COMMODITY,cu,cu,SHFE,2612,,,,110000.0,78000.0,,,110000.0,,,2628.0,346.0,1326700.0,,,,,,,,,,,,,,,,,,,,,,,,,,,,,,,,,,,,,,,,,,,,,
2026-07-28,COMMODITY,cu,cu,SHFE,2701,,,,110000.0,84000.0,,,110000.0,,,856.0,48.0,334650.0,,,,,,,,,,,,,,,,,,,,,,,,,,,,,,,,,,,,,,,,,,,,,
2026-07-28,COMMODITY,cu,cu,SHFE,2702,,,,120000.0,86000.0,,,96000.0,,,203.0,22.0,217510.0,,,,,,,,,,,,,,,,,,,,,,,,,,,,,,,,,,,,,,,,,,,,,
2026-07-28,COMMODITY,cu,cu,SHFE,2703,,,,114000.0,84000.0,,,120000.0,,,832.0,82.0,740950.0,,,,,,,,,,,,,,,,,,,,,,,,,,,,,,,,,,,,,,,,,,,,,
2026-07-28,COMMODITY,cu,cu,SHFE,2704,,,,112000.0,94000.0,,,112000.0,,,1979.0,253.0,5849100.0,,,,,,,,,,,,,,,,,,,,,,,,,,,,,,,,,,,,,,,,,,,,,
2026-07-28,COMMODITY,fu,fu,SHFE,2609,,,,4500.0,3000.0,,,3000.0,,,129856.0,176874.0,126724035.0,,,,,,,,,,,,,,,,,,,,,,,,,,,,,,,,,,,,,,,,,,,,,
2026-07-28,COMMODITY,fu,fu,SHFE,2610,,,,3500.0,2200.0,,,2600.0,,,10602.0,6724.0,9043145.0,,,,,,,,,,,,,,,,,,,,,,,,,,,,,,,,,,,,,,,,,,,,,
2026-07-28,COMMODITY,fu,fu,SHFE,2611,,,,4600.0,2700.0,,,4600.0,,,2172.0,579.0,457565.0,,,,,,,,,,,,,,,,,,,,,,,,,,,,,,,,,,,,,,,,,,,,,
2026-07-28,COMMODITY,fu,fu,SHFE,2701,,,,3500.0,3500.0,,,4200.0,,,1135.0,162.0,225750.0,,,,,,,,,,,,,,,,,,,,,,,,,,,,,,,,,,,,,,,,,,,,,
2026-07-28,COMMODITY,ni,ni,SHFE,2609,,,,140000.0,120000.0,,,140000.0,,,36017.0,69662.0,73556936.0,,,,,,,,,,,,,,,,,,,,,,,,,,,,,,,,,,,,,,,,,,,,,
2026-07-28,COMMODITY,ni,ni,SHFE,2610,,,,152000.0,132000.0,,,132000.0,,,2647.0,1814.0,3923606.0,,,,,,,,,,,,,,,,,,,,,,,,,,,,,,,,,,,,,,,,,,,,,
2026-07-28,COMMODITY,ni,ni,SHFE,2611,,,,148000.0,116000.0,,,150000.0,,,214.0,89.0,88924.0,,,,,,,,,,,,,,,,,,,,,,,,,,,,,,,,,,,,,,,,,,,,,
2026-07-28,COMMODITY,ni,ni,SHFE,2612,,,,148000.0,110000.0,,,122000.0,,,275.0,189.0,268070.0,,,,,,,,,,,,,,,,,,,,,,,,,,,,,,,,,,,,,,,,,,,,,
2026-07-28,COMMODITY,nr,nr,SHFE,2609,,,,15000.0,14000.0,,,15000.0,,,4525.0,4887.0,3614790.0,,,,,,,,,,,,,,,,,,,,,,,,,,,,,,,,,,,,,,,,,,,,,
2026-07-28,COMMODITY,nr,nr,SHFE,2610,,,,17800.0,12200.0,,,14800.0,,,471.0,58.0,112770.0,,,,,,,,,,,,,,,,,,,,,,,,,,,,,,,,,,,,,,,,,,,,,
2026-07-28,COMMODITY,nr,nr,SHFE,2611,,,,16800.0,13400.0,,,16400.0,,,577.0,395.0,644860.0,,,,,,,,,,,,,,,,,,,,,,,,,,,,,,,,,,,,,,,,,,,,,
2026-07-28,COMMODITY,nr,nr,SHFE,2701,,,,17600.0,12400.0,,,17200.0,,,886.0,662.0,1358080.0,,,,,,,,,,,,,,,,,,,,,,,,,,,,,,,,,,,,,,,,,,,,,
2026-07-28,COMMODITY,op,op,SHFE,2609,,,,3950.0,3500.0,,,3950.0,,,935.0,777.0,1692440.0,,,,,,,,,,,,,,,,,,,,,,,,,,,,,,,,,,,,,,,,,,,,,
2026-07-28,COMMODITY,op,op,SHFE,2610,,,,3950.0,3900.0,,,4000.0,,,26.0,58.0,167480.0,,,,,,,,,,,,,,,,,,,,,,,,,,,,,,,,,,,,,,,,,,,,,
2026-07-28,COMMODITY,pb,pb,SHFE,2609,,,,16000.0,15600.0,,,15800.0,,,8431.0,7529.0,3119195.0,,,,,,,,,,,,,,,,,,,,,,,,,,,,,,,,,,,,,,,,,,,,,
2026-07-28,COMMODITY,pb,pb,SHFE,2610,,,,18000.0,13800.0,,,17000.0,,,738.0,930.0,150200.0,,,,,,,,,,,,,,,,,,,,,,,,,,,,,,,,,,,,,,,,,,,,,
2026-07-28,COMMODITY,rb,rb,SHFE,2609,,,,3100.0,3050.0,,,3100.0,,,3587.0,2963.0,374160.0,,,,,,,,,,,,,,,,,,,,,,,,,,,,,,,,,,,,,,,,,,,,,
2026-07-28,COMMODITY,rb,rb,SHFE,2610,,,,3200.0,2600.0,,,3000.0,,,299260.0,81744.0,21016975.0,,,,,,,,,,,,,,,,,,,,,,,,,,,,,,,,,,,,,,,,,,,,,
2026-07-28,COMMODITY,rb,rb,SHFE,2611,,,,3350.0,2950.0,,,3150.0,,,107.0,18.0,9235.0,,,,,,,,,,,,,,,,,,,,,,,,,,,,,,,,,,,,,,,,,,,,,
2026-07-28,COMMODITY,rb,rb,SHFE,2701,,,,3500.0,3000.0,,,3500.0,,,2775.0,128.0,34555.0,,,,,,,,,,,,,,,,,,,,,,,,,,,,,,,,,,,,,,,,,,,,,
2026-07-28,COMMODITY,ru,ru,SHFE,2609,,,,18000.0,16000.0,,,16000.0,,,63038.0,41855.0,66535480.0,,,,,,,,,,,,,,,,,,,,,,,,,,,,,,,,,,,,,,,,,,,,,
2026-07-28,COMMODITY,ru,ru,SHFE,2610,,,,14750.0,14750.0,,,14750.0,,,0.0,0.0,0.0,,,,,,,,,,,,,,,,,,,,,,,,,,,,,,,,,,,,,,,,,,,,,
2026-07-28,COMMODITY,ru,ru,SHFE,2701,,,,21500.0,16250.0,,,21500.0,,,11117.0,1983.0,8041650.0,,,,,,,,,,,,,,,,,,,,,,,,,,,,,,,,,,,,,,,,,,,,,
2026-07-28,COMMODITY,sc,sc,SHFE,2609,,,,880.0,450.0,,,500.0,,,77177.0,168664.0,1440695400.0,,,,,,,,,,,,,,,,,,,,,,,,,,,,,,,,,,,,,,,,,,,,,
2026-07-28,COMMODITY,sc,sc,SHFE,2610,,,,710.0,450.0,,,710.0,,,8121.0,5297.0,84749850.0,,,,,,,,,,,,,,,,,,,,,,,,,,,,,,,,,,,,,,,,,,,,,
2026-07-28,COMMODITY,sc,sc,SHFE,2611,,,,710.0,445.0,,,460.0,,,67.0,51.0,769400.0,,,,,,,,,,,,,,,,,,,,,,,,,,,,,,,,,,,,,,,,,,,,,
2026-07-28,COMMODITY,sc,sc,SHFE,2612,,,,850.0,405.0,,,850.0,,,2231.0,294.0,4121100.0,,,,,,,,,,,,,,,,,,,,,,,,,,,,,,,,,,,,,,,,,,,,,
2026-07-28,COMMODITY,sn,sn,SHFE,2609,,,,450000.0,350000.0,,,350000.0,,,15115.0,38747.0,193391890.0,,,,,,,,,,,,,,,,,,,,,,,,,,,,,,,,,,,,,,,,,,,,,
2026-07-28,COMMODITY,sn,sn,SHFE,2610,,,,490000.0,315000.0,,,420000.0,,,1061.0,393.0,3167708.0,,,,,,,,,,,,,,,,,,,,,,,,,,,,,,,,,,,,,,,,,,,,,
2026-07-28,COMMODITY,sn,sn,SHFE,2611,,,,480000.0,340000.0,,,485000.0,,,60.0,130.0,944304.0,,,,,,,,,,,,,,,,,,,,,,,,,,,,,,,,,,,,,,,,,,,,,
2026-07-28,COMMODITY,sp,sp,SHFE,2609,,,,5000.0,5000.0,,,5000.0,,,62370.0,28464.0,14678400.0,,,,,,,,,,,,,,,,,,,,,,,,,,,,,,,,,,,,,,,,,,,,,
2026-07-28,COMMODITY,sp,sp,SHFE,2610,,,,4450.0,4450.0,,,4450.0,,,0.0,0.0,0.0,,,,,,,,,,,,,,,,,,,,,,,,,,,,,,,,,,,,,,,,,,,,,
2026-07-28,COMMODITY,sp,sp,SHFE,2611,,,,5800.0,4250.0,,,5000.0,,,5989.0,2073.0,1944910.0,,,,,,,,,,,,,,,,,,,,,,,,,,,,,,,,,,,,,,,,,,,,,
2026-07-28,COMMODITY,sp,sp,SHFE,2701,,,,5700.0,4900.0,,,4400.0,,,1269.0,277.0,109970.0,,,,,,,,,,,,,,,,,,,,,,,,,,,,,,,,,,,,,,,,,,,,,
2026-07-28,COMMODITY,zn,zn,SHFE,2609,,,,25000.0,24000.0,,,24000.0,,,20310.0,23260.0,20402670.0,,,,,,,,,,,,,,,,,,,,,,,,,,,,,,,,,,,,,,,,,,,,,
2026-07-28,COMMODITY,zn,zn,SHFE,2610,,,,23000.0,25500.0,,,25500.0,,,1137.0,347.0,1050780.0,,,,,,,,,,,,,,,,,,,,,,,,,,,,,,,,,,,,,,,,,,,,,
2026-07-28,COMMODITY,zn,zn,SHFE,2611,,,,27500.0,23600.0,,,27500.0,,,150.0,0.0,0.0,,,,,,,,,,,,,,,,,,,,,,,,,,,,,,,,,,,,,,,,,,,,,
