market_type,underlying,commodity,exchange,contract_month,underlying_price,call_wall,put_wall,call_oi_wall,put_oi_wall,max_gamma_strike,net_gamma_strike,gex_flip,price_wall,net_gex,total_abs_gex,call_gex_total,put_gex_abs_total,gex_ratio,call_gex_share,put_gex_share,total_oi,total_volume,total_amount,gamma_regime,volume_wall,amount_wall
ETF,上证50ETF华夏,,,12月,3.079,3.0,2.8,3.5,2.8,3.0,3.0,3.1,3.0,21075683.793568082,69539255.78671247,45307469.79014028,24231785.99657219,1.869753628418039,0.651538030966354,0.348461969033646,84961.0,12919.0,,Positive Gamma,,
ETF,上证50ETF华夏,,,7月,3.079,3.1,3.1,3.2,3.0,3.1,3.1,3.1,3.1,585675721.333093,1041432908.6004486,813554314.9667708,227878593.6336777,3.5701217125930924,0.781187446880359,0.21881255311964082,495612.0,682701.0,,Positive Gamma,,
ETF,上证50ETF华夏,,,8月,3.079,3.1,3.0,3.1,3.0,3.1,3.1,3.1,3.1,307168390.8621774,829550140.456964,568359265.6595707,261190874.79739326,2.176030330693785,0.6851415459305277,0.31485845406947227,531652.0,533999.0,,Positive Gamma,,
ETF,上证50ETF华夏,,,9月,3.079,3.1,2.65,3.6,2.65,3.1,3.1,3.1,3.2,142023191.4141989,382813318.8853829,262418255.1497909,120395063.73559201,2.1796429771083137,0.6854992817748874,0.31450071822511266,438460.0,348813.0,,Positive Gamma,,
ETF,中证500ETF南方,,,12月,7.792,8.35,7.613,9.823,6.876,7.613,8.35,8.35,7.613,22880730.598497286,119529278.08005118,71205004.33927424,48324273.74077696,1.4734831757893565,0.595711824609087,0.40428817539091316,90978.0,22048.0,,Positive Gamma,,
ETF,中证500ETF南方,,,7月,7.792,8.0,7.75,8.841,7.5,7.75,8.0,7.75,7.75,331710104.88214517,1211727261.318349,771718683.1002469,440008578.2181018,1.7538719045557432,0.6368749038959671,0.3631250961040327,442410.0,1425293.0,,Positive Gamma,,
ETF,中证500ETF南方,,,8月,7.792,7.75,7.5,7.5,7.0,7.5,7.0,8.25,7.5,152018185.84919038,1138888644.1929061,645453415.0210483,493435229.1718579,1.3080813384652845,0.5667397056877852,0.4332602943122149,583037.0,855818.0,,Positive Gamma,,
ETF,中证500ETF南方,,,9月,7.792,8.35,6.631,9.823,6.385,6.631,6.631,,8.104,-117463627.01115906,541082637.00651,211809504.9976755,329273132.0088346,0.6432638572891289,0.3914550024548785,0.6085449975451217,419931.0,280984.0,,Negative Gamma,,
ETF,中证500ETF嘉实,,,12月,3.159,3.0,2.9,3.0,2.9,3.0,3.0,3.0,3.2,7889629.03891695,29751855.647254646,18820742.3430858,10931113.304168848,1.7217589662992558,0.6325905370820958,0.36740946291790433,52129.0,10567.0,,Positive Gamma,,
ETF,中证500ETF嘉实,,,7月,3.159,3.2,3.1,3.7,3.0,3.2,3.2,3.1,3.2,76022608.63206786,190362272.62932706,133192440.63069747,57169831.9986296,2.329767920848363,0.6996787692803472,0.3003212307196529,196001.0,322670.0,,Positive Gamma,,
ETF,中证500ETF嘉实,,,8月,3.159,3.4,3.1,3.4,3.1,3.4,3.4,3.2,3.3,35583221.256167516,95310671.0244811,65446946.14032431,29863724.884156793,2.1915198587650067,0.6866696607719179,0.313330339228082,110021.0,112174.0,,Positive Gamma,,
ETF,中证500ETF嘉实,,,9月,3.159,3.9,2.8,3.9,2.8,2.8,2.8,3.8,3.3,7556059.496561939,61592713.105435185,34574386.30099856,27018326.804436624,1.2796642275909245,0.5613389077667952,0.43866109223320476,104460.0,56905.0,,Positive Gamma,,
ETF,创业板ETF易方达,,,12月,3.709,3.9,3.2,4.8,3.2,3.2,3.2,4.0,3.7,8542529.25898153,41485378.39119515,25013953.825088337,16471424.56610681,1.518627227699507,0.6029583143538905,0.39704168564610953,84163.0,30657.0,,Positive Gamma,,
ETF,创业板ETF易方达,,,7月,3.709,3.7,3.7,4.8,3.4,3.7,3.8,3.8,3.7,153782755.9416524,1028620795.4768057,591201775.709229,437419019.76757663,1.351568516667074,0.574751918597158,0.42524808140284187,867204.0,2661256.0,,Positive Gamma,,
ETF,创业板ETF易方达,,,8月,3.709,3.8,3.5,3.8,3.5,3.5,4.0,4.1,3.6,74369822.84638922,596487493.6942469,335428658.2703181,261058835.42392883,1.2848776319928856,0.5623398006098939,0.43766019939010625,723464.0,1038383.0,,Positive Gamma,,
ETF,创业板ETF易方达,,,9月,3.709,3.9,2.9,4.8,2.85,3.9,2.9,,3.8,-11050344.141652282,253214151.0892778,121081903.47381279,132132247.61546504,0.9163690594758421,0.4781798448188701,0.52182015518113,509338.0,353474.0,,Negative Gamma,,
ETF,沪深300ETF华泰柏瑞,,,12月,4.787,5.0,4.4,6.0,4.3,5.0,5.0,4.9,5.0,31085356.63620506,90399354.76390249,60742355.700053774,29656999.06384872,2.048162579406002,0.6719335094669161,0.328066490533084,79129.0,15809.0,,Positive Gamma,,
ETF,沪深300ETF华泰柏瑞,,,7月,4.787,4.8,4.8,5.25,4.7,4.8,4.8,4.8,4.8,408574382.4380679,1079863718.1383967,744219050.2882323,335644667.85016435,2.217282506094988,0.689178678556966,0.31082132144303387,364406.0,648791.0,,Positive Gamma,,
ETF,沪深300ETF华泰柏瑞,,,8月,4.787,4.8,4.7,5.0,4.7,4.7,5.0,4.8,4.7,278644499.8391985,1072083242.5071483,675363871.1731733,396719371.3339749,1.7023718022698313,0.6299546941838057,0.3700453058161943,476936.0,577938.0,,Positive Gamma,,
ETF,沪深300ETF华泰柏瑞,,,9月,4.787,5.0,4.5,5.25,4.0,5.0,5.0,5.0,5.0,92848779.24377353,442243613.06544816,267546196.1546108,174697416.91083726,1.5314834122084475,0.6049746977691599,0.39502530223083987,375476.0,233253.0,,Positive Gamma,,
ETF,沪深300ETF嘉实,,,12月,4.995,5.25,4.6,5.25,4.6,5.25,5.25,5.25,4.8,7118094.178851752,22202555.941527747,14660325.060189752,7542230.881338,1.9437650863306632,0.6602989808380135,0.33970101916198675,19390.0,2174.0,,Positive Gamma,,
ETF,沪深300ETF嘉实,,,7月,4.995,5.0,5.0,5.5,4.6,5.0,5.0,4.9,5.0,165494499.10548526,283936641.02086717,224715570.06317627,59221070.95769101,3.794520538538025,0.7914285710193402,0.2085714289806602,112089.0,179468.0,,Positive Gamma,,
ETF,沪深300ETF嘉实,,,8月,4.995,5.0,4.9,5.0,4.9,5.0,5.0,5.0,5.0,68685829.5084075,180863636.91090757,124774733.20965749,56088903.70125,2.2245885545250323,0.6898829158849705,0.3101170841150291,84235.0,65547.0,,Positive Gamma,,
ETF,沪深300ETF嘉实,,,9月,4.995,5.25,4.2,6.25,4.2,5.25,5.25,5.25,5.0,23212763.242258497,93758492.364291,58485627.80327474,35272864.561016254,1.6580912418412808,0.6237901903971919,0.3762098096028081,89297.0,89304.0,,Positive Gamma,,
ETF,深证100ETF易方达,,,12月,3.81,4.5,4.5,4.5,4.5,4.5,3.9,3.8,3.9,1401997.0185810002,3812035.133979,2607016.0762799997,1205019.057699,2.1634646021766093,0.6838908836495423,0.31610911635045763,5443.0,2049.0,,Positive Gamma,,
ETF,深证100ETF易方达,,,7月,3.81,3.8,3.8,4.6,3.2,3.8,3.8,3.7,3.8,26919056.339199003,71205887.89439102,49062472.116795,22143415.777596,2.2156686488466177,0.6890226857301743,0.31097731426982556,59384.0,90730.0,,Positive Gamma,,
ETF,深证100ETF易方达,,,8月,3.81,3.8,3.7,4.2,3.7,3.8,4.0,4.2,3.8,2314223.581221,18821797.21116901,10568010.396195002,8253786.814974001,1.2803832511184494,0.5614772212041398,0.43852277879585994,16567.0,8056.0,,Positive Gamma,,
ETF,深证100ETF易方达,,,9月,3.81,3.9,3.0,4.6,3.0,3.0,3.0,4.6,3.9,98576.65768499929,12025762.738749001,6062169.698217,5963593.040531999,1.0165297425587254,0.5040985615559904,0.49590143844400936,22457.0,102092.0,,Positive Gamma,,
ETF,科创50ETF华夏,,,12月,2.016,2.55,1.3,2.55,1.3,2.55,2.55,2.2,2.0,8681697.193236481,39555206.14542336,24118451.669329923,15436754.476093443,1.5624043063379436,0.609741523799908,0.3902584762000922,211277.0,69033.0,,Positive Gamma,,
ETF,科创50ETF华夏,,,7月,2.016,2.0,1.95,2.55,1.5,2.0,2.05,2.0,2.0,179060850.08243713,454491339.5138458,316776094.79814136,137715244.7157043,2.300225334182033,0.6969903874009704,0.30300961259902925,1011215.0,2811575.0,,Positive Gamma,,
ETF,科创50ETF华夏,,,8月,2.016,2.55,1.9,2.55,1.9,1.9,2.55,2.15,2.0,60447268.18529281,259798195.7957837,160122731.99053827,99675463.80524546,1.6064408017543808,0.616335042281833,0.3836649577181671,746814.0,1287475.0,,Positive Gamma,,
ETF,科创50ETF华夏,,,9月,2.016,2.2,1.8,2.55,1.1,2.2,2.2,2.25,2.1,21646861.8863616,142472462.54137343,82059662.21386753,60412800.327505924,1.3583158166648632,0.5759685819288604,0.4240314180711398,810535.0,765769.0,,Positive Gamma,,
ETF,科创50ETF易方达,,,12月,1.952,2.15,2.15,2.15,1.25,2.15,1.25,2.15,2.0,996967.10848512,9125335.99090688,5061151.549695999,4064184.44121088,1.245305576778421,0.5546263233199614,0.4453736766800386,52241.0,12898.0,,Positive Gamma,,
ETF,科创50ETF易方达,,,7月,1.952,1.95,1.9,2.45,1.8,1.95,2.05,2.0,1.95,28683285.43880192,99019065.9238195,63851175.68131071,35167890.2425088,1.8156100704651117,0.6448371844916688,0.3551628155083313,227117.0,531208.0,,Positive Gamma,,
ETF,科创50ETF易方达,,,8月,1.952,2.45,1.85,2.45,1.85,1.85,2.45,2.1,2.0,11271954.690304,43247474.35490304,27259714.52260352,15987759.832299523,1.7050365284779705,0.6303192250928068,0.3696807749071932,133750.0,168403.0,,Positive Gamma,,
ETF,科创50ETF易方达,,,9月,1.952,1.8,1.75,1.8,1.1,1.75,2.15,2.15,1.9,5886458.518906878,29534809.966745596,17710634.24282624,11824175.72391936,1.4978324626044794,0.5996528930698162,0.4003471069301839,165981.0,162498.0,,Positive Gamma,,
COMMODITY,AP,AP,CZCE,2610,,,,10000.0,7000.0,,,,8000.0,,,,,,,,53270.0,14394.0,11550880.0,,8000.0,8000.0
COMMODITY,AP,AP,CZCE,2611,,,,9800.0,6800.0,,,,9800.0,,,,,,,,1034.0,1.0,4070.0,,7900.0,7900.0
COMMODITY,AP,AP,CZCE,2701,,,,8800.0,6600.0,,,,8800.0,,,,,,,,2845.0,222.0,237770.0,,6500.0,7000.0
COMMODITY,CF,CF,CZCE,2609,,,,17000.0,15000.0,,,,16000.0,,,,,,,,370516.0,139624.0,69815790.0,,16000.0,16000.0
COMMODITY,CF,CF,CZCE,2611,,,,16400.0,15400.0,,,,15800.0,,,,,,,,33486.0,9134.0,9532605.0,,16000.0,16000.0
COMMODITY,CF,CF,CZCE,2701,,,,18000.0,15800.0,,,,15600.0,,,,,,,,76380.0,7648.0,10981080.0,,15600.0,17000.0
COMMODITY,CF,CF,CZCE,2703,,,,18000.0,14800.0,,,,18000.0,,,,,,,,171.0,30.0,43305.0,,18000.0,18000.0
COMMODITY,CF,CF,CZCE,2705,,,,17800.0,14400.0,,,,17800.0,,,,,,,,912.0,98.0,220260.0,,17800.0,16000.0
COMMODITY,CJ,CJ,CZCE,2609,,,,11000.0,7600.0,,,,8500.0,,,,,,,,110672.0,67121.0,18606430.0,,8000.0,8000.0
COMMODITY,CJ,CJ,CZCE,2612,,,,10000.0,8700.0,,,,10000.0,,,,,,,,4777.0,400.0,375815.0,,10000.0,8500.0
COMMODITY,CJ,CJ,CZCE,2701,,,,10000.0,8500.0,,,,10000.0,,,,,,,,25071.0,4404.0,5150800.0,,8500.0,8500.0
COMMODITY,CJ,CJ,CZCE,2705,,,,9000.0,8200.0,,,,9000.0,,,,,,,,1694.0,39.0,42905.0,,10400.0,8300.0
COMMODITY,FG,FG,CZCE,2609,,,,1540.0,1000.0,,,,900.0,,,,,,,,980153.0,378583.0,101382720.0,,900.0,900.0
COMMODITY,FG,FG,CZCE,2610,,,,1080.0,930.0,,,,1080.0,,,,,,,,11961.0,7844.0,2060410.0,,1080.0,890.0
COMMODITY,FG,FG,CZCE,2611,,,,1200.0,850.0,,,,850.0,,,,,,,,30967.0,10513.0,4807800.0,,850.0,1000.0
COMMODITY,FG,FG,CZCE,2612,,,,940.0,1140.0,,,,1160.0,,,,,,,,524.0,226.0,531980.0,,880.0,1160.0
COMMODITY,FG,FG,CZCE,2701,,,,1480.0,1000.0,,,,1480.0,,,,,,,,16543.0,1441.0,600410.0,,1480.0,950.0
COMMODITY,FG,FG,CZCE,2703,,,,950.0,1160.0,,,,990.0,,,,,,,,404.0,462.0,1005090.0,,990.0,990.0
COMMODITY,FG,FG,CZCE,2705,,,,1280.0,1280.0,,,,1280.0,,,,,,,,513.0,247.0,682580.0,,1000.0,1220.0
COMMODITY,MA,MA,CZCE,2609,,,,3650.0,2300.0,,,,2500.0,,,,,,,,425358.0,568318.0,244197945.0,,3000.0,2700.0
COMMODITY,MA,MA,CZCE,2610,,,,3400.0,2300.0,,,,2400.0,,,,,,,,50019.0,34400.0,22532990.0,,2400.0,2700.0
COMMODITY,MA,MA,CZCE,2611,,,,3000.0,2200.0,,,,3050.0,,,,,,,,1764.0,120.0,67440.0,,3150.0,3150.0
COMMODITY,MA,MA,CZCE,2612,,,,2600.0,2225.0,,,,2350.0,,,,,,,,299.0,101.0,37440.0,,2225.0,2350.0
COMMODITY,MA,MA,CZCE,2701,,,,3300.0,2350.0,,,,3000.0,,,,,,,,10429.0,4609.0,4353010.0,,3000.0,3000.0
COMMODITY,MA,MA,CZCE,2703,,,,2650.0,2100.0,,,,2400.0,,,,,,,,276.0,7.0,7725.0,,2400.0,2400.0
COMMODITY,MA,MA,CZCE,2705,,,,2600.0,2350.0,,,,2350.0,,,,,,,,627.0,348.0,366615.0,,2350.0,2350.0
COMMODITY,OI,OI,CZCE,2609,,,,11200.0,9500.0,,,,10400.0,,,,,,,,53145.0,50252.0,29369970.0,,10400.0,10400.0
COMMODITY,OI,OI,CZCE,2611,,,,11400.0,9100.0,,,,11400.0,,,,,,,,5924.0,1858.0,4441275.0,,10800.0,10800.0
COMMODITY,OI,OI,CZCE,2701,,,,11200.0,9200.0,,,,11200.0,,,,,,,,4079.0,762.0,1995125.0,,11200.0,10600.0
COMMODITY,OI,OI,CZCE,2703,,,,10800.0,9600.0,,,,10800.0,,,,,,,,793.0,23.0,26075.0,,8800.0,10800.0
COMMODITY,OI,OI,CZCE,2705,,,,10400.0,8600.0,,,,8600.0,,,,,,,,153.0,13.0,14425.0,,8600.0,8600.0
COMMODITY,PF,PF,CZCE,2609,,,,7800.0,5900.0,,,,7500.0,,,,,,,,3485.0,990.0,505398.0,,7000.0,7500.0
COMMODITY,PF,PF,CZCE,2610,,,,7800.0,6300.0,,,,7300.0,,,,,,,,1020.0,149.0,123035.0,,8100.0,7400.0
COMMODITY,PF,PF,CZCE,2611,,,,8000.0,6500.0,,,,8000.0,,,,,,,,77.0,24.0,10680.0,,6500.0,8000.0
COMMODITY,PK,PK,CZCE,2610,,,,8500.0,8100.0,,,,8500.0,,,,,,,,108058.0,29354.0,9392381.0,,8500.0,8300.0
COMMODITY,PK,PK,CZCE,2611,,,,9000.0,8100.0,,,,8500.0,,,,,,,,21637.0,3950.0,1982483.0,,8200.0,8200.0
COMMODITY,PK,PK,CZCE,2612,,,,9300.0,8100.0,,,,8100.0,,,,,,,,11502.0,4732.0,2167158.0,,9200.0,8300.0
COMMODITY,PK,PK,CZCE,2701,,,,9400.0,7600.0,,,,7500.0,,,,,,,,463.0,36.0,4298.0,,7500.0,7500.0
COMMODITY,PL,PL,CZCE,2609,,,,7100.0,7800.0,,,,8200.0,,,,,,,,768.0,154.0,413190.0,,8200.0,8200.0
COMMODITY,PL,PL,CZCE,2610,,,,8300.0,6300.0,,,,7800.0,,,,,,,,345.0,294.0,1432960.0,,7800.0,7700.0
COMMODITY,PR,PR,CZCE,2609,,,,7600.0,6400.0,,,,7200.0,,,,,,,,1004.0,240.0,407874.0,,7600.0,7100.0
COMMODITY,PR,PR,CZCE,2610,,,,7800.0,6000.0,,,,7100.0,,,,,,,,489.0,200.0,522302.0,,7800.0,7100.0
COMMODITY,PR,PR,CZCE,2611,,,,6600.0,6500.0,,,,6500.0,,,,,,,,165.0,73.0,423773.0,,7300.0,6500.0
COMMODITY,PX,PX,CZCE,2609,,,,9000.0,7500.0,,,,7500.0,,,,,,,,102604.0,272985.0,76036121.0,,7500.0,8000.0
COMMODITY,PX,PX,CZCE,2610,,,,10000.0,7200.0,,,,9000.0,,,,,,,,2889.0,670.0,379213.0,,9000.0,9000.0
COMMODITY,PX,PX,CZCE,2611,,,,9500.0,6600.0,,,,9500.0,,,,,,,,912.0,4.0,650.0,,6600.0,6600.0
COMMODITY,PX,PX,CZCE,2612,,,,8900.0,6600.0,,,,8900.0,,,,,,,,391.0,140.0,125643.0,,8900.0,8900.0
COMMODITY,PX,PX,CZCE,2701,,,,9200.0,7500.0,,,,7500.0,,,,,,,,1094.0,6.0,7905.0,,7300.0,7500.0
COMMODITY,RM,RM,CZCE,2609,,,,2750.0,2200.0,,,,2400.0,,,,,,,,178133.0,143308.0,29952170.0,,2400.0,2400.0
COMMODITY,RM,RM,CZCE,2611,,,,2650.0,2100.0,,,,2450.0,,,,,,,,9252.0,5634.0,1967105.0,,2450.0,2250.0
COMMODITY,RM,RM,CZCE,2701,,,,2650.0,2200.0,,,,2200.0,,,,,,,,44418.0,12004.0,6779100.0,,2650.0,2300.0
COMMODITY,RM,RM,CZCE,2703,,,,2500.0,2050.0,,,,2050.0,,,,,,,,5577.0,35.0,14070.0,,2650.0,2650.0
COMMODITY,RM,RM,CZCE,2705,,,,2500.0,2050.0,,,,2150.0,,,,,,,,1529.0,60.0,59285.0,,2150.0,2150.0
COMMODITY,SA,SA,CZCE,2609,,,,1580.0,1040.0,,,,1100.0,,,,,,,,548783.0,262340.0,74188850.0,,1000.0,1020.0
COMMODITY,SA,SA,CZCE,2610,,,,1300.0,1020.0,,,,1300.0,,,,,,,,18259.0,5457.0,1373290.0,,1240.0,1040.0
COMMODITY,SA,SA,CZCE,2611,,,,1200.0,970.0,,,,1200.0,,,,,,,,30855.0,11486.0,5064420.0,,1200.0,1020.0
COMMODITY,SA,SA,CZCE,2612,,,,1060.0,990.0,,,,980.0,,,,,,,,506.0,8.0,3080.0,,980.0,980.0
COMMODITY,SA,SA,CZCE,2701,,,,1560.0,1020.0,,,,1560.0,,,,,,,,18396.0,1549.0,1308280.0,,1180.0,1180.0
COMMODITY,SA,SA,CZCE,2703,,,,1200.0,1180.0,,,,1300.0,,,,,,,,922.0,64.0,231840.0,,1200.0,1340.0
COMMODITY,SA,SA,CZCE,2705,,,,1400.0,1060.0,,,,1400.0,,,,,,,,1357.0,182.0,469010.0,,1400.0,1380.0
COMMODITY,SF,SF,CZCE,2609,,,,6000.0,5700.0,,,,5700.0,,,,,,,,37567.0,21263.0,5281660.0,,5700.0,5700.0
COMMODITY,SF,SF,CZCE,2610,,,,5900.0,5500.0,,,,5500.0,,,,,,,,2621.0,1290.0,147405.0,,5400.0,5500.0
COMMODITY,SF,SF,CZCE,2611,,,,6000.0,5000.0,,,,6000.0,,,,,,,,6026.0,1152.0,569860.0,,5400.0,6000.0
COMMODITY,SF,SF,CZCE,2612,,,,6400.0,5400.0,,,,5400.0,,,,,,,,257.0,81.0,31185.0,,5400.0,5400.0
COMMODITY,SF,SF,CZCE,2701,,,,6000.0,5400.0,,,,6000.0,,,,,,,,809.0,101.0,48940.0,,6000.0,6000.0
COMMODITY,SH,SH,CZCE,2609,,,,2920.0,1800.0,,,,2000.0,,,,,,,,125242.0,85237.0,49907010.0,,2000.0,1900.0
COMMODITY,SH,SH,CZCE,2610,,,,2000.0,1720.0,,,,2000.0,,,,,,,,7999.0,1733.0,1735395.0,,2000.0,2000.0
COMMODITY,SH,SH,CZCE,2611,,,,2200.0,1840.0,,,,2200.0,,,,,,,,8644.0,960.0,1367970.0,,2200.0,2080.0
COMMODITY,SH,SH,CZCE,2612,,,,2240.0,1780.0,,,,2200.0,,,,,,,,235.0,42.0,88515.0,,1760.0,2200.0
COMMODITY,SH,SH,CZCE,2701,,,,2640.0,1820.0,,,,2640.0,,,,,,,,2900.0,90.0,57330.0,,2640.0,2640.0
COMMODITY,SM,SM,CZCE,2609,,,,6000.0,5800.0,,,,5800.0,,,,,,,,83333.0,37203.0,8106115.0,,5700.0,5800.0
COMMODITY,SM,SM,CZCE,2610,,,,6000.0,5500.0,,,,5500.0,,,,,,,,6904.0,2996.0,380330.0,,5500.0,5500.0
COMMODITY,SM,SM,CZCE,2611,,,,6500.0,5800.0,,,,5800.0,,,,,,,,4005.0,1780.0,674825.0,,5800.0,5800.0
COMMODITY,SM,SM,CZCE,2612,,,,6300.0,5700.0,,,,6100.0,,,,,,,,113.0,43.0,16785.0,,6300.0,6100.0
COMMODITY,SM,SM,CZCE,2701,,,,6400.0,5800.0,,,,6400.0,,,,,,,,7132.0,370.0,197825.0,,6400.0,6000.0
COMMODITY,SR,SR,CZCE,2609,,,,5500.0,5200.0,,,,5200.0,,,,,,,,409273.0,96161.0,26858935.0,,5200.0,5200.0
COMMODITY,SR,SR,CZCE,2611,,,,5700.0,5100.0,,,,5100.0,,,,,,,,45755.0,20727.0,14751500.0,,5100.0,5200.0
COMMODITY,SR,SR,CZCE,2701,,,,5800.0,5200.0,,,,5800.0,,,,,,,,105691.0,16428.0,12633590.0,,5100.0,5300.0
COMMODITY,SR,SR,CZCE,2703,,,,6100.0,5100.0,,,,6100.0,,,,,,,,1036.0,49.0,30030.0,,5900.0,5900.0
COMMODITY,SR,SR,CZCE,2705,,,,6000.0,5100.0,,,,6000.0,,,,,,,,1328.0,169.0,156640.0,,5200.0,5200.0
COMMODITY,TA,TA,CZCE,2609,,,,7000.0,5000.0,,,,5900.0,,,,,,,,273226.0,299634.0,118132774.0,,5500.0,5800.0
COMMODITY,TA,TA,CZCE,2610,,,,6000.0,5700.0,,,,5900.0,,,,,,,,17181.0,18275.0,12712964.0,,6700.0,5900.0
COMMODITY,TA,TA,CZCE,2611,,,,6800.0,4800.0,,,,4800.0,,,,,,,,1339.0,4.0,1498.0,,6700.0,6700.0
COMMODITY,TA,TA,CZCE,2612,,,,6000.0,4800.0,,,,6000.0,,,,,,,,1017.0,16.0,11986.0,,4750.0,5800.0
COMMODITY,TA,TA,CZCE,2701,,,,7400.0,5000.0,,,,5000.0,,,,,,,,19262.0,6495.0,5957448.0,,6500.0,6000.0
COMMODITY,TA,TA,CZCE,2703,,,,6100.0,4700.0,,,,6200.0,,,,,,,,425.0,33.0,40920.0,,6200.0,6200.0
COMMODITY,UR,UR,CZCE,2609,,,,1900.0,1800.0,,,,1800.0,,,,,,,,150169.0,41899.0,10220570.0,,1800.0,1720.0
COMMODITY,UR,UR,CZCE,2610,,,,1920.0,1640.0,,,,1680.0,,,,,,,,9137.0,1627.0,770330.0,,1620.0,1680.0
COMMODITY,UR,UR,CZCE,2611,,,,1940.0,1580.0,,,,1580.0,,,,,,,,4738.0,87.0,31400.0,,1580.0,1740.0
COMMODITY,UR,UR,CZCE,2612,,,,1920.0,1640.0,,,,1920.0,,,,,,,,507.0,26.0,7300.0,,1640.0,1640.0
COMMODITY,UR,UR,CZCE,2701,,,,2000.0,1620.0,,,,2000.0,,,,,,,,4676.0,1503.0,606520.0,,1620.0,1620.0
COMMODITY,UR,UR,CZCE,2703,,,,1980.0,1620.0,,,,1980.0,,,,,,,,237.0,0.0,0.0,,1560.0,1560.0
COMMODITY,ZC,ZC,CZCE,2609,,,,560.0,560.0,,,,560.0,,,,,,,,0.0,0.0,0.0,,560.0,560.0
COMMODITY,ZC,ZC,CZCE,2610,,,,560.0,560.0,,,,560.0,,,,,,,,0.0,0.0,0.0,,560.0,560.0
COMMODITY,a,a,DCE,2609,,,,5000.0,4550.0,,,,4600.0,,,,,,,,114877.0,96693.0,26768665.0,,4800.0,4700.0
COMMODITY,a,a,DCE,2611,,,,4800.0,4600.0,,,,4750.0,,,,,,,,26199.0,3342.0,2055755.0,,5000.0,4750.0
COMMODITY,a,a,DCE,2701,,,,5200.0,4000.0,,,,4000.0,,,,,,,,4791.0,1313.0,591425.0,,4000.0,4800.0
COMMODITY,a,a,DCE,2703,,,,5600.0,4400.0,,,,4500.0,,,,,,,,184.0,2.0,1470.0,,4500.0,4500.0
COMMODITY,a,a,DCE,2705,,,,5600.0,4600.0,,,,5000.0,,,,,,,,79.0,1.0,1880.0,,5000.0,5000.0
COMMODITY,a,a,DCE,2707,,,,5200.0,5400.0,,,,5400.0,,,,,,,,3.0,0.0,0.0,,4400.0,4400.0
COMMODITY,b,b,DCE,2609,,,,4100.0,3800.0,,,,3800.0,,,,,,,,40471.0,54169.0,15687410.0,,4100.0,3850.0
COMMODITY,b,b,DCE,2610,,,,4000.0,3650.0,,,,3700.0,,,,,,,,1480.0,298.0,60735.0,,3700.0,3700.0
COMMODITY,b,b,DCE,2611,,,,4000.0,3300.0,,,,4000.0,,,,,,,,138.0,0.0,0.0,,3100.0,3100.0
COMMODITY,b,b,DCE,2612,,,,4300.0,3200.0,,,,3200.0,,,,,,,,143.0,0.0,0.0,,3200.0,3200.0
COMMODITY,b,b,DCE,2701,,,,4200.0,3700.0,,,,3700.0,,,,,,,,230.0,0.0,0.0,,3200.0,3200.0
COMMODITY,b,b,DCE,2702,,,,3600.0,3100.0,,,,3600.0,,,,,,,,5.0,0.0,0.0,,3100.0,3100.0
COMMODITY,b,b,DCE,2703,,,,3700.0,3300.0,,,,3700.0,,,,,,,,10.0,0.0,0.0,,3300.0,3300.0
COMMODITY,b,b,DCE,2704,,,,4100.0,3200.0,,,,4100.0,,,,,,,,98.0,0.0,0.0,,3200.0,3200.0
COMMODITY,b,b,DCE,2705,,,,3900.0,3400.0,,,,3400.0,,,,,,,,49.0,0.0,0.0,,3100.0,3100.0
COMMODITY,b,b,DCE,2706,,,,3600.0,3400.0,,,,3600.0,,,,,,,,15.0,0.0,0.0,,3100.0,3100.0
COMMODITY,b,b,DCE,2707,,,,3200.0,3200.0,,,,3200.0,,,,,,,,0.0,0.0,0.0,,3200.0,3200.0
COMMODITY,bz,bz,DCE,2609,,,,10400.0,6500.0,,,,9000.0,,,,,,,,3199.0,2338.0,10558785.0,,9000.0,8000.0
COMMODITY,bz,bz,DCE,2610,,,,6400.0,5400.0,,,,7400.0,,,,,,,,504.0,129.0,1164705.0,,7400.0,7400.0
COMMODITY,bz,bz,DCE,2611,,,,8000.0,6000.0,,,,7900.0,,,,,,,,87.0,16.0,117675.0,,7900.0,7900.0
COMMODITY,bz,bz,DCE,2612,,,,6600.0,5800.0,,,,6600.0,,,,,,,,88.0,124.0,2612505.0,,6600.0,6600.0
COMMODITY,bz,bz,DCE,2701,,,,8400.0,5400.0,,,,6600.0,,,,,,,,81.0,121.0,2385915.0,,6800.0,6600.0
COMMODITY,bz,bz,DCE,2702,,,,8400.0,5200.0,,,,6400.0,,,,,,,,135.0,81.0,1896615.0,,6400.0,6400.0
COMMODITY,bz,bz,DCE,2703,,,,7800.0,6000.0,,,,7400.0,,,,,,,,93.0,51.0,882480.0,,7400.0,7400.0
COMMODITY,bz,bz,DCE,2704,,,,7000.0,6400.0,,,,6600.0,,,,,,,,47.0,100.0,1849035.0,,7200.0,6600.0
COMMODITY,bz,bz,DCE,2705,,,,6200.0,5400.0,,,,7400.0,,,,,,,,51.0,4.0,71580.0,,5400.0,7400.0
COMMODITY,bz,bz,DCE,2706,,,,5400.0,5400.0,,,,5600.0,,,,,,,,2.0,2.0,7860.0,,5400.0,5600.0
COMMODITY,c,c,DCE,2609,,,,2400.0,2260.0,,,,2260.0,,,,,,,,365140.0,105032.0,13094510.0,,2260.0,2260.0
COMMODITY,c,c,DCE,2611,,,,2420.0,2200.0,,,,2280.0,,,,,,,,83862.0,10011.0,1540895.0,,2280.0,2280.0
COMMODITY,c,c,DCE,2701,,,,2600.0,2200.0,,,,2360.0,,,,,,,,43322.0,7330.0,1711520.0,,2360.0,2240.0
COMMODITY,c,c,DCE,2703,,,,2600.0,2040.0,,,,2600.0,,,,,,,,828.0,70.0,5720.0,,2600.0,2600.0
COMMODITY,c,c,DCE,2705,,,,2600.0,2280.0,,,,2280.0,,,,,,,,1558.0,29.0,13595.0,,2280.0,2280.0
COMMODITY,c,c,DCE,2707,,,,2080.0,2080.0,,,,2080.0,,,,,,,,36.0,20.0,2200.0,,2080.0,2080.0
COMMODITY,cs,cs,DCE,2609,,,,2750.0,2650.0,,,,2650.0,,,,,,,,61374.0,29974.0,6979350.0,,2650.0,2650.0
COMMODITY,cs,cs,DCE,2611,,,,2700.0,2550.0,,,,2750.0,,,,,,,,11208.0,2405.0,2023770.0,,2400.0,2400.0
COMMODITY,cs,cs,DCE,2701,,,,2700.0,2300.0,,,,2700.0,,,,,,,,236.0,0.0,0.0,,2300.0,2300.0
COMMODITY,cs,cs,DCE,2703,,,,3000.0,2400.0,,,,2400.0,,,,,,,,287.0,2.0,375.0,,2400.0,2400.0
COMMODITY,cs,cs,DCE,2705,,,,2400.0,2400.0,,,,2400.0,,,,,,,,32.0,1.0,195.0,,2400.0,2400.0
COMMODITY,cs,cs,DCE,2707,,,,2400.0,2400.0,,,,2400.0,,,,,,,,3.0,3.0,920.0,,2400.0,2400.0
COMMODITY,eb,eb,DCE,2609,,,,10000.0,7500.0,,,,7500.0,,,,,,,,129310.0,210517.0,194582928.0,,7500.0,9000.0
COMMODITY,eb,eb,DCE,2610,,,,8500.0,7600.0,,,,8500.0,,,,,,,,4662.0,3328.0,5379325.0,,9500.0,8700.0
COMMODITY,eb,eb,DCE,2611,,,,7400.0,6400.0,,,,8600.0,,,,,,,,382.0,1.0,2313.0,,8600.0,8600.0
COMMODITY,eb,eb,DCE,2612,,,,9800.0,7000.0,,,,7800.0,,,,,,,,279.0,0.0,0.0,,6000.0,6000.0
COMMODITY,eb,eb,DCE,2701,,,,9600.0,7200.0,,,,7200.0,,,,,,,,198.0,0.0,0.0,,6000.0,6000.0
COMMODITY,eb,eb,DCE,2702,,,,9400.0,7000.0,,,,7000.0,,,,,,,,240.0,0.0,0.0,,6400.0,6400.0
COMMODITY,eb,eb,DCE,2703,,,,10400.0,7400.0,,,,10400.0,,,,,,,,120.0,0.0,0.0,,6400.0,6400.0
COMMODITY,eb,eb,DCE,2704,,,,9000.0,7600.0,,,,7800.0,,,,,,,,137.0,3.0,6996.0,,7400.0,7800.0
COMMODITY,eb,eb,DCE,2705,,,,9400.0,6600.0,,,,9400.0,,,,,,,,292.0,0.0,0.0,,6400.0,6400.0
COMMODITY,eb,eb,DCE,2706,,,,8000.0,6400.0,,,,8000.0,,,,,,,,7.0,25.0,83578.0,,8000.0,8000.0
COMMODITY,eg,eg,DCE,2609,,,,5500.0,4000.0,,,,4500.0,,,,,,,,77167.0,58360.0,55824810.0,,5000.0,4700.0
COMMODITY,eg,eg,DCE,2610,,,,4950.0,4600.0,,,,4600.0,,,,,,,,4456.0,1799.0,3162370.0,,4600.0,4600.0
COMMODITY,eg,eg,DCE,2611,,,,4800.0,3500.0,,,,3500.0,,,,,,,,201.0,0.0,0.0,,3200.0,3200.0
COMMODITY,eg,eg,DCE,2612,,,,4100.0,3600.0,,,,3600.0,,,,,,,,120.0,0.0,0.0,,3300.0,3300.0
COMMODITY,eg,eg,DCE,2701,,,,4700.0,3600.0,,,,4900.0,,,,,,,,345.0,2.0,3520.0,,4900.0,4900.0
COMMODITY,eg,eg,DCE,2702,,,,4600.0,4200.0,,,,4600.0,,,,,,,,81.0,0.0,0.0,,3500.0,3500.0
COMMODITY,eg,eg,DCE,2703,,,,5400.0,3500.0,,,,5400.0,,,,,,,,14.0,0.0,0.0,,3500.0,3500.0
COMMODITY,eg,eg,DCE,2704,,,,5400.0,3700.0,,,,5400.0,,,,,,,,29.0,0.0,0.0,,3500.0,3500.0
COMMODITY,eg,eg,DCE,2705,,,,4800.0,3700.0,,,,3700.0,,,,,,,,26.0,0.0,0.0,,3500.0,3500.0
COMMODITY,eg,eg,DCE,2706,,,,3600.0,3600.0,,,,3600.0,,,,,,,,0.0,0.0,0.0,,3600.0,3600.0
COMMODITY,i,i,DCE,2609,,,,800.0,700.0,,,,700.0,,,,,,,,252082.0,124426.0,73240250.0,,700.0,750.0
COMMODITY,i,i,DCE,2610,,,,780.0,650.0,,,,710.0,,,,,,,,11779.0,4846.0,3387780.0,,900.0,760.0
COMMODITY,i,i,DCE,2611,,,,920.0,600.0,,,,740.0,,,,,,,,3251.0,2643.0,2765690.0,,920.0,740.0
COMMODITY,i,i,DCE,2612,,,,900.0,740.0,,,,740.0,,,,,,,,620.0,1.0,4500.0,,730.0,730.0
COMMODITY,i,i,DCE,2701,,,,800.0,700.0,,,,800.0,,,,,,,,5891.0,403.0,328000.0,,600.0,800.0
COMMODITY,i,i,DCE,2702,,,,740.0,720.0,,,,720.0,,,,,,,,354.0,7.0,17820.0,,720.0,720.0
COMMODITY,i,i,DCE,2703,,,,700.0,740.0,,,,740.0,,,,,,,,308.0,0.0,0.0,,620.0,620.0
COMMODITY,i,i,DCE,2704,,,,760.0,740.0,,,,740.0,,,,,,,,198.0,0.0,0.0,,620.0,620.0
COMMODITY,i,i,DCE,2705,,,,780.0,740.0,,,,700.0,,,,,,,,633.0,8.0,19750.0,,700.0,700.0
COMMODITY,i,i,DCE,2706,,,,740.0,720.0,,,,720.0,,,,,,,,359.0,0.0,0.0,,620.0,620.0
COMMODITY,i,i,DCE,2707,,,,780.0,740.0,,,,740.0,,,,,,,,7.0,0.0,0.0,,620.0,620.0
COMMODITY,jd,jd,DCE,2609,,,,5000.0,4000.0,,,,4000.0,,,,,,,,277734.0,527404.0,287046400.0,,4000.0,4100.0
COMMODITY,jd,jd,DCE,2610,,,,4700.0,3400.0,,,,4700.0,,,,,,,,31155.0,40474.0,46446410.0,,4500.0,4500.0
COMMODITY,jd,jd,DCE,2611,,,,4400.0,3200.0,,,,4400.0,,,,,,,,9835.0,1119.0,949185.0,,4400.0,4000.0
COMMODITY,jd,jd,DCE,2612,,,,4600.0,4000.0,,,,4000.0,,,,,,,,4027.0,345.0,358170.0,,4200.0,4000.0
COMMODITY,jd,jd,DCE,2701,,,,4400.0,3600.0,,,,4000.0,,,,,,,,3293.0,207.0,77995.0,,4000.0,4000.0
COMMODITY,jd,jd,DCE,2702,,,,3800.0,3200.0,,,,3800.0,,,,,,,,6133.0,456.0,142850.0,,3800.0,3800.0
COMMODITY,jd,jd,DCE,2703,,,,3700.0,2900.0,,,,3700.0,,,,,,,,1874.0,19.0,13825.0,,3500.0,3500.0
COMMODITY,jd,jd,DCE,2704,,,,3700.0,3100.0,,,,3700.0,,,,,,,,451.0,16.0,8000.0,,3700.0,3700.0
COMMODITY,jd,jd,DCE,2705,,,,3800.0,3000.0,,,,3700.0,,,,,,,,242.0,2.0,1270.0,,3700.0,3700.0
COMMODITY,jd,jd,DCE,2706,,,,3600.0,3000.0,,,,3600.0,,,,,,,,869.0,123.0,76340.0,,3600.0,3600.0
COMMODITY,jm,jm,DCE,2609,,,,1600.0,1200.0,,,,1200.0,,,,,,,,241942.0,453858.0,450213636.0,,1200.0,1300.0
COMMODITY,jm,jm,DCE,2610,,,,1300.0,1300.0,,,,1300.0,,,,,,,,7554.0,8482.0,16167600.0,,1300.0,1300.0
COMMODITY,jm,jm,DCE,2611,,,,1600.0,1280.0,,,,1320.0,,,,,,,,485.0,2.0,8436.0,,1320.0,1320.0
COMMODITY,jm,jm,DCE,2612,,,,1520.0,1080.0,,,,1680.0,,,,,,,,765.0,18.0,3984.0,,1680.0,1680.0
COMMODITY,jm,jm,DCE,2701,,,,1560.0,1360.0,,,,1360.0,,,,,,,,14393.0,1177.0,3096348.0,,1360.0,1360.0
COMMODITY,jm,jm,DCE,2702,,,,1840.0,1200.0,,,,1200.0,,,,,,,,463.0,0.0,0.0,,1200.0,1200.0
COMMODITY,jm,jm,DCE,2703,,,,1760.0,1280.0,,,,1800.0,,,,,,,,510.0,7.0,15402.0,,1800.0,1800.0
COMMODITY,jm,jm,DCE,2704,,,,1840.0,1240.0,,,,1240.0,,,,,,,,271.0,0.0,0.0,,1240.0,1240.0
COMMODITY,jm,jm,DCE,2705,,,,1880.0,1280.0,,,,1440.0,,,,,,,,467.0,2.0,16098.0,,1440.0,1440.0
COMMODITY,jm,jm,DCE,2706,,,,1760.0,1440.0,,,,1480.0,,,,,,,,333.0,43.0,308964.0,,1480.0,1480.0
COMMODITY,jm,jm,DCE,2707,,,,1680.0,1280.0,,,,1680.0,,,,,,,,4.0,9.0,36804.0,,1680.0,1680.0
COMMODITY,l,l,DCE,2609,,,,8500.0,7000.0,,,,7000.0,,,,,,,,38698.0,14185.0,6734331.0,,7000.0,8000.0
COMMODITY,l,l,DCE,2610,,,,8000.0,6500.0,,,,7500.0,,,,,,,,6894.0,3292.0,3098095.0,,8100.0,7500.0
COMMODITY,l,l,DCE,2611,,,,8100.0,6900.0,,,,8100.0,,,,,,,,112.0,40.0,31600.0,,8100.0,8100.0
COMMODITY,l,l,DCE,2612,,,,6400.0,5600.0,,,,5600.0,,,,,,,,56.0,0.0,0.0,,5600.0,5600.0
COMMODITY,l,l,DCE,2701,,,,6600.0,6000.0,,,,6600.0,,,,,,,,297.0,2.0,8795.0,,6600.0,6600.0
COMMODITY,l,l,DCE,2702,,,,9000.0,6000.0,,,,6000.0,,,,,,,,52.0,0.0,0.0,,6000.0,6000.0
COMMODITY,l,l,DCE,2703,,,,8200.0,7200.0,,,,7200.0,,,,,,,,20.0,0.0,0.0,,6000.0,6000.0
COMMODITY,l,l,DCE,2704,,,,9200.0,7000.0,,,,9200.0,,,,,,,,65.0,0.0,0.0,,6000.0,6000.0
COMMODITY,l,l,DCE,2705,,,,8600.0,6000.0,,,,8600.0,,,,,,,,13.0,1.0,1015.0,,8600.0,8600.0
COMMODITY,l,l,DCE,2706,,,,7800.0,6600.0,,,,7800.0,,,,,,,,18.0,0.0,0.0,,6000.0,6000.0
COMMODITY,l,l,DCE,2707,,,,6400.0,6400.0,,,,6400.0,,,,,,,,0.0,0.0,0.0,,6400.0,6400.0
COMMODITY,lg,lg,DCE,2609,,,,850.0,800.0,,,,800.0,,,,,,,,8631.0,2465.0,501011.0,,875.0,825.0
COMMODITY,lg,lg,DCE,2611,,,,950.0,800.0,,,,950.0,,,,,,,,2033.0,23.0,8213.0,,950.0,800.0
COMMODITY,lg,lg,DCE,2701,,,,900.0,800.0,,,,900.0,,,,,,,,314.0,2.0,518.0,,700.0,900.0
COMMODITY,lg,lg,DCE,2703,,,,900.0,750.0,,,,900.0,,,,,,,,138.0,5.0,2409.0,,750.0,900.0
COMMODITY,lg,lg,DCE,2705,,,,950.0,750.0,,,,950.0,,,,,,,,74.0,102.0,66938.0,,950.0,950.0
COMMODITY,lh,lh,DCE,2609,,,,16000.0,10400.0,,,,13000.0,,,,,,,,112007.0,70569.0,147015600.0,,10400.0,12000.0
COMMODITY,lh,lh,DCE,2611,,,,15200.0,10800.0,,,,15200.0,,,,,,,,26533.0,9998.0,38275720.0,,12000.0,12000.0
COMMODITY,lh,lh,DCE,2701,,,,15200.0,13200.0,,,,15200.0,,,,,,,,5655.0,582.0,2441960.0,,15200.0,13200.0
COMMODITY,lh,lh,DCE,2703,,,,14400.0,11200.0,,,,14400.0,,,,,,,,4347.0,279.0,1040560.0,,15200.0,14400.0
COMMODITY,lh,lh,DCE,2705,,,,15200.0,12000.0,,,,15200.0,,,,,,,,1253.0,45.0,161760.0,,12000.0,15200.0
COMMODITY,m,m,DCE,2609,,,,3400.0,2900.0,,,,3200.0,,,,,,,,606066.0,498264.0,165870000.0,,3200.0,3100.0
COMMODITY,m,m,DCE,2611,,,,3500.0,2900.0,,,,3500.0,,,,,,,,53369.0,24042.0,12978940.0,,3500.0,3100.0
COMMODITY,m,m,DCE,2612,,,,3400.0,2600.0,,,,3500.0,,,,,,,,1484.0,679.0,349890.0,,3500.0,3000.0
COMMODITY,m,m,DCE,2701,,,,3500.0,2900.0,,,,3200.0,,,,,,,,19001.0,4984.0,3357705.0,,3200.0,3200.0
COMMODITY,m,m,DCE,2703,,,,3200.0,2900.0,,,,2900.0,,,,,,,,1080.0,32.0,14840.0,,2900.0,2900.0
COMMODITY,m,m,DCE,2705,,,,3100.0,2700.0,,,,2700.0,,,,,,,,13064.0,572.0,414140.0,,2700.0,3100.0
COMMODITY,m,m,DCE,2707,,,,3000.0,2600.0,,,,2600.0,,,,,,,,121.0,122.0,34635.0,,2600.0,2600.0
COMMODITY,p,p,DCE,2609,,,,10000.0,9000.0,,,,10000.0,,,,,,,,216025.0,143873.0,93530305.0,,9000.0,9500.0
COMMODITY,p,p,DCE,2610,,,,10000.0,9100.0,,,,9100.0,,,,,,,,8610.0,4694.0,5319710.0,,10000.0,9100.0
COMMODITY,p,p,DCE,2611,,,,10400.0,9000.0,,,,9500.0,,,,,,,,967.0,808.0,1562640.0,,9500.0,9500.0
COMMODITY,p,p,DCE,2612,,,,9800.0,7200.0,,,,9800.0,,,,,,,,265.0,0.0,0.0,,7200.0,7200.0
COMMODITY,p,p,DCE,2701,,,,11600.0,7800.0,,,,11600.0,,,,,,,,3210.0,515.0,1202055.0,,10000.0,10000.0
COMMODITY,p,p,DCE,2702,,,,11600.0,8800.0,,,,11200.0,,,,,,,,138.0,22.0,28260.0,,11200.0,11200.0
COMMODITY,p,p,DCE,2703,,,,11600.0,8400.0,,,,11600.0,,,,,,,,45.0,3.0,4275.0,,11600.0,11600.0
COMMODITY,p,p,DCE,2704,,,,11600.0,8800.0,,,,11600.0,,,,,,,,293.0,4.0,7055.0,,11200.0,11200.0
COMMODITY,p,p,DCE,2705,,,,10000.0,9400.0,,,,10000.0,,,,,,,,361.0,215.0,1030410.0,,10000.0,10000.0
COMMODITY,p,p,DCE,2706,,,,10800.0,8400.0,,,,8600.0,,,,,,,,42.0,2.0,3465.0,,8400.0,8600.0
COMMODITY,p,p,DCE,2707,,,,9800.0,9200.0,,,,8400.0,,,,,,,,8.0,1.0,1640.0,,8400.0,8400.0
COMMODITY,pg,pg,DCE,2609,,,,7000.0,4500.0,,,,7000.0,,,,,,,,12209.0,18276.0,28380800.0,,7000.0,6000.0
COMMODITY,pg,pg,DCE,2610,,,,6300.0,5650.0,,,,5600.0,,,,,,,,1012.0,769.0,3566732.0,,6300.0,5600.0
COMMODITY,pg,pg,DCE,2611,,,,4700.0,4000.0,,,,6000.0,,,,,,,,174.0,8.0,33356.0,,6000.0,6000.0
COMMODITY,pg,pg,DCE,2612,,,,4200.0,3700.0,,,,4200.0,,,,,,,,69.0,0.0,0.0,,3500.0,3500.0
COMMODITY,pg,pg,DCE,2701,,,,3900.0,4300.0,,,,5300.0,,,,,,,,58.0,1.0,8496.0,,5300.0,5300.0
COMMODITY,pg,pg,DCE,2702,,,,4100.0,3800.0,,,,4100.0,,,,,,,,39.0,0.0,0.0,,3700.0,3700.0
COMMODITY,pg,pg,DCE,2703,,,,5200.0,4600.0,,,,4600.0,,,,,,,,146.0,0.0,0.0,,3800.0,3800.0
COMMODITY,pg,pg,DCE,2704,,,,6000.0,4900.0,,,,6000.0,,,,,,,,76.0,0.0,0.0,,4100.0,4100.0
COMMODITY,pg,pg,DCE,2705,,,,5600.0,4100.0,,,,4500.0,,,,,,,,79.0,7.0,72952.0,,4500.0,4500.0
COMMODITY,pg,pg,DCE,2706,,,,5200.0,4000.0,,,,5200.0,,,,,,,,3.0,1.0,12420.0,,5200.0,5200.0
COMMODITY,pp,pp,DCE,2609,,,,8400.0,7000.0,,,,7000.0,,,,,,,,63165.0,22116.0,13796602.0,,7000.0,8500.0
COMMODITY,pp,pp,DCE,2610,,,,8300.0,7500.0,,,,8000.0,,,,,,,,6997.0,5847.0,7580449.0,,8000.0,8000.0
COMMODITY,pp,pp,DCE,2611,,,,6600.0,6000.0,,,,7800.0,,,,,,,,184.0,2.0,4020.0,,7800.0,7800.0
COMMODITY,pp,pp,DCE,2612,,,,7600.0,5600.0,,,,7600.0,,,,,,,,163.0,0.0,0.0,,5600.0,5600.0
COMMODITY,pp,pp,DCE,2701,,,,7600.0,5800.0,,,,7600.0,,,,,,,,216.0,0.0,0.0,,5600.0,5600.0
COMMODITY,pp,pp,DCE,2702,,,,9200.0,6800.0,,,,6800.0,,,,,,,,57.0,0.0,0.0,,6000.0,6000.0
COMMODITY,pp,pp,DCE,2703,,,,8600.0,6000.0,,,,8600.0,,,,,,,,94.0,0.0,0.0,,6000.0,6000.0
COMMODITY,pp,pp,DCE,2704,,,,9200.0,7000.0,,,,7000.0,,,,,,,,73.0,0.0,0.0,,6000.0,6000.0
COMMODITY,pp,pp,DCE,2705,,,,7400.0,6800.0,,,,7400.0,,,,,,,,24.0,0.0,0.0,,6000.0,6000.0
COMMODITY,pp,pp,DCE,2706,,,,8200.0,6000.0,,,,8200.0,,,,,,,,4.0,0.0,0.0,,6000.0,6000.0
COMMODITY,pp,pp,DCE,2707,,,,6600.0,6600.0,,,,6600.0,,,,,,,,0.0,0.0,0.0,,6600.0,6600.0
COMMODITY,v,v,DCE,2609,,,,6000.0,4400.0,,,,5000.0,,,,,,,,197765.0,205106.0,62688098.0,,5000.0,4600.0
COMMODITY,v,v,DCE,2610,,,,7000.0,4300.0,,,,4800.0,,,,,,,,22626.0,17446.0,8690773.0,,4800.0,4800.0
COMMODITY,v,v,DCE,2611,,,,6800.0,4700.0,,,,6800.0,,,,,,,,1990.0,1101.0,261323.0,,6800.0,4900.0
COMMODITY,v,v,DCE,2612,,,,5000.0,4600.0,,,,4600.0,,,,,,,,286.0,25.0,14988.0,,4600.0,4600.0
COMMODITY,v,v,DCE,2701,,,,5200.0,4400.0,,,,5200.0,,,,,,,,975.0,241.0,170899.0,,5200.0,5200.0
COMMODITY,v,v,DCE,2702,,,,6200.0,4600.0,,,,5800.0,,,,,,,,101.0,10.0,3563.0,,5800.0,5800.0
COMMODITY,v,v,DCE,2703,,,,4600.0,4600.0,,,,6000.0,,,,,,,,71.0,6.0,2230.0,,6000.0,6000.0
COMMODITY,v,v,DCE,2704,,,,6200.0,4700.0,,,,6400.0,,,,,,,,40.0,7.0,2905.0,,6400.0,6400.0
COMMODITY,v,v,DCE,2705,,,,6000.0,4500.0,,,,6000.0,,,,,,,,48.0,0.0,0.0,,4300.0,4300.0
COMMODITY,v,v,DCE,2706,,,,5600.0,4500.0,,,,4500.0,,,,,,,,22.0,0.0,0.0,,4300.0,4300.0
COMMODITY,v,v,DCE,2707,,,,5600.0,4500.0,,,,5600.0,,,,,,,,3.0,0.0,0.0,,4400.0,4400.0
COMMODITY,y,y,DCE,2609,,,,9000.0,8400.0,,,,9000.0,,,,,,,,104412.0,62288.0,23409460.0,,9000.0,8600.0
COMMODITY,y,y,DCE,2611,,,,9200.0,8300.0,,,,8600.0,,,,,,,,5899.0,2190.0,2042860.0,,8400.0,8800.0
COMMODITY,y,y,DCE,2612,,,,8800.0,6800.0,,,,9100.0,,,,,,,,2929.0,1815.0,2794370.0,,9100.0,9100.0
COMMODITY,y,y,DCE,2701,,,,9800.0,7800.0,,,,7800.0,,,,,,,,536.0,39.0,44575.0,,7800.0,7800.0
COMMODITY,y,y,DCE,2703,,,,9800.0,7200.0,,,,9800.0,,,,,,,,916.0,0.0,0.0,,7200.0,7200.0
COMMODITY,y,y,DCE,2705,,,,9200.0,7800.0,,,,9200.0,,,,,,,,834.0,3.0,8440.0,,8400.0,8400.0
COMMODITY,y,y,DCE,2707,,,,8200.0,8200.0,,,,8200.0,,,,,,,,12.0,0.0,0.0,,7400.0,7400.0
COMMODITY,lc,lc,GFEX,2609,,,,180000.0,130000.0,,,,170000.0,,,,,,,,252202.0,476044.0,1638649720.0,,130000.0,140000.0
COMMODITY,lc,lc,GFEX,2610,,,,83000.0,100000.0,,,,150000.0,,,,,,,,1865.0,726.0,2909330.0,,150000.0,150000.0
COMMODITY,lc,lc,GFEX,2611,,,,160000.0,180000.0,,,,160000.0,,,,,,,,2668.0,625.0,6771980.0,,160000.0,180000.0
COMMODITY,lc,lc,GFEX,2612,,,,246000.0,87000.0,,,,87000.0,,,,,,,,779.0,13.0,31090.0,,87000.0,114000.0
COMMODITY,lc,lc,GFEX,2701,,,,180000.0,110000.0,,,,110000.0,,,,,,,,2686.0,589.0,4075730.0,,110000.0,140000.0
COMMODITY,lc,lc,GFEX,2702,,,,246000.0,120000.0,,,,244000.0,,,,,,,,277.0,24.0,45950.0,,244000.0,244000.0
COMMODITY,lc,lc,GFEX,2703,,,,244000.0,116000.0,,,,130000.0,,,,,,,,259.0,23.0,76520.0,,236000.0,130000.0
COMMODITY,lc,lc,GFEX,2704,,,,216000.0,136000.0,,,,244000.0,,,,,,,,294.0,4.0,10200.0,,244000.0,244000.0
COMMODITY,lc,lc,GFEX,2705,,,,220000.0,140000.0,,,,112000.0,,,,,,,,523.0,45.0,370980.0,,112000.0,112000.0
COMMODITY,lc,lc,GFEX,2706,,,,202000.0,140000.0,,,,158000.0,,,,,,,,173.0,20.0,178710.0,,202000.0,158000.0
COMMODITY,pd,pd,GFEX,2610,,,,672.0,288.0,,,,288.0,,,,,,,,1054.0,137.0,979950.0,,280.0,300.0
COMMODITY,pd,pd,GFEX,2612,,,,496.0,288.0,,,,376.0,,,,,,,,128.0,7.0,39200.0,,376.0,376.0
COMMODITY,pd,pd,GFEX,2702,,,,568.0,212.0,,,,568.0,,,,,,,,56.0,0.0,0.0,,212.0,212.0
COMMODITY,pd,pd,GFEX,2704,,,,480.0,216.0,,,,480.0,,,,,,,,35.0,0.0,0.0,,216.0,216.0
COMMODITY,pd,pd,GFEX,2706,,,,424.0,220.0,,,,220.0,,,,,,,,72.0,7.0,46950.0,,220.0,220.0
COMMODITY,ps,ps,GFEX,2609,,,,50000.0,32000.0,,,,40000.0,,,,,,,,143480.0,133069.0,164766771.0,,38000.0,35000.0
COMMODITY,ps,ps,GFEX,2610,,,,50000.0,30500.0,,,,50000.0,,,,,,,,1861.0,280.0,263121.0,,50000.0,36000.0
COMMODITY,ps,ps,GFEX,2611,,,,60000.0,31000.0,,,,40000.0,,,,,,,,1680.0,172.0,589122.0,,50000.0,40000.0
COMMODITY,ps,ps,GFEX,2612,,,,32000.0,32000.0,,,,32000.0,,,,,,,,894.0,113.0,2233797.0,,32000.0,32000.0
COMMODITY,ps,ps,GFEX,2701,,,,40000.0,32000.0,,,,40000.0,,,,,,,,760.0,146.0,1065228.0,,40000.0,40000.0
COMMODITY,ps,ps,GFEX,2702,,,,54000.0,32000.0,,,,54000.0,,,,,,,,181.0,6.0,11580.0,,54000.0,54000.0
COMMODITY,ps,ps,GFEX,2703,,,,50000.0,32500.0,,,,50000.0,,,,,,,,137.0,0.0,0.0,,32000.0,32000.0
COMMODITY,ps,ps,GFEX,2704,,,,44000.0,42000.0,,,,42000.0,,,,,,,,165.0,5.0,43782.0,,44000.0,42000.0
COMMODITY,ps,ps,GFEX,2705,,,,47000.0,32000.0,,,,47000.0,,,,,,,,42.0,1.0,4632.0,,47000.0,47000.0
COMMODITY,ps,ps,GFEX,2706,,,,49000.0,35500.0,,,,49000.0,,,,,,,,34.0,0.0,0.0,,34500.0,34500.0
COMMODITY,pt,pt,GFEX,2610,,,,912.0,348.0,,,,396.0,,,,,,,,1994.0,306.0,1736900.0,,912.0,416.0
COMMODITY,pt,pt,GFEX,2612,,,,920.0,320.0,,,,472.0,,,,,,,,1054.0,100.0,615650.0,,472.0,472.0
COMMODITY,pt,pt,GFEX,2702,,,,728.0,320.0,,,,464.0,,,,,,,,276.0,108.0,642000.0,,640.0,464.0
COMMODITY,pt,pt,GFEX,2704,,,,664.0,360.0,,,,352.0,,,,,,,,230.0,22.0,246950.0,,352.0,352.0
COMMODITY,pt,pt,GFEX,2706,,,,512.0,300.0,,,,544.0,,,,,,,,36.0,4.0,71300.0,,544.0,544.0
COMMODITY,si,si,GFEX,2609,,,,10800.0,8000.0,,,,8000.0,,,,,,,,158371.0,112963.0,34907490.0,,8000.0,8200.0
COMMODITY,si,si,GFEX,2610,,,,9000.0,8200.0,,,,8300.0,,,,,,,,8369.0,3733.0,3492965.0,,8300.0,8300.0
COMMODITY,si,si,GFEX,2611,,,,9000.0,7000.0,,,,9000.0,,,,,,,,574.0,3.0,1945.0,,9100.0,9100.0
COMMODITY,si,si,GFEX,2612,,,,9000.0,7300.0,,,,9000.0,,,,,,,,541.0,0.0,0.0,,7300.0,7300.0
COMMODITY,si,si,GFEX,2701,,,,10200.0,7400.0,,,,10200.0,,,,,,,,1473.0,46.0,18580.0,,10600.0,10600.0
COMMODITY,si,si,GFEX,2702,,,,10000.0,8400.0,,,,8400.0,,,,,,,,293.0,4.0,3710.0,,8200.0,8400.0
COMMODITY,si,si,GFEX,2703,,,,10200.0,8200.0,,,,8200.0,,,,,,,,361.0,0.0,0.0,,7600.0,7600.0
COMMODITY,si,si,GFEX,2704,,,,7900.0,8200.0,,,,7900.0,,,,,,,,213.0,0.0,0.0,,7700.0,7700.0
COMMODITY,si,si,GFEX,2705,,,,9000.0,7800.0,,,,9000.0,,,,,,,,539.0,0.0,0.0,,7700.0,7700.0
COMMODITY,si,si,GFEX,2706,,,,8300.0,8100.0,,,,8300.0,,,,,,,,137.0,0.0,0.0,,7700.0,7700.0
COMMODITY,si,si,GFEX,2707,,,,10200.0,7800.0,,,,10200.0,,,,,,,,1.0,0.0,0.0,,7800.0,7800.0
COMMODITY,ad,ad,SHFE,2608,,,,25200.0,21000.0,,,,23000.0,,,,,,,,2435.0,935.0,568950.0,,23000.0,22800.0
COMMODITY,ad,ad,SHFE,2609,,,,23200.0,21200.0,,,,23200.0,,,,,,,,750.0,72.0,124240.0,,23200.0,23200.0
COMMODITY,ag,ag,SHFE,2608,,,,15000.0,13000.0,,,,13000.0,,,,,,,,244993.0,778981.0,1910327891.0,,14000.0,14000.0
COMMODITY,ag,ag,SHFE,2609,,,,17000.0,13000.0,,,,13000.0,,,,,,,,18769.0,20475.0,95239951.0,,13000.0,14000.0
COMMODITY,ag,ag,SHFE,2610,,,,15000.0,13000.0,,,,15000.0,,,,,,,,33249.0,11381.0,99914246.0,,15000.0,15000.0
COMMODITY,ag,ag,SHFE,2612,,,,35900.0,11500.0,,,,35900.0,,,,,,,,17031.0,930.0,7900626.0,,35900.0,9500.0
COMMODITY,al,al,SHFE,2608,,,,24000.0,22000.0,,,,23000.0,,,,,,,,98781.0,150947.0,63868430.0,,23000.0,23000.0
COMMODITY,al,al,SHFE,2609,,,,24000.0,22000.0,,,,22000.0,,,,,,,,44179.0,23775.0,22957560.0,,22000.0,22000.0
COMMODITY,al,al,SHFE,2610,,,,27800.0,22000.0,,,,25000.0,,,,,,,,2507.0,1614.0,3385000.0,,26000.0,25000.0
COMMODITY,al,al,SHFE,2611,,,,25800.0,19900.0,,,,24600.0,,,,,,,,495.0,1.0,955.0,,24600.0,24600.0
COMMODITY,al,al,SHFE,2612,,,,27800.0,21000.0,,,,25200.0,,,,,,,,1618.0,60.0,69575.0,,25200.0,25200.0
COMMODITY,al,al,SHFE,2701,,,,26200.0,20400.0,,,,20400.0,,,,,,,,8.0,6.0,4085.0,,20400.0,20400.0
COMMODITY,ao,ao,SHFE,2608,,,,2800.0,2600.0,,,,2800.0,,,,,,,,82630.0,106333.0,27844160.0,,2800.0,2750.0
COMMODITY,ao,ao,SHFE,2609,,,,3000.0,2650.0,,,,3000.0,,,,,,,,105189.0,27752.0,16287510.0,,3000.0,2800.0
COMMODITY,ao,ao,SHFE,2610,,,,2800.0,2500.0,,,,2800.0,,,,,,,,6835.0,2201.0,1929810.0,,2800.0,2800.0
COMMODITY,ao,ao,SHFE,2611,,,,2850.0,2600.0,,,,2900.0,,,,,,,,78.0,26.0,19430.0,,3300.0,2700.0
COMMODITY,ao,ao,SHFE,2701,,,,3500.0,2750.0,,,,2800.0,,,,,,,,556.0,24.0,40450.0,,3000.0,2800.0
COMMODITY,au,au,SHFE,2608,,,,1000.0,800.0,,,,920.0,,,,,,,,79756.0,169725.0,739311100.0,,904.0,880.0
COMMODITY,au,au,SHFE,2609,,,,952.0,800.0,,,,952.0,,,,,,,,2147.0,1138.0,7860340.0,,800.0,848.0
COMMODITY,au,au,SHFE,2610,,,,1000.0,800.0,,,,800.0,,,,,,,,25492.0,8339.0,129107200.0,,800.0,800.0
COMMODITY,au,au,SHFE,2612,,,,920.0,880.0,,,,920.0,,,,,,,,12150.0,1429.0,36737040.0,,800.0,904.0
COMMODITY,bc,bc,SHFE,2608,,,,93000.0,82000.0,,,,92000.0,,,,,,,,2777.0,2976.0,6208950.0,,92000.0,92000.0
COMMODITY,bc,bc,SHFE,2609,,,,102000.0,80000.0,,,,93000.0,,,,,,,,2080.0,1074.0,6516940.0,,93000.0,93000.0
COMMODITY,br,br,SHFE,2608,,,,15000.0,13000.0,,,,13000.0,,,,,,,,38396.0,109475.0,47760920.0,,13000.0,13000.0
COMMODITY,br,br,SHFE,2609,,,,14000.0,12000.0,,,,14000.0,,,,,,,,9704.0,4863.0,5965290.0,,12000.0,13000.0
COMMODITY,br,br,SHFE,2610,,,,16600.0,12200.0,,,,13600.0,,,,,,,,712.0,471.0,1004520.0,,12200.0,13800.0
COMMODITY,br,br,SHFE,2611,,,,15800.0,11800.0,,,,15800.0,,,,,,,,184.0,68.0,92985.0,,15800.0,15800.0
COMMODITY,bu,bu,SHFE,2608,,,,4500.0,4000.0,,,,4000.0,,,,,,,,74746.0,95336.0,23876050.0,,4300.0,4300.0
COMMODITY,bu,bu,SHFE,2609,,,,4200.0,3500.0,,,,4000.0,,,,,,,,22044.0,9275.0,8621270.0,,4150.0,4150.0
COMMODITY,bu,bu,SHFE,2610,,,,4000.0,3200.0,,,,4000.0,,,,,,,,859.0,27.0,17170.0,,4000.0,4000.0
COMMODITY,bu,bu,SHFE,2612,,,,4100.0,3100.0,,,,4300.0,,,,,,,,60.0,3.0,1905.0,,2800.0,4300.0
COMMODITY,cu,cu,SHFE,2608,,,,106000.0,100000.0,,,,106000.0,,,,,,,,84387.0,223213.0,457033450.0,,106000.0,104000.0
COMMODITY,cu,cu,SHFE,2609,,,,110000.0,90000.0,,,,110000.0,,,,,,,,35228.0,29906.0,149421700.0,,106000.0,106000.0
COMMODITY,cu,cu,SHFE,2610,,,,110000.0,96000.0,,,,98000.0,,,,,,,,13440.0,7279.0,69442320.0,,98000.0,96000.0
COMMODITY,cu,cu,SHFE,2611,,,,110000.0,80000.0,,,,110000.0,,,,,,,,3817.0,1720.0,20671400.0,,110000.0,96000.0
COMMODITY,cu,cu,SHFE,2612,,,,110000.0,78000.0,,,,108000.0,,,,,,,,2532.0,55.0,346270.0,,124000.0,124000.0
COMMODITY,cu,cu,SHFE,2701,,,,110000.0,84000.0,,,,116000.0,,,,,,,,828.0,9.0,267480.0,,116000.0,116000.0
COMMODITY,cu,cu,SHFE,2702,,,,120000.0,88000.0,,,,102000.0,,,,,,,,187.0,95.0,3128460.0,,102000.0,102000.0
COMMODITY,cu,cu,SHFE,2703,,,,114000.0,84000.0,,,,104000.0,,,,,,,,798.0,37.0,863130.0,,98000.0,104000.0
COMMODITY,cu,cu,SHFE,2704,,,,112000.0,98000.0,,,,112000.0,,,,,,,,2250.0,79.0,1724790.0,,112000.0,112000.0
COMMODITY,fu,fu,SHFE,2609,,,,5700.0,3000.0,,,,4000.0,,,,,,,,100830.0,82851.0,77060645.0,,4000.0,4000.0
COMMODITY,fu,fu,SHFE,2610,,,,3500.0,2800.0,,,,3500.0,,,,,,,,5881.0,1493.0,1724445.0,,4350.0,3550.0
COMMODITY,fu,fu,SHFE,2611,,,,4600.0,2700.0,,,,4600.0,,,,,,,,1689.0,110.0,87180.0,,4600.0,4600.0
COMMODITY,fu,fu,SHFE,2701,,,,3500.0,2200.0,,,,3500.0,,,,,,,,662.0,49.0,70210.0,,4200.0,4200.0
COMMODITY,ni,ni,SHFE,2608,,,,140000.0,120000.0,,,,140000.0,,,,,,,,72367.0,161426.0,100724760.0,,130000.0,130000.0
COMMODITY,ni,ni,SHFE,2609,,,,140000.0,110000.0,,,,140000.0,,,,,,,,21167.0,11305.0,14754094.0,,140000.0,130000.0
COMMODITY,ni,ni,SHFE,2610,,,,168000.0,112000.0,,,,132000.0,,,,,,,,803.0,340.0,501726.0,,112000.0,132000.0
COMMODITY,ni,ni,SHFE,2611,,,,148000.0,116000.0,,,,122000.0,,,,,,,,154.0,99.0,162250.0,,118000.0,122000.0
COMMODITY,ni,ni,SHFE,2612,,,,148000.0,112000.0,,,,118000.0,,,,,,,,229.0,324.0,415670.0,,114000.0,118000.0
COMMODITY,nr,nr,SHFE,2608,,,,16000.0,13000.0,,,,13000.0,,,,,,,,10749.0,8805.0,4675730.0,,13000.0,14600.0
COMMODITY,nr,nr,SHFE,2609,,,,15000.0,14000.0,,,,15000.0,,,,,,,,3395.0,1621.0,1521430.0,,13000.0,14600.0
COMMODITY,nr,nr,SHFE,2610,,,,17800.0,13400.0,,,,13600.0,,,,,,,,380.0,78.0,137310.0,,13600.0,13600.0
COMMODITY,nr,nr,SHFE,2611,,,,18000.0,13400.0,,,,13200.0,,,,,,,,493.0,993.0,1769050.0,,13200.0,13200.0
COMMODITY,nr,nr,SHFE,2701,,,,17600.0,12400.0,,,,12800.0,,,,,,,,828.0,286.0,773370.0,,12800.0,12800.0
COMMODITY,op,op,SHFE,2608,,,,4250.0,3950.0,,,,3950.0,,,,,,,,1644.0,719.0,661400.0,,3900.0,4000.0
COMMODITY,op,op,SHFE,2609,,,,4000.0,3500.0,,,,4000.0,,,,,,,,569.0,141.0,162520.0,,3550.0,4000.0
COMMODITY,pb,pb,SHFE,2608,,,,16400.0,15600.0,,,,16000.0,,,,,,,,12594.0,13586.0,2828655.0,,16000.0,16000.0
COMMODITY,pb,pb,SHFE,2609,,,,18000.0,15600.0,,,,15800.0,,,,,,,,5738.0,2509.0,1074465.0,,16600.0,15800.0
COMMODITY,pb,pb,SHFE,2610,,,,16600.0,15200.0,,,,15200.0,,,,,,,,131.0,0.0,0.0,,13400.0,13400.0
COMMODITY,rb,rb,SHFE,2608,,,,3100.0,3000.0,,,,3100.0,,,,,,,,12023.0,6153.0,262880.0,,3100.0,3100.0
COMMODITY,rb,rb,SHFE,2609,,,,3600.0,3050.0,,,,3050.0,,,,,,,,1773.0,177.0,19940.0,,3500.0,3050.0
COMMODITY,rb,rb,SHFE,2610,,,,3200.0,2600.0,,,,3000.0,,,,,,,,276638.0,75542.0,27240065.0,,3000.0,3000.0
COMMODITY,rb,rb,SHFE,2611,,,,3450.0,2950.0,,,,3050.0,,,,,,,,96.0,5.0,1720.0,,3050.0,3050.0
COMMODITY,rb,rb,SHFE,2701,,,,3500.0,3000.0,,,,3500.0,,,,,,,,2216.0,333.0,84440.0,,3000.0,3000.0
COMMODITY,ru,ru,SHFE,2608,,,,18000.0,16000.0,,,,16000.0,,,,,,,,9326.0,12402.0,5396640.0,,16000.0,16500.0
COMMODITY,ru,ru,SHFE,2609,,,,18000.0,16000.0,,,,18000.0,,,,,,,,65102.0,40106.0,73705300.0,,16000.0,17000.0
COMMODITY,ru,ru,SHFE,2701,,,,21500.0,14750.0,,,,21500.0,,,,,,,,7650.0,1590.0,6070060.0,,21500.0,19500.0
COMMODITY,sc,sc,SHFE,2609,,,,880.0,450.0,,,,450.0,,,,,,,,53105.0,94009.0,1054400950.0,,600.0,550.0
COMMODITY,sc,sc,SHFE,2610,,,,650.0,420.0,,,,650.0,,,,,,,,3491.0,1634.0,29329550.0,,640.0,640.0
COMMODITY,sc,sc,SHFE,2612,,,,850.0,405.0,,,,850.0,,,,,,,,1892.0,257.0,3181200.0,,850.0,850.0
COMMODITY,sn,sn,SHFE,2608,,,,450000.0,350000.0,,,,380000.0,,,,,,,,43147.0,183309.0,465579240.0,,450000.0,420000.0
COMMODITY,sn,sn,SHFE,2609,,,,420000.0,350000.0,,,,350000.0,,,,,,,,7912.0,5643.0,30444710.0,,350000.0,400000.0
COMMODITY,sn,sn,SHFE,2610,,,,490000.0,315000.0,,,,490000.0,,,,,,,,565.0,311.0,2192882.0,,490000.0,395000.0
COMMODITY,sp,sp,SHFE,2608,,,,4900.0,4600.0,,,,4900.0,,,,,,,,3258.0,2292.0,605200.0,,4900.0,4900.0
COMMODITY,sp,sp,SHFE,2609,,,,5000.0,5000.0,,,,5000.0,,,,,,,,60583.0,21982.0,13224920.0,,5000.0,5000.0
COMMODITY,sp,sp,SHFE,2611,,,,5800.0,4150.0,,,,5100.0,,,,,,,,4721.0,1815.0,1770710.0,,4400.0,4900.0
COMMODITY,sp,sp,SHFE,2701,,,,5700.0,4900.0,,,,4900.0,,,,,,,,1285.0,152.0,213650.0,,4900.0,4900.0
COMMODITY,zn,zn,SHFE,2608,,,,25000.0,24000.0,,,,24000.0,,,,,,,,34447.0,58351.0,23844555.0,,24000.0,24000.0
COMMODITY,zn,zn,SHFE,2609,,,,25000.0,24000.0,,,,24000.0,,,,,,,,9731.0,7348.0,8907825.0,,24000.0,24000.0
COMMODITY,zn,zn,SHFE,2610,,,,23000.0,22000.0,,,,23000.0,,,,,,,,833.0,221.0,1515230.0,,23000.0,23000.0
COMMODITY,zn,zn,SHFE,2611,,,,27500.0,23600.0,,,,21200.0,,,,,,,,144.0,5.0,3720.0,,21200.0,21200.0
