trade_date,underlying,contract_month,underlying_price,strike,distance_to_spot,strike_side,wall_tags,call_gex,put_gex,net_gex,total_abs_gex,gex_share,call_oi,put_oi,total_oi,oi_share,call_volume,put_volume,total_volume,volume_share,avg_iv,avg_delta,avg_gamma
2026-07-24,上证50ETF华夏,12月,3.05,2.7,-0.11475409836065564,below_spot,"put_wall,put_oi_wall",484643.5054999999,-5517788.2938,-5033144.7883,6002431.7993,0.07461263294536889,995.0,11324.0,12319.0,0.13199682839019372,182.0,8627.0,8809.0,0.1617844221197818,0.0011090000000000002,0.3531,0.5237
2026-07-24,上证50ETF华夏,12月,3.05,2.85,-0.06557377049180324,below_spot,,650688.2931999998,-3198220.9887749995,-2547532.695575,3848909.2819749992,0.04784348495713261,968.0,4789.0,5757.0,0.061685667752442996,11.0,1142.0,1153.0,0.021175779169498064,0.0011265,0.24854999999999997,0.7202500000000001
2026-07-24,上证50ETF华夏,12月,3.05,2.9,-0.0491803278688524,below_spot,,1374918.8024999998,-1363314.8639999998,11603.938499999931,2738233.6664999994,0.03403734191549536,1900.0,1920.0,3820.0,0.040930910337733585,138.0,939.0,1077.0,0.019779977593711546,0.0011430000000000001,0.2079,0.7706
2026-07-24,上证50ETF华夏,12月,3.05,2.95,-0.032786885245901565,below_spot,,1847501.6167499998,-1351676.5062499996,495825.1105000002,3199178.1229999997,0.03976706624906428,1345.0,1805.0,3150.0,0.033751928681638954,365.0,504.0,869.0,0.015959889070506345,0.0015695000000000001,0.25055000000000005,1.1408
2026-07-24,上证50ETF华夏,12月,3.05,3.0,-0.016393442622950727,below_spot,"call_wall,max_gamma",12825227.81735,-2202492.5517749996,10622735.265575001,15027720.369125,0.18680058706171848,8266.0,2909.0,11175.0,0.119738985084862,870.0,891.0,1761.0,0.03234219177579019,0.0017005000000000002,0.16685,1.2409
2026-07-24,上证50ETF华夏,12月,3.05,3.1,0.016393442622950838,above_spot,gamma_flip,8945682.891199999,-2087823.3319999997,6857859.559199999,11033506.223199999,0.1371509044097878,5939.0,2764.0,8703.0,0.09325175724327105,1876.0,735.0,2611.0,0.047953130452349904,0.00186,0.03365000000000001,1.2156
2026-07-24,上证50ETF华夏,12月,3.05,3.2,0.049180327868852514,above_spot,price_wall,10112795.564849999,-2042422.9458749993,8070372.6189749995,12155218.510724999,0.1510942377083308,7733.0,2887.0,10620.0,0.11379221669809704,1904.0,512.0,2416.0,0.04437179746184503,0.002014,-0.07214999999999999,1.0831499999999998
2026-07-24,上证50ETF华夏,12月,3.05,3.3,0.08196721311475419,above_spot,,5821853.808874999,-1562496.2729999998,4259357.535874999,7384350.081874999,0.09179043104884546,5473.0,2405.0,7878.0,0.0844119663980799,1883.0,41.0,1924.0,0.03533581883964811,0.0021585000000000003,-0.15419999999999998,0.9209499999999999
2026-07-24,上证50ETF华夏,12月,3.05,3.4,0.11475409836065587,above_spot,,2861946.8697999995,-962380.9280249998,1899565.9417749997,3824327.7978249993,0.04753792725727665,3404.0,1683.0,5087.0,0.054506686096348365,1126.0,12.0,1138.0,0.020900292016382303,0.002354,-0.213,0.75925
2026-07-24,上证50ETF华夏,12月,3.05,3.5,0.14754098360655754,above_spot,call_oi_wall,5978975.54555,-604631.9877999998,5374343.55775,6583607.53335,0.08183688024568557,9118.0,1159.0,10277.0,0.11011700668609635,29811.0,23.0,29834.0,0.5479255817370383,0.0024800000000000004,-0.2607,0.6328499999999999
2026-07-24,上证50ETF华夏,3月,3.05,2.85,-0.06557377049180324,below_spot,"put_wall,put_oi_wall,max_gamma",48247.416249999995,-595057.66875,-546810.2525,643305.085,0.2476145339856086,82.0,1125.0,1207.0,0.3474381116868164,64.0,728.0,792.0,0.39034006899950713,0.00117,0.23965,0.6005499999999999
2026-07-24,上证50ETF华夏,3月,3.05,2.9,-0.0491803278688524,below_spot,,87384.15005,-112570.947875,-25186.797825,199955.097925,0.07696470857329787,139.0,205.0,344.0,0.09902130109383996,66.0,134.0,200.0,0.09857072449482504,0.0011895,0.20590000000000003,0.63305
2026-07-24,上证50ETF华夏,3月,3.05,2.95,-0.032786885245901565,below_spot,,52627.870474999996,-77919.41445,-25291.543975,130547.28492499999,0.05024895010707142,47.0,137.0,184.0,0.05296488198042602,39.0,127.0,166.0,0.08181370133070479,0.0016175,0.24705,0.9075500000000001
2026-07-24,上证50ETF华夏,3月,3.05,3.0,-0.016393442622950727,below_spot,price_wall,247870.973075,-112223.49949999998,135647.473575,360094.47257499996,0.13860394872745666,187.0,196.0,383.0,0.1102475532527346,60.0,201.0,261.0,0.12863479546574666,0.001677,0.18995,1.0202
2026-07-24,上证50ETF华夏,3月,3.05,3.1,0.016393442622950838,above_spot,,280454.74679999996,-31358.262374999995,249096.48442499997,311813.00917499996,0.1200199326226652,214.0,55.0,269.0,0.07743235463442717,213.0,32.0,245.0,0.12074913750616068,0.0018429999999999998,0.07300000000000004,1.01085
2026-07-24,上证50ETF华夏,3月,3.05,3.2,0.049180327868852514,above_spot,gamma_flip,290262.55859999993,-16733.336999999996,273529.22159999993,306995.89559999993,0.11816577763331147,246.0,30.0,276.0,0.07944732297063903,71.0,27.0,98.0,0.04829965500246427,0.0019595000000000003,-0.019350000000000006,0.9339999999999999
2026-07-24,上证50ETF华夏,3月,3.05,3.3,0.08196721311475419,above_spot,,227602.03489999994,-6184.302,221417.73289999994,233786.33689999994,0.08998668938501547,226.0,12.0,238.0,0.06850892343120323,85.0,3.0,88.0,0.04337111877772302,0.0021265,-0.09119999999999998,0.8183
2026-07-24,上证50ETF华夏,3月,3.05,3.4,0.11475409836065587,above_spot,,77863.41339999999,-5183.91115,72679.50224999999,83047.32454999999,0.03196574229970503,92.0,11.0,103.0,0.029648819804260217,22.0,10.0,32.0,0.015771315919172007,0.0022919999999999998,-0.14735,0.7082
2026-07-24,上证50ETF华夏,3月,3.05,3.5,0.14754098360655754,above_spot,"call_wall,call_oi_wall",321638.12362499995,-6827.569874999999,314810.55374999996,328465.69349999994,0.12642971666586816,455.0,15.0,470.0,0.13529073114565343,132.0,15.0,147.0,0.0724494825036964,0.0023365,-0.20025,0.6246
2026-07-24,上证50ETF华夏,8月,3.05,2.85,-0.06557377049180324,below_spot,,4008880.9325499996,-25554072.618249994,-21545191.685699996,29562953.550799992,0.027677250400667184,4322.0,26554.0,30876.0,0.04826743120843664,1397.0,13881.0,15278.0,0.03076929273725465,0.0010115,0.33754999999999996,1.0158
2026-07-24,上证50ETF华夏,8月,3.05,2.9,-0.0491803278688524,below_spot,,11361457.209374998,-50988507.27239999,-39627050.063025,62349964.481774986,0.058372908392574786,10737.0,39224.0,49961.0,0.07810238148091407,6532.0,25379.0,31911.0,0.0642675023261247,0.000997,0.27865,1.26745
2026-07-24,上证50ETF华夏,8月,3.05,2.95,-0.032786885245901565,below_spot,,37614868.6144,-48531767.62799999,-10916899.013599992,86146636.24239999,0.08065168516937898,20513.0,29805.0,50318.0,0.07866046779201046,13817.0,36589.0,50406.0,0.1015157068800928,0.001489,0.31835,1.8608
2026-07-24,上证50ETF华夏,8月,3.05,3.0,-0.016393442622950727,below_spot,"put_wall,put_oi_wall",160392863.68189996,-119657255.99659999,40735607.68529998,280050119.67849994,0.26218683710880125,57619.0,63196.0,120815.0,0.18886609993027828,66247.0,56980.0,123227.0,0.24817434455646542,0.0015865000000000002,0.1826,2.5139
2026-07-24,上证50ETF华夏,8月,3.05,3.1,0.016393442622950838,above_spot,"call_wall,call_oi_wall,price_wall,max_gamma,gamma_flip",283524069.46500003,-83430554.06099997,200093515.40400004,366954623.526,0.3435480485249697,105170.0,44680.0,149850.0,0.2342555566324728,95630.0,61964.0,157594.0,0.3173881345486915,0.0017705,-0.08104999999999998,2.45265
2026-07-24,上证50ETF华夏,8月,3.05,3.2,0.049180327868852514,above_spot,,132398343.07354999,-14959409.785999995,117438933.28754999,147357752.85954997,0.13795838827014054,77642.0,10630.0,88272.0,0.13799270266974734,57662.0,17080.0,74742.0,0.15052745632726058,0.002008,-0.26049999999999995,1.67295
2026-07-24,上证50ETF华夏,8月,3.05,3.3,0.08196721311475419,above_spot,,44499713.05164999,-2243762.9999999995,42255950.05164999,46743476.05164999,0.04376189574752748,50599.0,2250.0,52849.0,0.08261709651297668,19196.0,734.0,19930.0,0.040138238267671496,0.002324,-0.35169999999999996,1.0087000000000002
2026-07-24,上证50ETF华夏,8月,3.05,3.4,0.11475409836065587,above_spot,,11857209.109199999,-1116037.204375,10741171.904824998,12973246.313575,0.01214573456313641,24934.0,1525.0,26459.0,0.041362480967224544,5293.0,610.0,5903.0,0.011888410461317856,0.0025044999999999998,-0.40800000000000003,0.6489499999999999
2026-07-24,上证50ETF华夏,9月,3.05,2.65,-0.13114754098360648,below_spot,put_oi_wall,908943.1818999999,-10777382.909349997,-9868439.727449996,11686326.091249997,0.027739173444974723,2132.0,31637.0,33769.0,0.0721422635438987,142.0,3536.0,3678.0,0.028262957697775388,0.0011285,0.4306,0.41225
2026-07-24,上证50ETF华夏,9月,3.05,2.85,-0.06557377049180324,below_spot,,4114310.6302499985,-13724462.538149998,-9610151.907899998,17838773.168399997,0.04234289023770346,5006.0,14874.0,19880.0,0.04247055581310392,343.0,2884.0,3227.0,0.02479732585392093,0.0010600000000000002,0.2905,0.9377
2026-07-24,上证50ETF华夏,9月,3.05,2.9,-0.0491803278688524,below_spot,,4401206.521074999,-15320887.726375,-10919681.205300001,19722094.24745,0.04681322331384965,4859.0,14165.0,19024.0,0.040641843751936066,1332.0,5645.0,6977.0,0.05361355515426288,0.001064,0.23685,1.0682
2026-07-24,上证50ETF华夏,9月,3.05,2.95,-0.032786885245901565,below_spot,,14755952.389849996,-14929122.334399998,-173169.944550002,29685074.724249996,0.07046178842463986,8399.0,12262.0,20661.0,0.044139041934333004,1323.0,6873.0,8196.0,0.06298075075882738,0.0015945,0.26335000000000003,1.5987
2026-07-24,上证50ETF华夏,9月,3.05,3.0,-0.016393442622950727,below_spot,price_wall,45278716.49489999,-19425252.588749997,25853463.90614999,64703969.083649985,0.1535841638317376,21049.0,14969.0,36018.0,0.07694690539619602,9397.0,13103.0,22500.0,0.17289737580205172,0.0016844999999999998,0.15975,1.8537
2026-07-24,上证50ETF华夏,9月,3.05,3.1,0.016393442622950838,above_spot,"call_wall,put_wall,max_gamma",51741400.45864999,-19756445.40315,31984955.055499993,71497845.86179999,0.16971040614616295,25378.0,15343.0,40721.0,0.08699414000328998,11674.0,5570.0,17244.0,0.13250854881469243,0.001864,-0.03184999999999996,1.78795
2026-07-24,上证50ETF华夏,9月,3.05,3.2,0.049180327868852514,above_spot,gamma_flip,46709694.395,-12707105.974699998,34002588.42030001,59416800.3697,0.14103430951106158,29350.0,11476.0,40826.0,0.08721845631920426,11525.0,1660.0,13185.0,0.1013178622200023,0.0020340000000000002,-0.17885,1.45055
2026-07-24,上证50ETF华夏,9月,3.05,3.3,0.08196721311475419,above_spot,,34521497.684549995,-5556868.282349999,28964629.402199995,40078365.96689999,0.09513175794225133,32166.0,6157.0,38323.0,0.08187118261698095,10725.0,625.0,11350.0,0.08721712068236831,0.002234,-0.27654999999999996,1.06195
2026-07-24,上证50ETF华夏,9月,3.05,3.4,0.11475409836065587,above_spot,,16423498.632499998,-2102313.4641499994,14321185.16835,18525812.096649997,0.04397367581097663,23900.0,2798.0,26698.0,0.05703616192647125,7744.0,18.0,7762.0,0.05964575248780113,0.002334,-0.3468,0.7732
2026-07-24,上证50ETF华夏,9月,3.05,3.6,0.18032786885245922,above_spot,call_oi_wall,32551871.731499996,-1485711.9495999997,31066159.781899996,34037583.681099996,0.0807930935698272,90772.0,2962.0,93734.0,0.2002482433896118,15450.0,356.0,15806.0,0.12145848541898797,0.003213,-0.3739,0.46235000000000004
2026-07-24,中证500ETF南方,12月,7.545,6.876,-0.0886679920477137,below_spot,put_oi_wall,1479690.4983390004,-5300822.552602501,-3821132.0542635005,6780513.050941501,0.04837427103243761,1487.0,4785.0,6272.0,0.059099560899308366,136.0,328.0,464.0,0.008548268238761975,0.001745,0.2205,0.1847
2026-07-24,中证500ETF南方,12月,7.545,7.122,-0.05606361829025841,below_spot,put_wall,3592099.831661999,-5385381.955537501,-1793282.1238755016,8977481.787199501,0.06404812348270013,1572.0,4475.0,6047.0,0.056979439534138664,39.0,399.0,438.0,0.008069270449521002,0.0023014999999999997,0.269,0.3064
2026-07-24,中证500ETF南方,12月,7.545,7.25,-0.039098740888005246,below_spot,,1714434.7786289998,-2182650.4509300003,-468215.67230100045,3897085.229559,0.02780300778346262,653.0,1780.0,2433.0,0.022925579028701733,289.0,701.0,990.0,0.018238761974944732,0.0024635,0.20120000000000002,0.3383
2026-07-24,中证500ETF南方,12月,7.545,7.367,-0.023591782637508274,below_spot,,3263249.4863445004,-4012100.02159875,-748850.5352542493,7275349.50794325,0.05190458691088135,1202.0,3205.0,4407.0,0.041526110472457266,272.0,495.0,767.0,0.014130434782608696,0.0025365,0.15170000000000003,0.3484
2026-07-24,中证500ETF南方,12月,7.545,7.5,-0.005964214711729587,below_spot,,4441437.95144625,-2315688.908355,2125749.04309125,6757126.85980125,0.04820742673317359,1607.0,1860.0,3467.0,0.03266871454685939,584.0,468.0,1052.0,0.019380987472365514,0.0026275,0.10119999999999998,0.35209999999999997
2026-07-24,中证500ETF南方,12月,7.545,7.613,0.009012591119947011,above_spot,"price_wall,max_gamma",6316991.581122001,-5307516.60147225,1009474.9796497505,11624508.18259425,0.08293282605886611,2363.0,4213.0,6576.0,0.06196408043269321,563.0,369.0,932.0,0.017170228445099484,0.0026825,0.060450000000000004,0.34545000000000003
2026-07-24,中证500ETF南方,12月,7.545,7.75,0.02717031146454607,above_spot,,3604174.0536645004,-993959.518986,2610214.5346785,4598133.572650501,0.032804502847444635,1406.0,798.0,2204.0,0.02076776661704012,570.0,93.0,663.0,0.012214443625644805,0.0027665,0.015600000000000003,0.33455
2026-07-24,中证500ETF南方,12月,7.545,7.859,0.041616964877402296,above_spot,,6198937.4552175,-3648026.6488327505,2550910.8063847497,9846964.10405025,0.0702512784559672,2485.0,2857.0,5342.0,0.05033639258994026,795.0,121.0,916.0,0.016875460574797347,0.002745,-0.019549999999999984,0.33125
2026-07-24,中证500ETF南方,12月,7.545,8.0,0.06030483764082173,above_spot,gamma_flip,5609944.837406251,-789023.3675265001,4820921.46987975,6398968.204932751,0.045652212442889716,2389.0,667.0,3056.0,0.028795959519816068,1427.0,305.0,1732.0,0.031908621960206336,0.0029215,-0.05669999999999997,0.31015
2026-07-24,中证500ETF南方,12月,7.545,8.35,0.1066931742876076,above_spot,call_wall,6413576.81808825,-2736077.9098725,3677498.90821575,9149654.72796075,0.06527645833557384,3301.0,2390.0,5691.0,0.05362493639635905,698.0,4.0,702.0,0.012932940309506263,0.00302,-0.14300000000000002,0.2712
2026-07-24,中证500ETF南方,12月,7.545,9.823,0.301921802518224,above_spot,call_oi_wall,5387828.679072,-3201469.43246325,2186359.24660875,8589298.111535251,0.06127870143515421,8048.0,4043.0,12091.0,0.1139306107834084,7380.0,1.0,7381.0,0.1359801031687546,0.0036635,-0.32930000000000004,0.12835
2026-07-24,中证500ETF南方,3月,7.545,6.75,-0.10536779324055667,below_spot,,254737.05147000003,-292496.74715250003,-37759.695682499994,547233.7986225,0.04780978381477006,339.0,346.0,685.0,0.08682976296108505,226.0,262.0,488.0,0.06074940868915723,0.0017850000000000001,0.2288,0.14024999999999999
2026-07-24,中证500ETF南方,3月,7.545,7.0,-0.07223326706428101,below_spot,gamma_flip,270779.08711499994,-226983.98824200002,43795.09887299992,497763.075357,0.04348771052463789,340.0,253.0,593.0,0.07516795538091013,225.0,369.0,594.0,0.07394497696999876,0.0018085,0.18855,0.14875
2026-07-24,中证500ETF南方,3月,7.545,7.25,-0.039098740888005246,below_spot,,185607.149391,-282721.2384195,-97114.08902849999,468328.3878105,0.040916111234177675,74.0,306.0,380.0,0.048168335657244266,80.0,422.0,502.0,0.06249221959417403,0.002254,0.2562,0.30145
2026-07-24,中证500ETF南方,3月,7.545,7.5,-0.005964214711729587,below_spot,,1089057.2527889998,-145636.97732775,943420.2754612498,1234694.2301167499,0.10787064755104231,396.0,159.0,555.0,0.0703511218151857,688.0,191.0,879.0,0.1094236275364123,0.002553,0.1329,0.32199999999999995
2026-07-24,中证500ETF南方,3月,7.545,7.75,0.02717031146454607,above_spot,"put_wall,put_oi_wall,price_wall",1667306.60244225,-720812.8369012501,946493.7655409998,2388119.4393435,0.20864112269064108,651.0,785.0,1436.0,0.18202560527316516,590.0,574.0,1164.0,0.14490227810282585,0.0026910000000000002,0.051299999999999985,0.3056
2026-07-24,中证500ETF南方,3月,7.545,8.0,0.06030483764082173,above_spot,"call_wall,call_oi_wall,max_gamma",2120970.5886127497,-307255.64765400003,1813714.9409587497,2428226.23626675,0.21214510452661356,917.0,344.0,1261.0,0.15984281911522372,695.0,118.0,813.0,0.10120751898419021,0.0028399999999999996,-0.01469999999999999,0.2816
2026-07-24,中证500ETF南方,3月,7.545,8.25,0.09343936381709739,above_spot,,399577.05044775,-163324.7732655,236252.27718225002,562901.82371325,0.04917864095458625,197.0,189.0,386.0,0.04892888832551654,378.0,141.0,519.0,0.0646084899788373,0.0029825,-0.06865000000000002,0.25405
2026-07-24,中证500ETF南方,3月,7.545,8.5,0.12657388999337305,above_spot,,1210239.51871725,-492327.11373975,717912.4049775001,1702566.6324570002,0.14874692102883472,679.0,601.0,1280.0,0.16225123589808593,701.0,583.0,1284.0,0.15984065728868418,0.0031375,-0.11385000000000003,0.22849999999999998
2026-07-24,中证500ETF南方,8月,7.545,7.0,-0.07223326706428101,below_spot,put_oi_wall,3464687.47211775,-82885253.70415275,-79420566.232035,86349941.1762705,0.05852109637198892,1633.0,40321.0,41954.0,0.061770729502391826,1354.0,83301.0,84655.0,0.07480240166473008,0.0028169999999999996,0.3402,0.3669
2026-07-24,中证500ETF南方,8月,7.545,7.122,-0.05606361829025841,below_spot,,1835327.286,-19736244.342864003,-17900917.056864005,21571571.628864,0.01461948908119147,650.0,8512.0,9162.0,0.013489617764716449,586.0,14631.0,15217.0,0.013445964752609977,0.0028725,0.2804,0.45165
2026-07-24,中证500ETF南方,8月,7.545,7.25,-0.039098740888005246,below_spot,,24174088.491222,-90758210.5966005,-66584122.1053785,114932299.0878225,0.07789193668867317,7178.0,35163.0,42341.0,0.06234052671642209,5073.0,173856.0,178929.0,0.15810429304197612,0.0028975000000000003,0.2112,0.5225
2026-07-24,中证500ETF南方,8月,7.545,7.367,-0.023591782637508274,below_spot,,9708017.75997075,-26078082.293317504,-16370064.533346754,35786100.05328825,0.024252961628787192,2571.0,9510.0,12081.0,0.017787390549611374,1398.0,17874.0,19272.0,0.01702902232452517,0.0029024999999999997,0.1446,0.5725
2026-07-24,中证500ETF南方,8月,7.545,7.5,-0.005964214711729587,below_spot,put_wall,143820919.83971253,-100839621.2526,42981298.58711253,244660541.0923125,0.16581138225049302,36925.0,35800.0,72725.0,0.10707623356679805,71012.0,139177.0,210189.0,0.18572608828194379,0.0029784999999999994,0.06375000000000003,0.5895
2026-07-24,中证500ETF南方,8月,7.545,7.613,0.009012591119947011,above_spot,,20869754.770935,-23431901.264243998,-2562146.4933089986,44301656.035179,0.030024125632941046,5348.0,8206.0,13554.0,0.019956153589059892,12043.0,20191.0,32234.0,0.02848243594898009,0.0029905,-0.0031999999999999806,0.59355
2026-07-24,中证500ETF南方,8月,7.545,7.75,0.02717031146454607,above_spot,"call_wall,call_oi_wall,price_wall,max_gamma",203322820.78508174,-85688039.84046075,117634780.944621,289010860.6255425,0.1958684881173572,54721.0,31119.0,85840.0,0.12638602804226806,123856.0,81297.0,205153.0,0.18127620469817932,0.003056,-0.07999999999999999,0.5682
2026-07-24,中证500ETF南方,8月,7.545,7.859,0.041616964877402296,above_spot,,31077981.760526996,-21177604.736730002,9900377.023796994,52255586.497256994,0.0354146646972025,8916.0,7949.0,16865.0,0.024831085309096584,12331.0,6672.0,19003.0,0.016791329972652126,0.003071,-0.13774999999999998,0.54015
2026-07-24,中证500ETF南方,8月,7.545,8.0,0.06030483764082173,above_spot,gamma_flip,114298588.58406302,-40249519.806168,74049068.77789503,154548108.390231,0.10474036950124449,37306.0,16644.0,53950.0,0.07943297079310767,89557.0,18624.0,108181.0,0.09559032088467503,0.0031795,-0.20059999999999997,0.48150000000000004
2026-07-24,中证500ETF南方,9月,7.545,6.385,-0.15374420145791923,below_spot,put_oi_wall,1808967.7963440004,-71886757.21445699,-70077789.418113,73695725.01080099,0.12055361462886048,1896.0,77282.0,79178.0,0.177274365765794,72.0,8050.0,8122.0,0.0653640007082039,0.001814,0.37505,0.16549999999999998
2026-07-24,中证500ETF南方,9月,7.545,6.631,-0.12113982770046383,below_spot,"put_wall,max_gamma",1015430.1157350001,-93553618.42119825,-92538188.30546325,94569048.53693324,0.15469880554765628,868.0,75489.0,76357.0,0.17095833118768766,81.0,2777.0,2858.0,0.023000531152923755,0.0017590000000000001,0.32455,0.2116
2026-07-24,中证500ETF南方,9月,7.545,7.122,-0.05606361829025841,below_spot,,2805941.60130375,-18245711.5233435,-15439769.92203975,21051653.12464725,0.034436907672965,1099.0,9926.0,11025.0,0.024684254244460316,230.0,3580.0,3810.0,0.030662009689516972,0.002752,0.24725,0.38570000000000004
2026-07-24,中证500ETF南方,9月,7.545,7.25,-0.039098740888005246,below_spot,,5026031.81803575,-12831460.734887999,-7805428.916852249,17857492.552923746,0.029211806724845964,1739.0,6583.0,8322.0,0.018632413952145013,313.0,6246.0,6559.0,0.05278533374108709,0.00279,0.18914999999999998,0.42505000000000004
2026-07-24,中证500ETF南方,9月,7.545,7.367,-0.023591782637508274,below_spot,price_wall,12019367.121210001,-23665082.3284275,-11645715.2072175,35684449.4496375,0.05837366233338716,3945.0,11430.0,15375.0,0.03442361986472357,1259.0,4229.0,5488.0,0.044166170387419726,0.0027995000000000003,0.13404999999999997,0.44945
2026-07-24,中证500ETF南方,9月,7.545,7.5,-0.005964214711729587,below_spot,,17095411.038519002,-12573761.77030725,4521649.268211752,29669172.808826253,0.048533697505901384,5478.0,6063.0,11541.0,0.02583954451113982,4759.0,9064.0,13823.0,0.11124434644047064,0.0028855,0.07099999999999998,0.45625000000000004
2026-07-24,中证500ETF南方,9月,7.545,7.613,0.009012591119947011,above_spot,,13327937.25948,-17138593.602603,-3810656.343123,30466530.862083,0.049838039046193494,4192.0,8228.0,12420.0,0.0278075680468206,1708.0,3605.0,5313.0,0.042757810362310675,0.0028975,0.019199999999999995,0.4622
2026-07-24,中证500ETF南方,9月,7.545,7.75,0.02717031146454607,above_spot,,11102203.86675975,-8740714.88971125,2361488.9770484995,19842918.756471,0.032459624768313176,3587.0,4271.0,7858.0,0.0175935482859836,5023.0,6656.0,11679.0,0.09398992418999179,0.0029474999999999996,-0.041450000000000015,0.4516
2026-07-24,中证500ETF南方,9月,7.545,7.859,0.041616964877402296,above_spot,,11244092.199491253,-14875070.342877,-3630978.1433857474,26119162.542368256,0.04272648725688962,3845.0,7396.0,11241.0,0.025167864123535458,2203.0,1147.0,3350.0,0.02696003476637319,0.0029939999999999997,-0.08604999999999999,0.4335
2026-07-24,中证500ETF南方,9月,7.545,8.0,0.06030483764082173,above_spot,,18345676.517784003,-3892536.7602614993,14453139.757522505,22238213.2780455,0.03637791735087738,6776.0,2054.0,8830.0,0.01976979274182173,4063.0,573.0,4636.0,0.03730946900803168,0.0030795,-0.13854999999999998,0.40425
2026-07-24,中证500ETF南方,9月,7.545,8.35,0.1066931742876076,above_spot,call_wall,19509710.64738975,-16893602.457813002,2616108.1895767488,36403313.10520275,0.059549600450435405,9673.0,10398.0,20071.0,0.04493765686535719,3425.0,681.0,4106.0,0.03304415007484428,0.0032605,-0.24430000000000002,0.31984999999999997
2026-07-24,中证500ETF南方,9月,7.545,9.823,0.301921802518224,above_spot,call_oi_wall,7688248.0515112495,-541598.0231475001,7146650.028363749,8229846.07465875,0.01346262204481795,20619.0,682.0,21301.0,0.04769154645453507,1527.0,27.0,1554.0,0.01250623702296834,0.0043545,-0.407,0.10250000000000001
2026-07-24,中证500ETF嘉实,12月,3.056,2.85,-0.06740837696335078,below_spot,,312464.6096768,-1473790.1871052799,-1161325.57742848,1786254.7967820799,0.0459753959275515,545.0,3069.0,3614.0,0.05642819223682978,341.0,657.0,998.0,0.05114539025265208,0.002145,0.32245,0.5640499999999999
2026-07-24,中证500ETF嘉实,12月,3.056,2.9,-0.05104712041884818,below_spot,"put_wall,put_oi_wall",3219637.2507648,-1818473.04154624,1401164.2092185598,5038110.29231104,0.129673054388965,3288.0,3658.0,6946.0,0.10845329919120632,320.0,315.0,635.0,0.03254240762568544,0.0023685,0.24105000000000001,0.7904
2026-07-24,中证500ETF嘉实,12月,3.056,2.95,-0.03468586387434547,below_spot,gamma_flip,3554357.20831232,-1577638.2041190402,1976719.00419328,5131995.41243136,0.13208951007995234,3347.0,3086.0,6433.0,0.10044343128376479,186.0,255.0,441.0,0.022600317736893354,0.002462,0.18514999999999998,0.8422499999999999
2026-07-24,中证500ETF嘉实,12月,3.056,3.0,-0.01832460732984298,below_spot,"call_wall,call_oi_wall,price_wall,max_gamma",4414683.366374401,-1528368.6582374398,2886314.708136962,5943052.024611841,0.15296483477149764,3970.0,2994.0,6964.0,0.10873434718795866,113.0,566.0,679.0,0.034797314610772304,0.002549,0.13654999999999998,0.86865
2026-07-24,中证500ETF嘉实,12月,3.056,3.1,0.014397905759162333,above_spot,,2535443.2752256,-599666.29612544,1935776.9791001603,3135109.57135104,0.0806928015414057,2393.0,1186.0,3579.0,0.05588171002092246,297.0,22.0,319.0,0.01634807564187977,0.002729,0.04689999999999997,0.83795
2026-07-24,中证500ETF嘉实,12月,3.056,3.2,0.04712041884816753,above_spot,,2073585.9236556801,-795932.535168,1277653.3884876801,2869518.45882368,0.07385690300370457,2116.0,1605.0,3721.0,0.05809886643974643,356.0,41.0,397.0,0.020345410751806486,0.0028469999999999997,-0.029299999999999993,0.7901499999999999
2026-07-24,中证500ETF嘉实,12月,3.056,3.3,0.07984293193717273,above_spot,,1652850.74911232,-671207.4399744,981643.3091379199,2324058.18908672,0.059817611459696905,1888.0,1449.0,3337.0,0.0521031758423633,705.0,455.0,1160.0,0.059447547788653715,0.003024,-0.09255000000000002,0.7167
2026-07-24,中证500ETF嘉实,12月,3.056,3.4,0.11256544502617793,above_spot,,1425789.3628492802,-591889.2240128,833900.1388364802,2017678.5868620803,0.05193188119222376,1873.0,1295.0,3168.0,0.04946444742841083,960.0,453.0,1413.0,0.07241326295290319,0.0030615,-0.15050000000000002,0.65225
2026-07-24,中证500ETF嘉实,3月,3.056,2.85,-0.06740837696335078,below_spot,,35882.174599679995,-163160.21601024002,-127278.04141056002,199042.39060992002,0.041309258452339445,89.0,449.0,538.0,0.07501394311210262,66.0,463.0,529.0,0.07085454058398072,0.0018255,0.19015,0.4104
2026-07-24,中证500ETF嘉实,3月,3.056,2.9,-0.05104712041884818,below_spot,,57390.29819904,-55264.33728,2125.9609190400006,112654.63547904001,0.023380343446426727,138.0,150.0,288.0,0.040156162855549356,178.0,168.0,346.0,0.04634342351995714,0.0018505000000000001,0.16770000000000002,0.4199
2026-07-24,中证500ETF嘉实,3月,3.056,2.95,-0.03468586387434547,below_spot,gamma_flip,225287.977728,-20109.494592000003,205178.483136,245397.47232,0.05092979227467372,215.0,55.0,270.0,0.03764640267707752,102.0,48.0,150.0,0.02009107956067506,0.0024070000000000003,0.22135000000000002,0.75675
2026-07-24,中证500ETF嘉实,3月,3.056,3.0,-0.01832460732984298,below_spot,,493846.0403712,-66355.58858496,427490.45178624,560201.62895616,0.11626424805821356,440.0,173.0,613.0,0.0854712771890686,385.0,96.0,481.0,0.06442539512456469,0.002415,0.16955,0.80625
2026-07-24,中证500ETF嘉实,3月,3.056,3.1,0.014397905759162333,above_spot,"call_wall,put_wall,call_oi_wall,put_oi_wall,price_wall,max_gamma",1233124.5748224,-292756.60454144,940367.97028096,1525881.17936384,0.3166813853709809,1196.0,793.0,1989.0,0.27732849972113777,1260.0,882.0,2142.0,0.28690061612643986,0.0026845000000000003,0.08009999999999998,0.74965
2026-07-24,中证500ETF嘉实,3月,3.056,3.2,0.04712041884816753,above_spot,,473496.99694080005,-127084.72129536002,346412.27564544004,600581.7182361601,0.12464473193044118,490.0,354.0,844.0,0.11767986614612382,555.0,260.0,815.0,0.10916153227966782,0.0028314999999999994,0.011400000000000021,0.70955
2026-07-24,中证500ETF嘉实,3月,3.056,3.3,0.07984293193717273,above_spot,,308687.9564697599,-108075.37692416,200612.57954559993,416763.3333939199,0.08649506368906079,361.0,311.0,672.0,0.09369771332961517,322.0,260.0,582.0,0.07795338869541923,0.002984,-0.0451,0.64385
2026-07-24,中证500ETF嘉实,3月,3.056,3.4,0.11256544502617793,above_spot,,502517.4281472,-105258.60011520001,397258.828032,607776.0282624,0.1261378390587746,670.0,315.0,985.0,0.13733965421081987,973.0,265.0,1238.0,0.1658183766407715,0.00313,-0.09179999999999999,0.58045
2026-07-24,中证500ETF嘉实,8月,3.056,2.85,-0.06740837696335078,below_spot,,717392.45601792,-2581719.34784512,-1864326.8918271998,3299111.80386304,0.028681779299408395,758.0,2996.0,3754.0,0.028016388915838887,902.0,9805.0,10707.0,0.05310248029797301,0.0031465,0.29565,0.9680500000000001
2026-07-24,中证500ETF嘉实,8月,3.056,2.9,-0.05104712041884818,below_spot,,1661269.51325952,-3429681.1435827203,-1768411.6303232003,5090950.65684224,0.044259646791221366,1413.0,3523.0,4936.0,0.03683774525534916,1297.0,9139.0,10436.0,0.05175842760713985,0.002981,0.2518,1.15065
2026-07-24,中证500ETF嘉实,8月,3.056,2.95,-0.03468586387434547,below_spot,,3920324.6074368,-3989912.3776,-69587.77016319986,7910236.9850368,0.0687699250280582,2892.0,3715.0,6607.0,0.04930854596881927,4040.0,16514.0,20554.0,0.10193970113426144,0.0029595000000000003,0.1882,1.3007499999999999
2026-07-24,中证500ETF嘉实,8月,3.056,3.0,-0.01832460732984298,below_spot,,8463515.97943296,-7356667.9170764815,1106848.0623564776,15820183.89650944,0.1375373282179847,5658.0,6452.0,12110.0,0.09037785555961879,11643.0,22561.0,34204.0,0.1696382960784411,0.002952,0.11869999999999997,1.4113
2026-07-24,中证500ETF嘉实,8月,3.056,3.1,0.014397905759162333,above_spot,"put_wall,put_oi_wall,price_wall,max_gamma",12333613.405982722,-8036243.03612416,4297370.369858562,20369856.44210688,0.17709121774807127,8126.0,6997.0,15123.0,0.11286410484129768,18952.0,20939.0,39891.0,0.19784356416983667,0.0030485,-0.02560000000000001,1.4275
2026-07-24,中证500ETF嘉实,8月,3.056,3.2,0.04712041884816753,above_spot,"call_wall,gamma_flip",13898525.356257278,-5541141.74650368,8357383.609753598,19439667.10276096,0.1690043486378634,10456.0,5176.0,15632.0,0.11666281074384482,17787.0,13681.0,31468.0,0.15606881946545387,0.003111,-0.1556,1.2848000000000002
2026-07-24,中证500ETF嘉实,8月,3.056,3.3,0.07984293193717273,above_spot,,12771968.4482432,-3073497.7035059202,9698470.74473728,15845466.151749121,0.13775712679047525,12355.0,3404.0,15759.0,0.11761062145037428,11160.0,2941.0,14101.0,0.06993537635955145,0.0032530000000000002,-0.25615,1.03685
2026-07-24,中证500ETF嘉实,8月,3.056,3.4,0.11256544502617793,above_spot,call_oi_wall,10931396.582745597,-1051425.1465472,9879971.436198397,11982821.729292797,0.10417611425635673,14807.0,1426.0,16233.0,0.12114811967789361,6486.0,729.0,7215.0,0.035783543041923535,0.003438,-0.32565,0.79
2026-07-24,中证500ETF嘉实,9月,3.056,2.8,-0.08376963350785349,below_spot,"put_wall,put_oi_wall,max_gamma",1148721.85304832,-8386633.4101401605,-7237911.557091841,9535355.263188481,0.12664530195892135,1767.0,12908.0,14675.0,0.11189307063559839,471.0,3394.0,3865.0,0.06914750872171035,0.002572,0.3454,0.6959
2026-07-24,中证500ETF嘉实,9月,3.056,2.85,-0.06740837696335078,below_spot,,453418.04132352,-3808304.65964032,-3354886.6183168003,4261722.70096384,0.05660273198339949,507.0,5374.0,5881.0,0.04484110040258631,244.0,1864.0,2108.0,0.037713570086769836,0.0028409999999999998,0.27190000000000003,0.8582000000000001
2026-07-24,中证500ETF嘉实,9月,3.056,2.9,-0.05104712041884818,below_spot,,1832158.98500608,-2747383.1060428806,-915224.1210368006,4579542.091048961,0.060823899576506156,1723.0,3618.0,5341.0,0.04072374039282664,960.0,3681.0,4641.0,0.08303068252974327,0.0027935,0.22755,0.9758500000000001
2026-07-24,中证500ETF嘉实,9月,3.056,2.95,-0.03468586387434547,below_spot,,3194649.64526592,-2242406.8701696005,952242.7750963196,5437056.515435521,0.07221311059309204,2766.0,2780.0,5546.0,0.04228681224838356,2078.0,2603.0,4681.0,0.08374631004562125,0.0028335,0.17054999999999998,1.0502
2026-07-24,中证500ETF嘉实,9月,3.056,3.0,-0.01832460732984298,below_spot,,2948087.3959040004,-2001746.3010201603,946341.0948838401,4949833.696924161,0.0657419850536106,2471.0,2417.0,4888.0,0.03726973282908381,2038.0,2297.0,4335.0,0.07755613203327667,0.002908,0.11255000000000001,1.08215
2026-07-24,中证500ETF嘉实,9月,3.056,3.1,0.014397905759162333,above_spot,call_wall,5132578.0811264,-3062754.6151910396,2069823.4659353606,8195332.69631744,0.1088475841047882,4105.0,3663.0,7768.0,0.05922898621446871,3331.0,3663.0,6994.0,0.12512747115126577,0.0029505,0.0015500000000000236,1.1170499999999999
2026-07-24,中证500ETF嘉实,9月,3.056,3.2,0.04712041884816753,above_spot,price_wall,4989597.5900108805,-3138347.5431936,1851250.0468172804,8127945.133204481,0.10795256571867064,4466.0,3940.0,8406.0,0.06409357081859217,4198.0,4436.0,8634.0,0.15446819930226316,0.0030855,-0.09810000000000002,1.0246
2026-07-24,中证500ETF嘉实,9月,3.056,3.3,0.07984293193717273,above_spot,,5092270.3701504,-2699841.487104,2392428.8830464003,7792111.857254401,0.10349214390253271,5253.0,3735.0,8988.0,0.06853116994022203,2039.0,2030.0,4069.0,0.07279720905268808,0.0031855,-0.18455000000000002,0.906
2026-07-24,中证500ETF嘉实,9月,3.056,3.4,0.11256544502617793,above_spot,,2444714.4095078404,-1134841.1886028799,1309873.2209049605,3579555.5981107205,0.04754242365269685,3141.0,1782.0,4923.0,0.03753659875564231,1065.0,557.0,1622.0,0.029018695768852312,0.0033539999999999998,-0.24945,0.7576499999999999
2026-07-24,中证500ETF嘉实,9月,3.056,3.5,0.14528795811518314,above_spot,gamma_flip,3284237.6421299204,-1186896.9723187198,2097340.6698112004,4471134.6144486405,0.05938406883819538,5453.0,2132.0,7585.0,0.05783365865560571,2275.0,609.0,2884.0,0.05159674389480275,0.0035509999999999995,-0.29674999999999996,0.6205
2026-07-24,中证500ETF嘉实,9月,3.056,3.9,0.27617801047120416,above_spot,call_oi_wall,2804280.48464384,-290224.11103232007,2514056.37361152,3094504.5956761604,0.04110014342576577,13441.0,1297.0,14738.0,0.11237342930340369,1941.0,10.0,1951.0,0.03490473208694874,0.0032534999999999994,-0.45489999999999997,0.23149999999999998
2026-07-24,创业板ETF易方达,12月,3.508,3.2,-0.08779931584948686,below_spot,"put_wall,put_oi_wall,max_gamma",1365445.5430363195,-4330650.117640319,-2965204.574604,5696095.660676639,0.12302750371087381,2397.0,9972.0,12369.0,0.1254653344829335,138.0,2385.0,2523.0,0.020240024387504614,0.003682,0.22465,0.4079
2026-07-24,创业板ETF易方达,12月,3.508,3.3,-0.05929304446978345,below_spot,,764174.5786336,-2161154.0414879997,-1396979.4628543998,2925328.6201215996,0.06318290617064241,1255.0,4740.0,5995.0,0.06081046812395395,319.0,1309.0,1628.0,0.013060150496574519,0.0037354999999999997,0.17725,0.43265
2026-07-24,创业板ETF易方达,12月,3.508,3.4,-0.030786773090079822,below_spot,,787649.99550192,-1990838.115728,-1203188.12022608,2778488.11122992,0.06001136160244046,1233.0,4202.0,5435.0,0.05513009078460212,476.0,660.0,1136.0,0.009113225407929148,0.0037614999999999997,0.13024999999999998,0.45205
2026-07-24,创业板ETF易方达,12月,3.508,3.5,-0.0022805017103763037,below_spot,price_wall,2233742.5905983998,-1587506.2528247999,646236.3377735999,3821248.8434232,0.08253349913167972,3430.0,3285.0,6715.0,0.0681138104174063,739.0,872.0,1611.0,0.01292377300367417,0.0038100000000000005,0.08355000000000001,0.46094999999999997
2026-07-24,创业板ETF易方达,12月,3.508,3.6,0.026225769669327326,above_spot,,1556787.4866860798,-1553003.1258848,3784.3608012797777,3109790.61257088,0.06716702087174159,2386.0,3203.0,5589.0,0.056692194552923875,1016.0,1612.0,2628.0,0.02108235596130088,0.003865,0.03839999999999999,0.4621
2026-07-24,创业板ETF易方达,12月,3.508,3.7,0.054732041049030844,above_spot,,2193536.4644188797,-1134396.9763448,1059139.4880740796,3327933.44076368,0.07187859335993996,3374.0,2345.0,5719.0,0.058010853578130545,1291.0,430.0,1721.0,0.01380621560479407,0.0038935000000000003,-0.005400000000000016,0.4607
2026-07-24,创业板ETF易方达,12月,3.508,3.8,0.08323831242873436,above_spot,,1385689.38749824,-713127.54843392,672561.83906432,2098816.93593216,0.04533143819132518,2189.0,1492.0,3681.0,0.037338337475275145,1070.0,623.0,1693.0,0.013581593851781731,0.003939,-0.0466,0.4514
2026-07-24,创业板ETF易方达,12月,3.508,3.9,0.11174458380843788,above_spot,,2156827.2293856,-634322.9602758399,1522504.26910976,2791150.18966144,0.060284844351681396,3540.0,1364.0,4904.0,0.04974387584318101,1862.0,144.0,2006.0,0.016092544162241082,0.0040035,-0.08445000000000003,0.4365
2026-07-24,创业板ETF易方达,12月,3.508,4.2,0.19726339794754844,above_spot,gamma_flip,1134536.89629248,-266097.46756992,868439.4287225599,1400634.3638624,0.030251695136943913,2204.0,633.0,2837.0,0.028777197342394888,768.0,5.0,773.0,0.006201164824233479,0.004171,-0.18200000000000002,0.37995
2026-07-24,创业板ETF易方达,12月,3.508,4.8,0.36830102622576955,above_spot,"call_wall,call_oi_wall",3448963.9493855997,-405760.4646336,3043203.484752,3854724.4140191996,0.08325652348573942,10863.0,1278.0,12141.0,0.12315260942334026,87731.0,23.0,87754.0,0.7039806183515972,0.0046465,-0.30100000000000005,0.258
2026-07-24,创业板ETF易方达,3月,3.508,3.2,-0.08779931584948686,below_spot,"put_wall,put_oi_wall,max_gamma",352639.12428608,-411510.34997696005,-58871.225690880034,764149.4742630401,0.3205188478132994,692.0,1202.0,1894.0,0.3581017205520892,149.0,653.0,802.0,0.29605020302694723,0.0035310000000000003,0.22255000000000003,0.34615
2026-07-24,创业板ETF易方达,3月,3.508,3.3,-0.05929304446978345,below_spot,gamma_flip,215851.31601535997,-24526.970037119998,191324.34597824,240378.28605247996,0.10082552416748168,466.0,68.0,534.0,0.10096426545660805,45.0,67.0,112.0,0.041343669250646,0.003811,0.175,0.33475
2026-07-24,创业板ETF易方达,3月,3.508,3.4,-0.030786773090079822,below_spot,,81833.72581168,-26770.611625599995,55063.11418608,108604.33743727999,0.04555357070224371,149.0,73.0,222.0,0.04197390811117414,197.0,1.0,198.0,0.07308970099667775,0.003646,0.14200000000000002,0.37215
2026-07-24,创业板ETF易方达,3月,3.508,3.5,-0.0022805017103763037,below_spot,,69095.10366207999,-79585.7771008,-10490.673438720012,148680.88076287997,0.06236348541618016,124.0,215.0,339.0,0.06409529211571185,89.0,124.0,213.0,0.07862679955703211,0.0037155,0.10365000000000002,0.3768
2026-07-24,创业板ETF易方达,3月,3.508,3.6,0.026225769669327326,above_spot,price_wall,206773.74790576,-55735.02528048,151038.72262528003,262508.77318624,0.11010805131244984,371.0,147.0,518.0,0.09793911892607299,287.0,36.0,323.0,0.11923218899963087,0.0037365000000000002,0.06625000000000003,0.3805
2026-07-24,创业板ETF易方达,3月,3.508,3.7,0.054732041049030844,above_spot,,98792.09730688001,-40279.34726032,58512.75004656001,139071.4445672,0.05833285329339401,184.0,107.0,291.0,0.055019852524106634,103.0,4.0,107.0,0.03949796973052787,0.00385,0.032399999999999984,0.3711
2026-07-24,创业板ETF易方达,3月,3.508,3.8,0.08323831242873436,above_spot,,108951.86068464,-85391.778096,23560.082588640013,194343.63878064,0.0815165112059904,199.0,225.0,424.0,0.08016638305917943,205.0,100.0,305.0,0.11258767072720562,0.003812,-0.00385000000000002,0.37665000000000004
2026-07-24,创业板ETF易方达,3月,3.508,3.9,0.11174458380843788,above_spot,,33631.980669439996,-24468.762354400005,9163.21831503999,58100.74302384,0.024370079203492954,62.0,65.0,127.0,0.024012100586122142,62.0,26.0,88.0,0.03248431155407899,0.0038275,-0.03764999999999999,0.37335
2026-07-24,创业板ETF易方达,3月,3.508,4.0,0.1402508551881414,above_spot,"call_wall,call_oi_wall",418267.85584064,-49996.09233407999,368271.76350656,468263.94817472005,0.19641107688546786,802.0,138.0,940.0,0.17772735866893552,518.0,43.0,561.0,0.2070874861572536,0.003943,-0.06530000000000002,0.3591
2026-07-24,创业板ETF易方达,8月,3.508,3.2,-0.08779931584948686,below_spot,,1018086.58163072,-24537187.762059197,-23519101.180428475,25555274.34368992,0.03371670107869359,1226.0,31082.0,32308.0,0.034572202699174326,1859.0,80606.0,82465.0,0.060250690802499896,0.0038350000000000007,0.3114,0.65815
2026-07-24,创业板ETF易方达,8月,3.508,3.3,-0.05929304446978345,below_spot,,5937868.34684096,-33325772.324625917,-27387903.977784958,39263640.67146688,0.05180302187238957,5662.0,35312.0,40974.0,0.04384553155243187,7016.0,85105.0,92121.0,0.06730557069565382,0.0038015,0.23365000000000002,0.80955
2026-07-24,创业板ETF易方达,8月,3.508,3.4,-0.030786773090079822,below_spot,,22036281.998748478,-46624708.27336319,-24588426.27461471,68660990.27211167,0.09058881754261036,18474.0,43740.0,62214.0,0.06657406892182838,32531.0,91012.0,123543.0,0.09026315520297393,0.0038125,0.14210000000000003,0.9177500000000001
2026-07-24,创业板ETF易方达,8月,3.508,3.5,-0.0022805017103763037,below_spot,,49274890.53093439,-60983026.262696,-11708135.731761605,110257916.79363039,0.14547029204592496,38762.0,54325.0,93087.0,0.09961070424223227,74963.0,122254.0,197217.0,0.14409095359239218,0.003821,0.045399999999999996,0.9725999999999999
2026-07-24,创业板ETF易方达,8月,3.508,3.6,0.026225769669327326,above_spot,"call_wall,put_wall,put_oi_wall,price_wall,max_gamma",62021171.48252544,-69029039.1727992,-7007867.690273762,131050210.65532464,0.1729028896164614,49464.0,61743.0,111207.0,0.11900058640482479,88004.0,97235.0,185239.0,0.13533957089146034,0.003848,-0.05039999999999997,0.9637
2026-07-24,创业板ETF易方达,8月,3.508,3.7,0.054732041049030844,above_spot,,59660750.7613536,-36882073.45603872,22778677.305314876,96542824.21739233,0.1273750968842338,51335.0,35037.0,86372.0,0.09242510497502429,76498.0,44061.0,120559.0,0.08808298105206554,0.0038985,-0.1385,0.8999
2026-07-24,创业板ETF易方达,8月,3.508,3.8,0.08323831242873436,above_spot,,56418336.58950895,-24197246.526850875,32221090.062658075,80615583.11635983,0.1063612732801685,55057.0,25879.0,80936.0,0.08660814032624654,66826.0,29277.0,96103.0,0.07021490496807915,0.004006,-0.2127,0.79625
2026-07-24,创业板ETF易方达,8月,3.508,3.9,0.11174458380843788,above_spot,,37521308.13563888,-13438705.02407264,24082603.111566238,50960013.15971152,0.06723479104799913,43427.0,16343.0,59770.0,0.06395878900983192,59570.0,8670.0,68240.0,0.049857601896108564,0.0040805,-0.27565,0.6851499999999999
2026-07-24,创业板ETF易方达,8月,3.508,4.0,0.1402508551881414,above_spot,call_oi_wall,39473631.59368416,-9149738.990898237,30323892.602785923,48623370.584582396,0.06415190967588698,55941.0,12906.0,68847.0,0.07367192148167806,62418.0,862.0,63280.0,0.0462337199294512,0.0040945,-0.3305,0.57475
2026-07-24,创业板ETF易方达,8月,3.508,4.1,0.16875712656784492,above_spot,gamma_flip,18084312.11354592,-4027118.8339887997,14057193.27955712,22111430.94753472,0.029173019144843847,32241.0,6710.0,38951.0,0.04168075607699453,38509.0,322.0,38831.0,0.02837075819501453,0.0043035,-0.36274999999999996,0.47175
2026-07-24,创业板ETF易方达,9月,3.508,2.85,-0.18757126567844928,below_spot,put_oi_wall,495919.11968064005,-32887533.203640956,-32391614.083960317,33383452.323321596,0.1270588628397758,1426.0,96969.0,98395.0,0.1897107535215884,226.0,18009.0,18235.0,0.08686477010727692,0.0021735,0.37405000000000005,0.2791
2026-07-24,创业板ETF易方达,9月,3.508,2.9,-0.17331812998859752,below_spot,"put_wall,max_gamma",380243.2256264,-34591227.03666112,-34210983.81103472,34971470.26228752,0.1331029277717067,1867.0,90412.0,92279.0,0.17791878270459532,17.0,7136.0,7153.0,0.034074236390312686,0.0034460000000000003,0.42885,0.23820000000000002
2026-07-24,创业板ETF易方达,9月,3.508,3.2,-0.08779931584948686,below_spot,,1593682.0510431998,-6852360.020506879,-5258677.96946368,8446042.071550079,0.032146001279752645,2162.0,10568.0,12730.0,0.02454411191960791,257.0,9849.0,10106.0,0.04814123206493779,0.0038024999999999995,0.2641,0.5629500000000001
2026-07-24,创业板ETF易方达,9月,3.508,3.3,-0.05929304446978345,below_spot,,1715520.8219486398,-7197092.990915519,-5481572.168966879,8912613.812864158,0.03392179349891527,2009.0,10054.0,12063.0,0.02325810071376514,535.0,7363.0,7898.0,0.03762313980297632,0.0038104999999999997,0.19885,0.6377999999999999
2026-07-24,创业板ETF易方达,9月,3.508,3.4,-0.030786773090079822,below_spot,,2646111.4116,-7076522.852147839,-4430411.440547839,9722634.26374784,0.037004766355330815,2867.0,9254.0,12121.0,0.02336992777514277,4196.0,11453.0,15649.0,0.07454602618090357,0.00385,0.12815,0.6857
2026-07-24,创业板ETF易方达,9月,3.508,3.5,-0.0022805017103763037,below_spot,,4931366.69385984,-6539579.0069104,-1608212.3130505607,11470945.70077024,0.04365891527097952,5172.0,8230.0,13402.0,0.025839763389362547,6914.0,13591.0,20505.0,0.09767820735123188,0.0038775,0.05670000000000003,0.71025
2026-07-24,创业板ETF易方达,9月,3.508,3.6,0.026225769669327326,above_spot,price_wall,7928820.416721599,-10317541.885516798,-2388721.468795199,18246362.302238397,0.06944644378392713,8305.0,13035.0,21340.0,0.041144646375839186,7466.0,12430.0,19896.0,0.09477715744745717,0.003921,-0.013200000000000017,0.7095
2026-07-24,创业板ETF易方达,9月,3.508,3.7,0.054732041049030844,above_spot,,8220858.0827184,-7586602.805794559,634255.2769238409,15807460.88851296,0.06016387956004093,8919.0,9767.0,18686.0,0.03602759429142132,7425.0,6654.0,14079.0,0.06706712905622987,0.0039465,-0.0799,0.6900999999999999
2026-07-24,创业板ETF易方达,9月,3.508,3.8,0.08323831242873436,above_spot,,9420251.3819888,-6414257.6198929595,3005993.7620958397,15834509.00188176,0.06026682584891831,10889.0,8677.0,19566.0,0.037724280739909535,6741.0,5636.0,12377.0,0.05895943293763457,0.003991,-0.14095,0.65185
2026-07-24,创业板ETF易方达,9月,3.508,3.9,0.11174458380843788,above_spot,"call_wall,call_oi_wall",19995868.288893282,-9681983.76559728,10313884.523296002,29677852.054490563,0.11295518800901187,25361.0,14153.0,39514.0,0.07618507764268555,13580.0,1477.0,15057.0,0.07172595796573998,0.0040774999999999995,-0.19365000000000002,0.5983
2026-07-24,沪深300ETF华泰柏瑞,12月,4.701,4.3,-0.08530099978727923,below_spot,put_oi_wall,1256114.9252473197,-4719590.508409918,-3463475.5831625983,5975705.433657238,0.05538798956159949,1431.0,5408.0,6839.0,0.07380428213761547,121.0,1991.0,2112.0,0.023787801993579997,0.001258,0.2727,0.39605
2026-07-24,沪深300ETF华泰柏瑞,12月,4.701,4.4,-0.0640289300148903,below_spot,,2191380.1390641597,-4711041.35513307,-2519661.21606891,6902421.494197229,0.06397759292435115,2266.0,4913.0,7179.0,0.07747345247345247,155.0,1782.0,1937.0,0.021816748324604382,0.00126,0.22755000000000003,0.43574999999999997
2026-07-24,沪深300ETF华泰柏瑞,12月,4.701,4.5,-0.04275686024250147,below_spot,put_wall,1266787.8309602698,-4955428.907055629,-3688641.0760953594,6222216.738015899,0.05767286884559683,1259.0,4897.0,6156.0,0.06643356643356643,327.0,1551.0,1878.0,0.02115222165906403,0.0015535,0.32189999999999996,0.4566
2026-07-24,沪深300ETF华泰柏瑞,12月,4.701,4.6,-0.021484790470112758,below_spot,,5143364.865087749,-2866062.4759295993,2277302.38915815,8009427.341017349,0.07423827745256703,2205.0,2720.0,4925.0,0.05314901148234481,799.0,1921.0,2720.0,0.03063580559779242,0.0018035,0.1863,0.7661500000000001
2026-07-24,沪深300ETF华泰柏瑞,12月,4.701,4.7,-0.00021272069772382274,below_spot,,6810510.306432239,-2427547.3767967494,4382962.929635489,9238057.683228988,0.0856262826554664,2878.0,2315.0,5193.0,0.05604118104118104,1608.0,1879.0,3487.0,0.03927465224981697,0.0019420000000000001,0.09580000000000002,0.77265
2026-07-24,沪深300ETF华泰柏瑞,12月,4.701,4.8,0.021059349074665112,above_spot,gamma_flip,8153562.065273459,-2704529.1142602004,5449032.951013259,10858091.17953366,0.10064214971567524,3698.0,2595.0,6293.0,0.06791202624535958,2173.0,681.0,2854.0,0.032145069550036605,0.0020425,0.019550000000000012,0.73465
2026-07-24,沪深300ETF华泰柏瑞,12月,4.701,4.9,0.04233141884705405,above_spot,price_wall,11168926.768395,-3297660.68354346,7871266.084851539,14466587.45193846,0.1340888040208399,5500.0,3354.0,8854.0,0.09554951221617888,1417.0,621.0,2038.0,0.022954327870698878,0.002171,-0.045149999999999996,0.6819000000000001
2026-07-24,沪深300ETF华泰柏瑞,12月,4.701,5.0,0.06360348861944276,above_spot,"call_wall,call_oi_wall,max_gamma",18389898.089360632,-3177124.8046452,15212773.284715433,21567022.89400583,0.19990176092011344,10238.0,3359.0,13597.0,0.14673443840110506,2871.0,197.0,3068.0,0.03455538660809822,0.0022665,-0.10045000000000001,0.6204
2026-07-24,沪深300ETF华泰柏瑞,12月,4.701,5.25,0.11678366305041488,above_spot,,5476487.478863579,-1664203.3480893597,3812284.1307742195,7140690.826952939,0.06618607851020199,4343.0,1976.0,6319.0,0.06819260985927653,1567.0,144.0,1711.0,0.019271273300670157,0.0024764999999999995,-0.20550000000000002,0.47585
2026-07-24,沪深300ETF华泰柏瑞,3月,4.701,4.4,-0.0640289300148903,below_spot,"put_wall,put_oi_wall",297571.74937514996,-850190.9177392198,-552619.1683640699,1147762.6671143698,0.09762000859093561,355.0,1146.0,1501.0,0.16627894095491305,256.0,774.0,1030.0,0.13014910285569875,0.0013280000000000002,0.21950000000000003,0.35750000000000004
2026-07-24,沪深300ETF华泰柏瑞,3月,4.701,4.5,-0.04275686024250147,below_spot,,55560.104054100004,-639382.0796720998,-583821.9756179998,694942.1837261998,0.05910652427484399,62.0,829.0,891.0,0.09870388833499502,64.0,246.0,310.0,0.039171089208996715,0.0013475000000000002,0.17994999999999997,0.37725
2026-07-24,沪深300ETF华泰柏瑞,3月,4.701,4.6,-0.021484790470112758,below_spot,,1506998.8170878398,-648081.7298697599,858917.08721808,2155080.5469576,0.18329484616979247,716.0,811.0,1527.0,0.16915918909936856,771.0,940.0,1711.0,0.21619914076320446,0.0016330000000000003,0.2552,0.657
2026-07-24,沪深300ETF华泰柏瑞,3月,4.701,4.7,-0.00021272069772382274,below_spot,"call_wall,call_oi_wall,price_wall,max_gamma,gamma_flip",3081470.8623268497,-846841.53252366,2234629.3298031897,3928312.3948505097,0.3341125310316207,1281.0,1077.0,2358.0,0.2612163509471585,1081.0,968.0,2049.0,0.25890826383623955,0.0018420000000000003,0.13885,0.7221500000000001
2026-07-24,沪深300ETF华泰柏瑞,3月,4.701,4.8,0.021059349074665112,above_spot,,1362008.62501902,-429751.58166629996,932257.04335272,1791760.20668532,0.15239356687673855,613.0,558.0,1171.0,0.12972194527528524,585.0,445.0,1030.0,0.13014910285569875,0.0019805,0.061799999999999994,0.67695
2026-07-24,沪深300ETF华泰柏瑞,3月,4.701,4.9,0.04233141884705405,above_spot,,757496.7481968001,-89314.72914149999,668182.0190553002,846811.4773383001,0.0720233773594506,386.0,118.0,504.0,0.05583250249252243,382.0,129.0,511.0,0.06456911801870104,0.0020935,0.0011499999999999844,0.6152500000000001
2026-07-24,沪深300ETF华泰柏瑞,3月,4.701,5.0,0.06360348861944276,above_spot,,287044.69970879995,-13389.585077879998,273655.11463091994,300434.28478667996,0.025552667203946302,160.0,18.0,178.0,0.019718621912041653,83.0,15.0,98.0,0.012383118524134444,0.0021595,-0.051549999999999985,0.5742
2026-07-24,沪深300ETF华泰柏瑞,3月,4.701,5.25,0.11678366305041488,above_spot,,180960.72409448997,-15319.746761219998,165640.97733326996,196280.47085570998,0.016694131809793383,137.0,22.0,159.0,0.017613825191093387,147.0,5.0,152.0,0.0192064695476371,0.0023334999999999996,-0.15225,0.45640000000000003
2026-07-24,沪深300ETF华泰柏瑞,8月,4.701,4.4,-0.0640289300148903,below_spot,,3394733.186411999,-24561427.420248922,-21166694.233836923,27956160.60666092,0.021254634325142442,2448.0,15749.0,18197.0,0.03231965501072763,1557.0,17085.0,18642.0,0.033637008287457304,0.0011635000000000003,0.3078,0.6666
2026-07-24,沪深300ETF华泰柏瑞,8月,4.701,4.5,-0.04275686024250147,below_spot,,10788133.094734052,-59151241.46801331,-48363108.37327926,69939374.56274736,0.053173819258506394,7029.0,28261.0,35290.0,0.06267849784736924,3245.0,34399.0,37644.0,0.06792358866929743,0.0015835,0.36255,0.8208
2026-07-24,沪深300ETF华泰柏瑞,8月,4.701,4.6,-0.021484790470112758,below_spot,,80403384.36178079,-96561882.28581238,-16158497.924031585,176965266.64759317,0.13454394127174002,21708.0,38171.0,59879.0,0.10635097117037753,24356.0,54017.0,78373.0,0.1414136493140699,0.001784,0.20220000000000002,1.41035
2026-07-24,沪深300ETF华泰柏瑞,8月,4.701,4.7,-0.00021272069772382274,below_spot,"put_wall,put_oi_wall",176492685.54281285,-131890759.75040545,44601925.79240741,308383445.2932183,0.23445913957416636,42687.0,49128.0,91815.0,0.16307243638017022,60699.0,79891.0,140590.0,0.2536759465257817,0.0018765000000000001,0.04350000000000004,1.54285
2026-07-24,沪深300ETF华泰柏瑞,8月,4.701,4.8,0.021059349074665112,above_spot,"call_wall,call_oi_wall,price_wall,max_gamma,gamma_flip",227524330.3989256,-100626533.84121624,126897796.55770937,328150864.24014187,0.2494880009110356,61407.0,39622.0,101029.0,0.17943740320265988,78963.0,45189.0,124152.0,0.22401576294949035,0.0019745,-0.10155,1.4129
2026-07-24,沪深300ETF华泰柏瑞,8月,4.701,4.9,0.04233141884705405,above_spot,,158080334.68303022,-30299652.911754176,127780681.77127604,188379987.59478438,0.14322237616377187,55020.0,13918.0,68938.0,0.12244064280538229,47559.0,22800.0,70359.0,0.12695345274633668,0.002115,-0.21469999999999997,1.1426
2026-07-24,沪深300ETF华泰柏瑞,8月,4.701,5.0,0.06360348861944276,above_spot,,122573344.8861375,-17593875.01341252,104979469.87272498,140167219.89955002,0.10656695836219121,60531.0,9819.0,70350.0,0.12494849315847056,37848.0,3781.0,41629.0,0.07511399088072954,0.002287,-0.2933,0.86355
2026-07-24,沪深300ETF华泰柏瑞,8月,4.701,5.25,0.11678366305041488,above_spot,,26463355.350859348,-3427654.8850757093,23035700.465783637,29891010.23593506,0.022725670420655528,34559.0,3043.0,37602.0,0.06678483638585374,11835.0,965.0,12800.0,0.023095896689167124,0.0028269999999999997,-0.38539999999999996,0.42810000000000004
2026-07-24,沪深300ETF华泰柏瑞,9月,4.701,4.0,-0.1491172091044458,below_spot,put_oi_wall,707205.58332912,-14359358.948346358,-13652153.365017237,15066564.531675478,0.03182942584959543,1278.0,31634.0,32912.0,0.08451022483335216,178.0,1152.0,1330.0,0.013484467515613593,0.0012855000000000002,0.4355,0.2279
2026-07-24,沪深300ETF华泰柏瑞,9月,4.701,4.4,-0.0640289300148903,below_spot,,3259669.38229035,-16297433.1012204,-13037763.718930049,19557102.483510748,0.04131607720015651,2699.0,11743.0,14442.0,0.03708363718532061,272.0,5442.0,5714.0,0.05793251683023765,0.001188,0.2656,0.58725
2026-07-24,沪深300ETF华泰柏瑞,9月,4.701,4.5,-0.04275686024250147,below_spot,put_wall,8357768.044309799,-23205602.207629707,-14847834.163319908,31563370.251939505,0.06668036040235334,4145.0,14269.0,18414.0,0.047282792904756524,500.0,11893.0,12393.0,0.1256488766323303,0.001676,0.30935,0.8241499999999999
2026-07-24,沪深300ETF华泰柏瑞,9月,4.701,4.6,-0.021484790470112758,below_spot,,17567339.378655776,-17888733.177338876,-321393.79868309945,35456072.55599465,0.07490403203505924,5894.0,10048.0,15942.0,0.04093528209447315,1757.0,8239.0,9996.0,0.10134641901208533,0.00185,0.17675000000000002,1.07715
2026-07-24,沪深300ETF华泰柏瑞,9月,4.701,4.7,-0.00021272069772382274,below_spot,,24756348.335955113,-18647379.094387677,6108969.241567437,43403727.43034279,0.09169414307659131,8028.0,10192.0,18220.0,0.04678464682983946,4032.0,7996.0,12028.0,0.12194825208857166,0.001962,0.05744999999999997,1.11165
2026-07-24,沪深300ETF华泰柏瑞,9月,4.701,4.8,0.021059349074665112,above_spot,price_wall,40722869.205487706,-14019387.288212607,26703481.9172751,54742256.49370031,0.11564777028250664,14141.0,8023.0,22164.0,0.05691190517763786,6062.0,4975.0,11037.0,0.11190080298483251,0.0020770000000000003,-0.04835000000000003,1.0469
2026-07-24,沪深300ETF华泰柏瑞,9月,4.701,4.9,0.04233141884705405,above_spot,,44263609.37740853,-9851488.657300798,34412120.72010773,54115098.03470933,0.11432284357977807,17861.0,6120.0,23981.0,0.06157753104425797,8842.0,860.0,9702.0,0.0983656419823181,0.0021969999999999997,-0.1371,0.9249
2026-07-24,沪深300ETF华泰柏瑞,9月,4.701,5.0,0.06360348861944276,above_spot,"call_wall,max_gamma,gamma_flip",67541908.66959779,-12644895.153556706,54897013.516041085,80186803.8231545,0.16940158594477694,33340.0,8713.0,42053.0,0.10798214890972771,6788.0,337.0,7125.0,0.07223821883364426,0.0023179999999999997,-0.2084,0.7867
2026-07-24,沪深300ETF华泰柏瑞,9月,4.701,5.25,0.11678366305041488,above_spot,,39067634.8992942,-8147830.806618119,30919804.09267608,47215465.705912314,0.09974677116876414,36315.0,7646.0,43961.0,0.11288144123416974,7223.0,204.0,7427.0,0.07530010544245275,0.0026925,-0.31865,0.48450000000000004
2026-07-24,沪深300ETF华泰柏瑞,9月,4.701,6.0,0.2763241863433312,above_spot,call_oi_wall,7941352.567170959,-558342.2502410399,7383010.316929919,8499694.817411998,0.017956343356591346,36408.0,1058.0,37466.0,0.09620381877753927,4372.0,63.0,4435.0,0.044965122881012246,0.0038855,-0.41485,0.16875
2026-07-24,沪深300ETF嘉实,12月,4.901,4.6,-0.06141603754335856,below_spot,"put_wall,put_oi_wall",441639.11029445997,-1350045.4055015198,-908406.2952070598,1791684.5157959796,0.06971429654506275,431.0,1336.0,1767.0,0.07990052000904363,9.0,5.0,14.0,0.0010803302723975615,0.0012590000000000001,0.22245,0.42364999999999997
2026-07-24,沪深300ETF嘉实,12月,4.901,4.7,-0.04101203835951839,below_spot,price_wall,1638803.7667872,-966467.9189762999,672335.8478109001,2605271.6857634997,0.10137090613917762,920.0,905.0,1825.0,0.08252317431607506,1.0,23.0,24.0,0.001851994752681534,0.0016515000000000002,0.2867,0.5931
2026-07-24,沪深300ETF嘉实,12月,4.901,4.8,-0.02060803917567844,below_spot,,1378144.7295033599,-1045557.9177289999,332586.81177436,2423702.6472323597,0.09430606984463703,576.0,950.0,1526.0,0.06900293918155098,52.0,11.0,63.0,0.004861486225789027,0.001823,0.17940000000000003,0.72715
2026-07-24,沪深300ETF嘉实,12月,4.901,4.9,-0.00020403999183826738,below_spot,,1056250.3321441498,-797333.4510268399,258916.8811173099,1853583.7831709897,0.07212279192673238,435.0,721.0,1156.0,0.05227221342979878,86.0,8.0,94.0,0.007253646114669342,0.0019364999999999999,0.09514999999999998,0.7356499999999999
2026-07-24,沪深300ETF嘉实,12月,4.901,5.0,0.020199959192001682,above_spot,gamma_flip,2185608.7717999597,-406678.77033498,1778930.0014649797,2592287.5421349397,0.10086569418287349,964.0,374.0,1338.0,0.060501921772552564,53.0,11.0,64.0,0.004938652673817425,0.0020495,0.022550000000000014,0.6982999999999999
2026-07-24,沪深300ETF嘉实,12月,4.901,5.25,0.07120995715160183,above_spot,"call_wall,call_oi_wall,max_gamma",5939220.064563499,-908666.1894538797,5030553.875109619,6847886.254017378,0.2664506886176538,3355.0,932.0,4287.0,0.19385032783178838,223.0,150.0,373.0,0.028783085114592176,0.0023015,-0.11725,0.57145
2026-07-24,沪深300ETF嘉实,12月,4.901,5.5,0.12221995511120176,above_spot,,1616622.4413557395,-432970.3641135599,1183652.0772421795,2049592.8054692994,0.07974948679714124,1281.0,483.0,1764.0,0.07976486547592132,306.0,5.0,311.0,0.023998765336831547,0.002438,-0.2172,0.4493
2026-07-24,沪深300ETF嘉实,12月,4.901,5.75,0.1732299530708019,above_spot,,842155.1202868698,-436517.8485232499,405637.2717636199,1278672.9688101197,0.04975305961841281,953.0,615.0,1568.0,0.07090210264526339,91.0,0.0,91.0,0.00702214677058415,0.0028840000000000003,-0.26485000000000003,0.3317
2026-07-24,沪深300ETF嘉实,3月,4.901,4.6,-0.06141603754335856,below_spot,"put_wall,put_oi_wall,max_gamma",58354.66534143999,-603116.7862791499,-544762.1209377099,661471.4516205899,0.36181637969068237,64.0,781.0,845.0,0.449468085106383,21.0,298.0,319.0,0.26672240802675584,0.0013419999999999999,0.21745,0.35055000000000003
2026-07-24,沪深300ETF嘉实,3月,4.901,4.7,-0.04101203835951839,below_spot,,59487.439156600005,-67124.77508256,-7637.335925959989,126612.21423916,0.0692552533724616,61.0,82.0,143.0,0.07606382978723404,0.0,52.0,52.0,0.043478260869565216,0.0013260000000000001,0.17980000000000002,0.3734
2026-07-24,沪深300ETF嘉实,3月,4.901,4.8,-0.02060803917567844,below_spot,,60819.09692403999,-25287.08570076,35532.011223279995,86106.18262479999,0.047098974853656564,28.0,31.0,59.0,0.03138297872340425,17.0,0.0,17.0,0.014214046822742474,0.0017745,0.21449999999999997,0.62195
2026-07-24,沪深300ETF嘉实,3月,4.901,4.9,-0.00020403999183826738,below_spot,price_wall,198667.53387298997,-27186.571563839996,171480.96230914997,225854.10543682997,0.12353929193349909,91.0,32.0,123.0,0.06542553191489361,67.0,1.0,68.0,0.056856187290969896,0.001869,0.12819999999999998,0.6313
2026-07-24,沪深300ETF嘉实,3月,4.901,5.0,0.020199959192001682,above_spot,,72749.25168472,-30740.541319799995,42008.71036492001,103489.79300452,0.056607586235348256,34.0,36.0,70.0,0.03723404255319149,22.0,1.0,23.0,0.019230769230769232,0.001935,0.062450000000000006,0.62315
2026-07-24,沪深300ETF嘉实,3月,4.901,5.25,0.07120995715160183,above_spot,,76116.34738889999,-1500.7571664799998,74615.59022241998,77617.10455537999,0.042455558291287866,42.0,2.0,44.0,0.023404255319148935,60.0,0.0,60.0,0.05016722408026756,0.0022189999999999996,-0.0678,0.53345
2026-07-24,沪深300ETF嘉实,3月,4.901,5.5,0.12221995511120176,above_spot,,80703.64898387999,-7659.674340889999,73043.97464299,88363.32332476998,0.04833360179713963,61.0,11.0,72.0,0.03829787234042553,57.0,10.0,67.0,0.056020066889632104,0.0024215,-0.15555000000000002,0.42035
2026-07-24,沪深300ETF嘉实,3月,4.901,5.75,0.1732299530708019,above_spot,"call_wall,call_oi_wall,gamma_flip",334000.61726121994,-602.6568070899999,333397.96045412996,334603.2740683099,0.18302368901853394,343.0,1.0,344.0,0.1829787234042553,454.0,0.0,454.0,0.3795986622073579,0.002712,-0.2132,0.32815
2026-07-24,沪深300ETF嘉实,8月,4.901,4.6,-0.06141603754335856,below_spot,,1380485.2189127996,-5074200.73590274,-3693715.51698994,6454685.9548155395,0.03255425548226423,924.0,3002.0,3926.0,0.03990202355906536,445.0,8587.0,9032.0,0.09213224118409107,0.001172,0.30035,0.6628499999999999
2026-07-24,沪深300ETF嘉实,8月,4.901,4.7,-0.04101203835951839,below_spot,,3084831.33629268,-8343879.573365049,-5259048.237072369,11428710.90965773,0.057640786459698584,1291.0,3755.0,5046.0,0.05128517852242583,334.0,5172.0,5506.0,0.05616476084583762,0.001735,0.3274,0.9599500000000001
2026-07-24,沪深300ETF嘉实,8月,4.901,4.8,-0.02060803917567844,below_spot,,10907703.891513,-12791480.804738998,-1883776.913225999,23699184.696251996,0.11952701010148559,2970.0,4815.0,7785.0,0.07912309052657256,2595.0,13218.0,15813.0,0.1613028265992064,0.00185,0.18730000000000002,1.3175
2026-07-24,沪深300ETF嘉实,8月,4.901,4.9,-0.00020403999183826738,below_spot,"put_wall,put_oi_wall",27832603.56777381,-18241013.02948366,9591590.53829015,46073616.59725747,0.23237261986077104,6749.0,6439.0,13188.0,0.13403664969356954,5367.0,9263.0,14630.0,0.1492354615282609,0.0018965000000000002,0.04285,1.44815
2026-07-24,沪深300ETF嘉实,8月,4.901,5.0,0.020199959192001682,above_spot,"call_wall,price_wall,max_gamma,gamma_flip",46022719.83992852,-12173804.896479722,33848914.9434488,58196524.73640825,0.2935145950881643,12317.0,4524.0,16841.0,0.1711640292303158,9595.0,7001.0,16596.0,0.16928993298175105,0.0019920000000000003,-0.09384999999999999,1.3379500000000002
2026-07-24,沪深300ETF嘉实,8月,4.901,5.25,0.07120995715160183,above_spot,call_oi_wall,28213818.706870675,-3833377.6891123997,24380441.017758276,32047196.395983074,0.16163026772616157,15223.0,2185.0,17408.0,0.17692675143051703,7339.0,1264.0,8603.0,0.08775616374078117,0.002353,-0.3128,0.751
2026-07-24,沪深300ETF嘉实,8月,4.901,5.5,0.12221995511120176,above_spot,,8043394.50503316,-1135914.64433876,6907479.860694399,9179309.14937192,0.04629591234820638,11207.0,1012.0,12219.0,0.12418818794401927,4288.0,1839.0,6127.0,0.06249936245957994,0.002764,-0.39965,0.38305
2026-07-24,沪深300ETF嘉实,8月,4.901,5.75,0.1732299530708019,above_spot,,1046928.96797008,-296228.03900066006,750700.9289694199,1343157.00697074,0.0067742221176689925,3292.0,379.0,3671.0,0.037310323098657394,790.0,70.0,860.0,0.008772556180061815,0.0032845,-0.42955,0.2289
2026-07-24,沪深300ETF嘉实,9月,4.901,4.2,-0.14303203427871858,below_spot,put_oi_wall,209056.3380035,-4375975.385782,-4166919.0477785,4585031.7237855,0.046131364788520424,338.0,8450.0,8788.0,0.09526080735377011,53.0,1231.0,1284.0,0.05766898719964069,0.001268,0.4299,0.23655
2026-07-24,沪深300ETF嘉实,9月,4.901,4.6,-0.06141603754335856,below_spot,,1136600.1694592999,-2145699.39204244,-1009099.22258314,3282299.5615017395,0.033024189915925886,882.0,1453.0,2335.0,0.025311104366301,155.0,661.0,816.0,0.03664944980911745,0.001193,0.25844999999999996,0.57565
2026-07-24,沪深300ETF嘉实,9月,4.901,4.7,-0.04101203835951839,below_spot,,5276662.19734368,-3022407.2362658205,2254254.9610778596,8299069.4336095005,0.08349940033370423,2272.0,1774.0,4046.0,0.04385812773706803,511.0,1012.0,1523.0,0.06840332360206602,0.0017534999999999999,0.28679999999999994,0.8381000000000001
2026-07-24,沪深300ETF嘉实,9月,4.901,4.8,-0.02060803917567844,below_spot,,5950547.802715099,-3181820.170156549,2768727.63255855,9132367.972871648,0.09188346421989813,1990.0,1717.0,3707.0,0.04018341065776352,395.0,759.0,1154.0,0.051830226813384235,0.0018995,0.16649999999999998,1.0082
2026-07-24,沪深300ETF嘉实,9月,4.901,4.9,-0.00020403999183826738,below_spot,,7516439.94396282,-3256468.1871103193,4259971.7568525,10772908.13107314,0.1083894255844853,2414.0,1717.0,4131.0,0.044779516975241726,1432.0,929.0,2361.0,0.10604087132270379,0.001993,0.056749999999999995,1.04295
2026-07-24,沪深300ETF嘉实,9月,4.901,5.0,0.020199959192001682,above_spot,"price_wall,gamma_flip",9682887.15971304,-4575367.837249169,5107519.32246387,14258254.996962208,0.1434565346844652,3304.0,2489.0,5793.0,0.06279538654988509,1474.0,493.0,1967.0,0.08834493599820346,0.002088,-0.043300000000000005,0.9926999999999999
2026-07-24,沪深300ETF嘉实,9月,4.901,5.25,0.07120995715160183,above_spot,"call_wall,put_wall,max_gamma",10935662.939876998,-5972095.005400158,4963567.934476839,16907757.945277154,0.1701139700917093,5650.0,4088.0,9738.0,0.10555868707453497,1359.0,845.0,2204.0,0.09898944531776331,0.0023685,-0.22825,0.707
2026-07-24,沪深300ETF嘉实,9月,4.901,5.5,0.12221995511120176,above_spot,,6783276.352099519,-2411309.3907084,4371966.961391119,9194585.74280792,0.09250945566644991,6349.0,2220.0,8569.0,0.09288687508129904,2524.0,278.0,2802.0,0.125847743094543,0.0027305000000000003,-0.3248,0.4485
2026-07-24,沪深300ETF嘉实,9月,4.901,5.75,0.1732299530708019,above_spot,,3355889.98661748,-1491887.1343667198,1864002.8522507602,4847777.120984199,0.04877492419985438,5661.0,1792.0,7453.0,0.0807895763777479,2905.0,21.0,2926.0,0.131417022232203,0.0031355,-0.37135,0.2967
2026-07-24,沪深300ETF嘉实,9月,4.901,6.25,0.275249948990002,above_spot,call_oi_wall,3823451.7465471597,-194452.2989955,3628999.44755166,4017904.0455426597,0.0404253249216715,16014.0,350.0,16364.0,0.17738368815852232,1746.0,12.0,1758.0,0.07895800583876039,0.003955,-0.41045,0.16535
2026-07-24,深证100ETF易方达,12月,3.674,3.3,-0.10179640718562877,below_spot,,27953.5797684,-55895.0110884,-27941.431320000003,83848.5908568,0.019971548950228544,54.0,107.0,161.0,0.024479245856773604,64.0,45.0,109.0,0.03346638010439054,0.0017230000000000001,0.25,0.38525
2026-07-24,深证100ETF易方达,12月,3.674,3.4,-0.07457811649428414,below_spot,"put_wall,put_oi_wall",136977.8051928,-306057.48033432,-169079.67514151998,443035.28552712,0.10552474169416275,156.0,533.0,689.0,0.1047590086665653,23.0,186.0,209.0,0.06416948111759288,0.0024325,0.28169999999999995,0.5379499999999999
2026-07-24,深证100ETF易方达,12月,3.674,3.5,-0.047359825802939515,below_spot,price_wall,238109.58863999997,-133454.75515679998,104654.8334832,371564.34379679995,0.08850137377944411,225.0,231.0,456.0,0.06933252242663829,130.0,0.0,130.0,0.039914031317163035,0.0026645,0.2015,0.606
2026-07-24,深证100ETF易方达,12月,3.674,3.6,-0.020141535111595,below_spot,,162133.46231191998,-128180.70875808001,33952.75355383997,290314.17107,0.06914873129319044,146.0,198.0,344.0,0.05230348183062186,28.0,14.0,42.0,0.01289530242554498,0.0026245,0.13105,0.65115
2026-07-24,深证100ETF易方达,12月,3.674,3.7,0.007076755579749738,above_spot,,201081.11791679997,-143637.98955395998,57443.12836283998,344719.10747075995,0.08210721800547763,180.0,219.0,399.0,0.0606659571233085,10.0,24.0,34.0,0.010439054344488793,0.0027034999999999997,0.06355000000000002,0.65675
2026-07-24,深证100ETF易方达,12月,3.674,3.8,0.034295046271094254,above_spot,gamma_flip,246309.79131,-64143.807552000006,182165.983758,310453.598862,0.07394565827630982,225.0,108.0,333.0,0.05063098677208454,2.0,0.0,2.0,0.0006140620202640467,0.002935,0.003700000000000009,0.6255000000000001
2026-07-24,深证100ETF易方达,12月,3.674,3.9,0.06151333696243877,above_spot,,180121.39989228,-74979.41362824,105141.98626404,255100.81352052,0.06076140734635865,177.0,129.0,306.0,0.046525771628402005,5.0,0.0,5.0,0.0015351550506601166,0.003032,-0.05074999999999999,0.5922499999999999
2026-07-24,深证100ETF易方达,12月,3.674,4.0,0.08873162765378328,above_spot,,183013.00057699997,-80179.75944,102833.24113699998,263192.76001699996,0.06268879460362434,193.0,135.0,328.0,0.04987076174547666,8.0,6.0,14.0,0.004298434141848327,0.0029915000000000002,-0.10550000000000001,0.57125
2026-07-24,深证100ETF易方达,12月,3.674,4.6,0.2520413718018508,above_spot,"call_wall,call_oi_wall,max_gamma",598164.76238816,-9822.96541072,588341.79697744,607987.72779888,0.14481408146275151,1361.0,23.0,1384.0,0.21043028736506006,2356.0,8.0,2364.0,0.7258213079521032,0.0035015,-0.29895000000000005,0.321
2026-07-24,深证100ETF易方达,3月,3.674,3.3,-0.10179640718562877,below_spot,"call_wall,put_wall,call_oi_wall,put_oi_wall,max_gamma",14197.486696799999,-47040.411997920004,-32842.925301120005,61237.89869472,0.3031729876711844,30.0,113.0,143.0,0.3302540415704388,22.0,93.0,115.0,0.323943661971831,0.0017795,0.24220000000000003,0.3295
2026-07-24,深证100ETF易方达,3月,3.674,3.4,-0.07457811649428414,below_spot,,730.3917143599999,-41881.37091072,-41150.97919636,42611.762625079995,0.2109598085555258,1.0,96.0,97.0,0.22401847575057737,0.0,102.0,102.0,0.28732394366197184,0.002319,0.30074999999999996,0.43215000000000003
2026-07-24,深证100ETF易方达,3月,3.674,3.5,-0.047359825802939515,below_spot,price_wall,901.8198195599999,-40521.419603719994,-39619.59978416,41423.23942327999,0.20507573778094682,1.0,89.0,90.0,0.20785219399538107,4.0,67.0,71.0,0.2,0.002601,0.2046,0.5027
2026-07-24,深证100ETF易方达,3月,3.674,3.6,-0.020141535111595,below_spot,,925.5767853199999,-1916.7551919999999,-991.17840668,2842.3319773199996,0.014071650005713664,1.0,4.0,5.0,0.011547344110854504,12.0,1.0,13.0,0.036619718309859155,0.0026645,0.14400000000000002,0.52035
2026-07-24,深证100ETF易方达,3月,3.674,3.7,0.007076755579749738,above_spot,,1909.1961574400002,-19303.884507600003,-17394.688350160002,21213.080665040005,0.10502047228940142,2.0,42.0,44.0,0.10161662817551963,11.0,0.0,11.0,0.030985915492957747,0.002814,0.09060000000000001,0.52385
2026-07-24,深证100ETF易方达,3月,3.674,3.8,0.034295046271094254,above_spot,,3819.4721769599996,-16443.86978872,-12624.39761176,20263.34196568,0.100318561787421,4.0,34.0,38.0,0.08775981524249422,0.0,33.0,33.0,0.09295774647887324,0.0027735,0.038000000000000006,0.53285
2026-07-24,深证100ETF易方达,3月,3.674,3.9,0.06151333696243877,above_spot,,2706.2693552399996,0.0,2706.2693552399996,2706.2693552399996,0.013398039177686909,3.0,0.0,3.0,0.006928406466512702,0.0,4.0,4.0,0.011267605633802818,0.002844,-0.009599999999999997,0.51285
2026-07-24,深证100ETF易方达,3月,3.674,4.0,0.08873162765378328,above_spot,,3365.3901723199997,0.0,3365.3901723199997,3365.3901723199997,0.016661175758296672,4.0,0.0,4.0,0.009237875288683603,0.0,0.0,0.0,0.0,0.0030849999999999996,-0.04665,0.4736
2026-07-24,深证100ETF易方达,8月,3.674,3.2,-0.12901469787697328,below_spot,put_oi_wall,31160.770146,-896121.38736384,-864960.61721784,927282.15750984,0.027548579806879463,54.0,1704.0,1758.0,0.0533373786407767,10.0,5251.0,5261.0,0.04815648799062683,0.001753,0.37975000000000003,0.40854999999999997
2026-07-24,深证100ETF易方达,8月,3.674,3.3,-0.10179640718562877,below_spot,,7902.160735920001,-327989.88412739994,-320087.7233914799,335892.04486331996,0.009979000166747966,11.0,439.0,450.0,0.013652912621359222,2.0,436.0,438.0,0.004009226713532513,0.0031725,0.38530000000000003,0.54285
2026-07-24,深证100ETF易方达,8月,3.674,3.4,-0.07457811649428414,below_spot,,96785.87850623998,-1129159.53872788,-1032373.66022164,1225945.41723412,0.03642155183514777,96.0,1117.0,1213.0,0.03680218446601942,74.0,780.0,854.0,0.007817076742823668,0.0027395,0.3499,0.7479
2026-07-24,深证100ETF易方达,8月,3.674,3.5,-0.047359825802939515,below_spot,,277620.3923196,-1106872.130276,-829251.7379563999,1384492.5225955998,0.04113181995561908,179.0,860.0,1039.0,0.03152305825242718,74.0,541.0,615.0,0.005629393673110721,0.0026750000000000003,0.25825000000000004,1.05125
2026-07-24,深证100ETF易方达,8月,3.674,3.6,-0.020141535111595,below_spot,,2466507.03768656,-2077708.36505848,388798.6726280798,4544215.40274504,0.1350038709019851,1292.0,1379.0,2671.0,0.0810376213592233,919.0,800.0,1719.0,0.015734841827768013,0.0026890000000000004,0.13490000000000002,1.26525
2026-07-24,深证100ETF易方达,8月,3.674,3.7,0.007076755579749738,above_spot,"put_wall,price_wall,max_gamma",4050883.2461349997,-2374294.91502016,1676588.3311148398,6425178.16115516,0.19088530056626657,2045.0,1529.0,3574.0,0.10843446601941747,1139.0,806.0,1945.0,0.017803529584065614,0.002758,0.0030000000000000027,1.30895
2026-07-24,深证100ETF易方达,8月,3.674,3.8,0.034295046271094254,above_spot,gamma_flip,3919935.7957452,-2055868.424456,1864067.3712892,5975804.2202012,0.17753487235491525,2135.0,1400.0,3535.0,0.10725121359223301,1515.0,660.0,2175.0,0.01990883128295255,0.002809,-0.12050000000000002,1.22405
2026-07-24,深证100ETF易方达,8月,3.674,3.9,0.06151333696243877,above_spot,call_wall,4989231.29030964,-1161121.70152,3828109.58878964,6150352.991829639,0.1827205331879803,3273.0,880.0,4153.0,0.126001213592233,1904.0,174.0,2078.0,0.019020943175161103,0.0028185,-0.22910000000000003,1.0534
2026-07-24,深证100ETF易方达,8月,3.674,4.0,0.08873162765378328,above_spot,,3120257.4306772,-148719.28057139998,2971538.1501058,3268976.7112486004,0.09711786761701688,2734.0,147.0,2881.0,0.08740898058252428,972.0,7.0,979.0,0.00896126244874048,0.002224,-0.3774,0.7975000000000001
2026-07-24,深证100ETF易方达,8月,3.674,4.6,0.2520413718018508,above_spot,call_oi_wall,819294.46469948,-3311.9369993599994,815982.52770012,822606.40169884,0.024438772948793593,6619.0,8.0,6627.0,0.20106189320388348,91569.0,0.0,91569.0,0.8381755272407733,0.0043705,-0.43710000000000004,0.1992
2026-07-24,深证100ETF易方达,9月,3.674,3.0,-0.18345127925966243,below_spot,"put_wall,put_oi_wall,max_gamma",68792.6138064,-1584846.62336704,-1516054.00956064,1653639.23717344,0.1466414053383255,186.0,5186.0,5372.0,0.3082042455536431,0.0,9226.0,9226.0,0.7331532104259377,0.0017050000000000004,0.4179,0.2502
2026-07-24,深证100ETF易方达,9月,3.674,3.3,-0.10179640718562877,below_spot,,96726.48609184,-545935.0731648001,-449208.5870729601,642661.55925664,0.056989935947213445,136.0,766.0,902.0,0.051749856569133675,2.0,622.0,624.0,0.049586776859504134,0.00283,0.3546,0.52745
2026-07-24,深证100ETF易方达,9月,3.674,3.4,-0.07457811649428414,below_spot,,141475.70072151997,-461269.29667895986,-319793.59595743986,602744.9974004799,0.05345021543546098,142.0,518.0,660.0,0.0378657487091222,4.0,169.0,173.0,0.013747616020343294,0.002607,0.30525,0.6989
2026-07-24,深证100ETF易方达,9月,3.674,3.5,-0.047359825802939515,below_spot,,196959.14937468,-495909.787395,-298950.63802032,692868.93676968,0.06144222531683961,159.0,505.0,664.0,0.0380952380952381,13.0,7.0,20.0,0.001589319771137953,0.0027854999999999998,0.21125000000000002,0.8226
2026-07-24,深证100ETF易方达,9月,3.674,3.6,-0.020141535111595,below_spot,price_wall,560694.0881432,-574979.0436684799,-14284.95552527986,1135673.1318116798,0.10070921172534751,395.0,496.0,891.0,0.051118760757314974,24.0,8.0,32.0,0.0025429116338207248,0.002654,0.12304999999999999,0.9552
2026-07-24,深证100ETF易方达,9月,3.674,3.7,0.007076755579749738,above_spot,,423375.72144691995,-425295.04131135996,-1919.3198644400109,848670.7627582799,0.07525841823464788,289.0,382.0,671.0,0.038496844520940904,27.0,47.0,74.0,0.005880483153210426,0.002805,0.025150000000000006,0.95505
2026-07-24,深证100ETF易方达,9月,3.674,3.8,0.034295046271094254,above_spot,,320038.45468408,-291271.1988384,28767.25584567996,611309.65352248,0.05420971193369137,241.0,243.0,484.0,0.02776821572002295,16.0,4.0,20.0,0.001589319771137953,0.0027814999999999997,-0.06779999999999997,0.9359
2026-07-24,深证100ETF易方达,9月,3.674,3.9,0.06151333696243877,above_spot,call_wall,961306.31694372,-212329.23130759996,748977.08563612,1173635.54825132,0.10407564254750373,759.0,190.0,949.0,0.05444635685599541,77.0,3.0,80.0,0.006357279084551812,0.002762,-0.15649999999999997,0.8831
2026-07-24,深证100ETF易方达,9月,3.674,4.0,0.08873162765378328,above_spot,,386992.0633682399,-273134.37527375994,113857.68809447996,660126.4386419998,0.05853868636360484,363.0,273.0,636.0,0.03648881239242685,122.0,2.0,124.0,0.009853782581055308,0.0028935,-0.2226,0.7655
2026-07-24,深证100ETF易方达,9月,3.674,4.6,0.2520413718018508,above_spot,call_oi_wall,296928.32631,-11325.053564,285603.272746,308253.379874,0.02733529043630877,1050.0,25.0,1075.0,0.06167527251864601,1002.0,0.0,1002.0,0.07962492053401145,0.004017,-0.391,0.27255
2026-07-24,科创50ETF华夏,12月,1.885,1.3,-0.31034482758620685,below_spot,"put_wall,put_oi_wall",278526.648075,-2953531.2272375007,-2675004.579162501,3232057.8753125006,0.07686281160764134,2958.0,31367.0,34325.0,0.14872377023964783,46.0,44187.0,44233.0,0.40552087057766534,0.0028420000000000003,0.38705,0.265
2026-07-24,科创50ETF华夏,12月,1.885,1.7,-0.09814323607427056,below_spot,,529885.58652575,-859757.6860762499,-329872.09955049993,1389643.2726019998,0.03304764121945257,2009.0,4923.0,6932.0,0.030035052448688676,267.0,2441.0,2708.0,0.024826498711919102,0.0047075,0.2178,0.6169
2026-07-24,科创50ETF华夏,12月,1.885,1.75,-0.07161803713527848,below_spot,,789938.200584,-984547.4810600001,-194609.28047600016,1774485.681644,0.0421997265861065,2859.0,5476.0,8335.0,0.03611398761682344,425.0,1437.0,1862.0,0.01707050982333581,0.004784,0.1815,0.6417999999999999
2026-07-24,科创50ETF华夏,12月,1.885,1.8,-0.0450928381962864,below_spot,price_wall,1297244.2858634999,-959275.77229575,337968.5135677499,2256520.05815925,0.053663171518049786,4546.0,5229.0,9775.0,0.04235323682716846,901.0,2443.0,3344.0,0.030657242131705127,0.0048535,0.1461,0.6597
2026-07-24,科创50ETF华夏,12月,1.885,1.85,-0.018567639257294433,below_spot,,1188522.31645875,-590370.71441075,598151.6020480001,1778893.0308695,0.04230453945341195,4165.0,3169.0,7334.0,0.03177684285324333,1665.0,1993.0,3658.0,0.03353594249933533,0.004947999999999999,0.11135000000000003,0.6637
2026-07-24,科创50ETF华夏,12月,1.885,1.9,0.007957559681697646,above_spot,,1578656.6500900001,-525524.9266767501,1053131.72341325,2104181.5767667503,0.050040351492052035,5515.0,2807.0,8322.0,0.03605766106145227,1301.0,1092.0,2393.0,0.021938630508723196,0.0050244999999999995,0.07835000000000003,0.66625
2026-07-24,科创50ETF华夏,12月,1.885,1.95,0.034482758620689724,above_spot,,866510.8389144999,-305419.018294,561091.8206204998,1171929.8572085,0.027870114740218728,3043.0,1636.0,4679.0,0.020273227121669693,1719.0,1019.0,2738.0,0.025101533778890142,0.0051045,0.04679999999999998,0.6634
2026-07-24,科创50ETF华夏,12月,1.885,2.0,0.0610079575596818,above_spot,,1726833.2390400001,-532872.036606,1193961.202434,2259705.275646,0.05373892040035895,6144.0,2856.0,9000.0,0.038995307564656384,1230.0,702.0,1932.0,0.0177122583129349,0.0051635000000000006,0.016500000000000015,0.65805
2026-07-24,科创50ETF华夏,12月,1.885,2.05,0.08753315649867366,above_spot,,788949.1959375,-240757.571873,548191.6240645,1029706.7678105,0.024487852742327294,2865.0,1246.0,4111.0,0.01781218993314471,560.0,132.0,692.0,0.0063441422114652955,0.005102000000000001,-0.015199999999999991,0.6594
2026-07-24,科创50ETF华夏,12月,1.885,2.3,0.22015915119363383,above_spot,gamma_flip,1157083.701449,-217297.617004,939786.084445,1374381.318453,0.0326846908170234,4931.0,1229.0,6160.0,0.026690121622031483,1297.0,67.0,1364.0,0.012504927711616565,0.005393,-0.1394,0.579
2026-07-24,科创50ETF华夏,12月,1.885,2.55,0.352785145888594,above_spot,"call_wall,call_oi_wall,max_gamma",4065596.9892265005,-428115.99928499997,3637480.9899415006,4493712.988511501,0.10686671717516028,22183.0,2710.0,24893.0,0.10785668791188793,18649.0,138.0,18787.0,0.1722361267728302,0.005605,-0.23154999999999998,0.4802
2026-07-24,科创50ETF华夏,3月,1.885,1.7,-0.09814323607427056,below_spot,"put_wall,put_oi_wall",1337.576019,-219063.143442,-217725.567423,220400.719461,0.12673720944501793,6.0,1544.0,1550.0,0.16007435712072704,19.0,1803.0,1822.0,0.2724689696425901,0.004536500000000001,0.215,0.51335
2026-07-24,科创50ETF华夏,3月,1.885,1.75,-0.07161803713527848,below_spot,,4562.1277065,-150125.746056,-145563.6183495,154687.8737625,0.08895029700259903,21.0,1056.0,1077.0,0.1112258597542084,0.0,487.0,487.0,0.07282787498130701,0.0047875,0.18280000000000002,0.50575
2026-07-24,科创50ETF华夏,3月,1.885,1.8,-0.0450928381962864,below_spot,,6334.7605945,-19740.438939,-13405.6783445,26075.1995335,0.014994043724900775,26.0,134.0,160.0,0.016523804606010533,9.0,98.0,107.0,0.016001196351129055,0.0046195,0.1569,0.55015
2026-07-24,科创50ETF华夏,3月,1.885,1.85,-0.018567639257294433,below_spot,,22374.764421750002,-57502.906142499996,-35128.14172074999,79877.67056425,0.045932123493239545,93.0,379.0,472.0,0.048745223587731076,1.0,311.0,312.0,0.04665769403319874,0.0046825,0.12760000000000002,0.55205
2026-07-24,科创50ETF华夏,3月,1.885,1.9,0.007957559681697646,above_spot,,55441.68032,-90498.793073,-35057.112752999994,145940.473393,0.08392027207600199,230.0,599.0,829.0,0.08561396261489208,178.0,373.0,551.0,0.08239868401375804,0.0047825,0.10064999999999999,0.5518000000000001
2026-07-24,科创50ETF华夏,3月,1.885,1.95,0.034482758620689724,above_spot,price_wall,118218.9936525,-57781.6211115,60437.372541,176000.614764,0.10120578022770024,494.0,387.0,881.0,0.0909841991118455,386.0,359.0,745.0,0.11141019889337521,0.0048965,0.07529999999999998,0.5468500000000001
2026-07-24,科创50ETF华夏,3月,1.885,2.0,0.0610079575596818,above_spot,,63894.09195,-38988.82728,24905.264670000004,102882.91923,0.05916085081144504,270.0,254.0,524.0,0.0541154600846845,280.0,235.0,515.0,0.07701510393300434,0.0048865,0.04909999999999998,0.549
2026-07-24,科创50ETF华夏,3月,1.885,2.05,0.08753315649867366,above_spot,,19237.47994025,-10925.1009075,8312.37903275,30162.58084775,0.017344414009410756,83.0,74.0,157.0,0.016213983269647837,12.0,21.0,33.0,0.00493494840735756,0.005066,0.028099999999999986,0.5339
2026-07-24,科创50ETF华夏,3月,1.885,2.15,0.14058355437665782,above_spot,"call_wall,call_oi_wall,max_gamma",518211.6434495001,-214990.29481800002,303221.34863150003,733201.9382675001,0.42161372178344547,2282.0,1416.0,3698.0,0.3819064339564185,2070.0,20.0,2090.0,0.31254673246597875,0.005029500000000001,-0.020549999999999985,0.5332
2026-07-24,科创50ETF华夏,8月,1.885,1.7,-0.09814323607427056,below_spot,,873993.4688452501,-7722568.0578735,-6848574.5890282495,8596561.52671875,0.024823973359393445,3749.0,33126.0,36875.0,0.03522556301196475,4441.0,64034.0,68475.0,0.04148285375378177,1e-06,0.19940000000000002,0.6561
2026-07-24,科创50ETF华夏,8月,1.885,1.75,-0.07161803713527848,below_spot,,3741237.54060225,-16027892.304515,-12286654.76391275,19769129.84511725,0.05708658643206335,8651.0,44137.0,52788.0,0.05042676665154157,13695.0,67632.0,81327.0,0.04926872650213669,0.005308,0.21605,1.11955
2026-07-24,科创50ETF华夏,8月,1.885,1.8,-0.0450928381962864,below_spot,,10288297.2528375,-15578950.427118,-5290653.1742805,25867247.679955497,0.07469589617805515,21689.0,39924.0,61613.0,0.058857020036777875,33219.0,102369.0,135588.0,0.08214059400902173,0.005327,0.15335,1.2166000000000001
2026-07-24,科创50ETF华夏,8月,1.885,1.85,-0.018567639257294433,below_spot,,12960432.958134998,-13972607.865069749,-1012174.9069347512,26933040.82320475,0.07777354769167634,26393.0,34281.0,60674.0,0.05796002197119862,77104.0,116864.0,193968.0,0.11750779374828102,0.0053965,0.08815000000000003,1.2645499999999998
2026-07-24,科创50ETF华夏,8月,1.885,1.9,0.007957559681697646,above_spot,"put_wall,put_oi_wall,price_wall,max_gamma",23040459.88187125,-26934944.96095,-3894485.079078749,49975404.84282125,0.14431213161067444,46667.0,65068.0,111735.0,0.10673703818689848,161347.0,168859.0,330206.0,0.20004216439023387,0.005461,0.02419999999999997,1.27725
2026-07-24,科创50ETF华夏,8月,1.885,1.95,0.034482758620689724,above_spot,,17278850.789173998,-11351790.215883,5927060.573290998,28630641.005057,0.08267564506610027,35356.0,27546.0,62902.0,0.06008836242925035,112662.0,61308.0,173970.0,0.10539280127850185,0.005485,-0.03790000000000002,1.2675999999999998
2026-07-24,科创50ETF华夏,8月,1.885,2.0,0.0610079575596818,above_spot,call_wall,28629969.516596496,-10338455.1454535,18291514.371143,38968424.662049994,0.11252768128997395,61199.0,26074.0,87273.0,0.08336923554557829,120720.0,44462.0,165182.0,0.10006894120127317,0.0055765,-0.09515000000000001,1.21625
2026-07-24,科创50ETF华夏,8月,1.885,2.05,0.08753315649867366,above_spot,,15466175.755874999,-6151746.730827749,9314429.02504725,21617922.486702748,0.06242527669085088,35460.0,16409.0,51869.0,0.049548873976070495,74293.0,14199.0,88492.0,0.053609356617446605,0.005695499999999999,-0.1463,1.1413
2026-07-24,科创50ETF华夏,8月,1.885,2.15,0.14058355437665782,above_spot,gamma_flip,14468333.5992195,-3015950.659748,11452382.939471498,17484284.2589675,0.05048872218312819,39897.0,9202.0,49099.0,0.04690277744608698,45906.0,2403.0,48309.0,0.02926608516964503,0.005882500000000001,-0.23395,0.9715
2026-07-24,科创50ETF华夏,8月,1.885,2.55,0.352785145888594,above_spot,call_oi_wall,12968869.451317001,-308096.51546049997,12660772.9358565,13276965.966777502,0.03833940447334404,102698.0,1822.0,104520.0,0.099844768705371,42174.0,266.0,42440.0,0.02571058507937931,0.00703,-0.3997,0.41564999999999996
2026-07-24,科创50ETF华夏,9月,1.885,1.1,-0.41644562334217505,below_spot,put_oi_wall,76701.69146249999,-2914585.7493025,-2837884.05784,2991287.440765,0.018936724532353857,1845.0,103831.0,105676.0,0.1228345065511117,85.0,6785.0,6870.0,0.03374031255218207,0.0033135000000000005,0.47605000000000003,0.098
2026-07-24,科创50ETF华夏,9月,1.885,1.7,-0.09814323607427056,below_spot,,2029574.6891029999,-6175879.559915001,-4146304.8708120007,8205454.249018,0.051945668831059555,5932.0,23299.0,29231.0,0.03397720826862813,1471.0,8357.0,9828.0,0.04826780083884212,0.004911499999999999,0.2472,0.8544499999999999
2026-07-24,科创50ETF华夏,9月,1.885,1.75,-0.07161803713527848,below_spot,,2475835.587173,-4845414.112656,-2369578.525483,7321249.699829,0.04634809978769003,6631.0,17323.0,23954.0,0.027843387050279434,1931.0,5967.0,7898.0,0.03878908130089287,0.00502,0.19519999999999998,0.919
2026-07-24,科创50ETF华夏,9月,1.885,1.8,-0.0450928381962864,below_spot,"put_wall,price_wall,max_gamma",5262292.1851045005,-8640608.192125,-3378316.0070204996,13902900.3772295,0.0880140741596611,13286.0,29750.0,43036.0,0.05002371232762068,4105.0,17793.0,21898.0,0.10754663235337453,0.005093500000000001,0.1436,0.9660500000000001
2026-07-24,科创50ETF华夏,9月,1.885,1.85,-0.018567639257294433,below_spot,,6475062.77493075,-4115819.3373439997,2359243.4375867504,10590882.11227475,0.06704692246609707,15939.0,13816.0,29755.0,0.03458628962515924,7331.0,6861.0,14192.0,0.06970051175262998,0.005166500000000001,0.09230000000000002,0.99085
2026-07-24,科创50ETF华夏,9月,1.885,1.9,0.007957559681697646,above_spot,,4881046.563601,-3374079.212595,1506967.3510060003,8255125.776196,0.05226012073375953,12086.0,11235.0,23321.0,0.027107607472637834,8443.0,4874.0,13317.0,0.06540316481184988,0.0052645,0.042649999999999993,0.9909
2026-07-24,科创50ETF华夏,9月,1.885,1.95,0.034482758620689724,above_spot,,5350707.367037499,-2967721.1023395,2382986.264697999,8318428.469377,0.052660866461698715,13525.0,9903.0,23428.0,0.027231980955746287,3742.0,3276.0,7018.0,0.034467178091879734,0.005348,-0.004500000000000004,0.9783999999999999
2026-07-24,科创50ETF华夏,9月,1.885,2.0,0.0610079575596818,above_spot,,6482771.5321005015,-2823601.8699525,3659169.6621480016,9306373.402053002,0.05891517716025057,17178.0,9534.0,26712.0,0.031049200755074904,6452.0,2088.0,8540.0,0.04194210614201381,0.0054564999999999995,-0.04789999999999997,0.9478
2026-07-24,科创50ETF华夏,9月,1.885,2.05,0.08753315649867366,above_spot,,3495755.707366,-1914678.0318899995,1581077.6754760004,5410433.739255999,0.03425143699819157,9512.0,6628.0,16140.0,0.018760635676359275,2566.0,835.0,3401.0,0.016703173652106437,0.005493,-0.09075000000000003,0.92365
2026-07-24,科创50ETF华夏,9月,1.885,2.2,0.1671087533156499,above_spot,call_wall,9068463.526824,-987353.676036,8081109.850787999,10055817.20286,0.0636596261941197,29871.0,3888.0,33759.0,0.03924041510521764,9344.0,307.0,9651.0,0.04739850894339289,0.0058059999999999995,-0.19290000000000002,0.7845500000000001
2026-07-24,科创50ETF华夏,9月,1.885,2.5,0.32625994694960214,above_spot,gamma_flip,2215847.1088259993,-112828.39600499999,2103018.7128209993,2328675.5048309993,0.014741975632053293,12393.0,598.0,12991.0,0.015100335692167493,6242.0,9.0,6251.0,0.03070024654493306,0.005931499999999999,-0.34255,0.5171
2026-07-24,科创50ETF华夏,9月,1.885,2.55,0.352785145888594,above_spot,call_oi_wall,5983342.520259,-130629.48473900002,5852713.03552,6113972.004998,0.03870527522007741,37148.0,743.0,37891.0,0.04404332381740578,19390.0,35.0,19425.0,0.0954011020853183,0.006584,-0.33204999999999996,0.47404999999999997
2026-07-24,科创50ETF易方达,12月,1.826,1.25,-0.31544359255202636,below_spot,put_oi_wall,87384.13858108001,-721901.6960812802,-634517.5575002002,809285.8346623603,0.08694897473070502,979.0,8112.0,9091.0,0.1689337347158732,8.0,5882.0,5890.0,0.3763097367748531,0.0028615000000000003,0.3907,0.2673
2026-07-24,科创50ETF易方达,12月,1.826,1.65,-0.09638554216867479,below_spot,,105158.56376740002,-164975.04175152,-59816.47798411999,270133.60551892,0.029022922475812403,401.0,966.0,1367.0,0.025402311666109192,1.0,59.0,60.0,0.003833375926399182,0.0046365,0.21755,0.64935
2026-07-24,科创50ETF易方达,12月,1.826,1.7,-0.06900328587075577,below_spot,,97698.48798776,-77866.28102528001,19832.20696247999,175564.76901304,0.01886252793598645,386.0,437.0,823.0,0.015293418069647303,0.0,52.0,52.0,0.0033222591362126247,0.00486,0.17529999999999998,0.6467499999999999
2026-07-24,科创50ETF易方达,12月,1.826,1.75,-0.041621029572836865,below_spot,,137678.92459200002,-112511.20917432003,25167.715417679996,250190.13376632007,0.026880213006317235,496.0,638.0,1134.0,0.021072583342624594,32.0,214.0,246.0,0.015716841298236646,0.004889,0.14159999999999998,0.6807000000000001
2026-07-24,科创50ETF易方达,12月,1.826,1.8,-0.014238773274917849,below_spot,,122557.34941956002,-153129.126007,-30571.776587439992,275686.47542656003,0.029619518047615187,447.0,845.0,1292.0,0.024008622291596983,16.0,145.0,161.0,0.010286225402504472,0.0049705,0.1058,0.6829000000000001
2026-07-24,科创50ETF易方达,12月,1.826,1.85,0.013143483023001057,above_spot,,115201.70316424001,-68196.48051216001,47005.22265208,183398.18367640002,0.019704143276879926,419.0,364.0,783.0,0.01455011706990746,94.0,63.0,157.0,0.010030667007411193,0.0049625,0.07109999999999997,0.6932499999999999
2026-07-24,科创50ETF易方达,12月,1.826,1.9,0.04052573932091996,above_spot,price_wall,186779.40628248002,-141385.17242256,45394.23385992003,328164.57870504004,0.035257720374212896,687.0,787.0,1474.0,0.027390641840413274,194.0,15.0,209.0,0.013352926143623819,0.005163,0.0406,0.6771
2026-07-24,科创50ETF易方达,12月,1.826,1.95,0.06790799561883887,above_spot,,190596.68550384,-109374.18894248002,81222.49656135999,299970.87444632,0.03222861301293162,714.0,602.0,1316.0,0.02445460289144089,28.0,55.0,83.0,0.0053028366981855354,0.005192499999999999,0.009399999999999992,0.67275
2026-07-24,科创50ETF易方达,12月,1.826,2.0,0.095290251916758,above_spot,,354010.2858045601,-178572.98616300002,175437.2996415601,532583.2719675602,0.057220289140021134,1334.0,975.0,2309.0,0.042907050209982533,408.0,46.0,454.0,0.029005877843087145,0.005173499999999999,-0.022199999999999998,0.6726000000000001
2026-07-24,科创50ETF易方达,12月,1.826,2.15,0.1774370208105147,above_spot,"call_wall,put_wall,call_oi_wall,max_gamma",1163887.5543438,-783481.6392990402,380405.91504475987,1947369.1936428403,0.20922367296845987,4945.0,4642.0,9587.0,0.17815066711264727,47.0,53.0,100.0,0.006388959877331971,0.005555000000000001,-0.09310000000000002,0.60605
2026-07-24,科创50ETF易方达,12月,1.826,2.25,0.23220153340635274,above_spot,gamma_flip,115214.60681236001,-17774.158444239998,97440.44836812,132988.76525660002,0.014288198674066797,523.0,107.0,630.0,0.011706990745902554,148.0,0.0,148.0,0.009455660618451316,0.0055414999999999996,-0.14295000000000002,0.57945
2026-07-24,科创50ETF易方达,3月,1.826,1.65,-0.09638554216867479,below_spot,,211.35975564000003,-15667.429496400006,-15456.069740760006,15878.789252040006,0.02925175951333737,1.0,115.0,116.0,0.03823335530652604,1.0,136.0,137.0,0.16023391812865498,0.004624,0.21134999999999998,0.52125
2026-07-24,科创50ETF易方达,3月,1.826,1.7,-0.06900328587075577,below_spot,,1338.3783864000004,-43383.265318800004,-42044.886932400004,44721.643705200004,0.08238580070187664,6.0,305.0,311.0,0.1025049439683586,3.0,111.0,114.0,0.13333333333333333,0.0045945,0.18205000000000002,0.5478000000000001
2026-07-24,科创50ETF易方达,3月,1.826,1.75,-0.041621029572836865,below_spot,,16844.428924400003,-22636.399764000005,-5791.970839600002,39480.82868840001,0.07273121948085406,70.0,155.0,225.0,0.07415952537903757,40.0,76.0,116.0,0.13567251461988303,0.0045385,0.15315,0.57985
2026-07-24,科创50ETF易方达,3月,1.826,1.8,-0.014238773274917849,below_spot,,13881.424557000004,-11675.400869880003,2206.0236871200013,25556.82542688001,0.0470805487399107,61.0,81.0,142.0,0.04680290046143705,18.0,7.0,25.0,0.029239766081871343,0.0047975,0.12364999999999998,0.5574
2026-07-24,科创50ETF易方达,3月,1.826,1.85,0.013143483023001057,above_spot,"put_wall,put_oi_wall,price_wall",84148.59049344002,-45868.201193320005,38280.38930012001,130016.79168676003,0.23951573780275298,368.0,323.0,691.0,0.22775214238628871,74.0,18.0,92.0,0.10760233918128655,0.004921,0.09700000000000003,0.55585
2026-07-24,科创50ETF易方达,3月,1.826,1.9,0.04052573932091996,above_spot,,38753.9565204,-24857.827806240006,13896.128714159997,63611.78432664001,0.11718504401071378,170.0,177.0,347.0,0.11437046802900462,31.0,0.0,31.0,0.03625730994152047,0.0050244999999999995,0.07154999999999997,0.55245
2026-07-24,科创50ETF易方达,3月,1.826,1.95,0.06790799561883887,above_spot,gamma_flip,22336.31492400001,-1578.5796294400004,20757.73529456001,23914.894553440008,0.04405579878668487,100.0,11.0,111.0,0.036585365853658534,60.0,0.0,60.0,0.07017543859649122,0.0050465,0.04604999999999998,0.55015
2026-07-24,科创50ETF易方达,3月,1.826,2.0,0.095290251916758,above_spot,,14701.156311600002,-19899.626023200002,-5198.469711600001,34600.7823348,0.0637412429729722,69.0,145.0,214.0,0.07053394858272907,61.0,0.0,61.0,0.07134502923976609,0.0053025,0.02764999999999998,0.5253
2026-07-24,科创50ETF易方达,3月,1.826,2.1,0.1500547645125958,above_spot,"call_wall,call_oi_wall,max_gamma",93753.00585419999,-36865.08916640001,56887.91668779998,130618.0950206,0.24062345327380472,427.0,262.0,689.0,0.22709294660514173,146.0,16.0,162.0,0.18947368421052632,0.005161499999999999,-0.02495,0.54025
2026-07-24,科创50ETF易方达,8月,1.826,1.65,-0.09638554216867479,below_spot,,113324.83920384,-611185.0609356802,-497860.22173184017,724509.9001395202,0.012974957858627076,501.0,2702.0,3203.0,0.017652926814481683,254.0,3307.0,3561.0,0.02249398328585235,1e-06,0.19679999999999997,0.6784
2026-07-24,科创50ETF易方达,8月,1.826,1.7,-0.06900328587075577,below_spot,,494412.98046096007,-2704965.9480993603,-2210552.9676384004,3199378.9285603203,0.05729639686615132,1164.0,7764.0,8928.0,0.04920553562275756,823.0,7935.0,8758.0,0.05532218635706119,0.0053655000000000005,0.2091,1.1594
2026-07-24,科创50ETF易方达,8月,1.826,1.75,-0.041621029572836865,below_spot,,1077311.81097892,-2111804.9495941205,-1034493.1386152005,3189116.7605730407,0.05711261580650332,2329.0,5569.0,7898.0,0.0435288217236267,3711.0,8993.0,12704.0,0.08024812234301272,0.0053495,0.14465000000000003,1.2623
2026-07-24,科创50ETF易方达,8月,1.826,1.8,-0.014238773274917849,below_spot,,2179133.8848338407,-1148955.4994192002,1030178.3854146404,3328089.384253041,0.059601420908274326,4502.0,2920.0,7422.0,0.04090540831004778,9071.0,9118.0,18189.0,0.11489555236910094,0.005394,0.07774999999999999,1.3159
2026-07-24,科创50ETF易方达,8月,1.826,1.85,0.013143483023001057,above_spot,"put_wall,put_oi_wall,price_wall,max_gamma",2402581.9247408,-5287845.579949681,-2885263.6552088805,7690427.504690481,0.13772478853493955,5020.0,13346.0,18366.0,0.10122187133149253,11170.0,16726.0,27896.0,0.17621234421290008,0.005502,0.012250000000000011,1.31185
2026-07-24,科创50ETF易方达,8月,1.826,1.9,0.04052573932091996,above_spot,,3594875.943494881,-1596725.4929727206,1998150.4505221604,5191601.436467602,0.09297431248901242,7677.0,4118.0,11795.0,0.06500664120412471,12110.0,7802.0,19912.0,0.12577933029707725,0.005582,-0.049850000000000005,1.2836500000000002
2026-07-24,科创50ETF易方达,8月,1.826,1.95,0.06790799561883887,above_spot,call_wall,3822442.5144598,-1771329.85712672,2051112.65733308,5593772.37158652,0.10017663082051864,8533.0,4762.0,13295.0,0.07327370028052888,7317.0,2812.0,10129.0,0.06398246467351824,0.005657499999999999,-0.1078,1.22955
2026-07-24,科创50ETF易方达,8月,1.826,2.0,0.095290251916758,above_spot,,3685147.46506368,-812495.8755386001,2872651.58952508,4497643.340602281,0.0805464946665483,9012.0,2287.0,11299.0,0.062273000336193735,8927.0,1523.0,10450.0,0.06601014471697755,0.0057775,-0.15834999999999996,1.14595
2026-07-24,科创50ETF易方达,8月,1.826,2.05,0.12267250821467668,above_spot,gamma_flip,2905995.1830940805,-551773.4974290001,2354221.6856650803,3457768.6805230808,0.06192379552857443,7772.0,1659.0,9431.0,0.05197775609971175,4122.0,293.0,4415.0,0.027888496547890516,0.005866,-0.20465000000000003,1.05945
2026-07-24,科创50ETF易方达,8月,1.826,2.45,0.3417305585980286,above_spot,call_oi_wall,3363541.8740492803,-37645.643178000006,3325896.23087128,3401187.5172272804,0.06091050611843147,25144.0,234.0,25378.0,0.13986761682732318,4843.0,11.0,4854.0,0.030661554302029576,0.0066835,-0.4062,0.44184999999999997
2026-07-24,科创50ETF易方达,9月,1.826,1.1,-0.3975903614457831,below_spot,put_oi_wall,49859.229537039995,-834992.7025092402,-785133.4729722003,884851.9320462802,0.02876184278135096,1037.0,26059.0,27096.0,0.15890311343603938,97.0,4298.0,4395.0,0.16353488372093022,0.003217,0.4709,0.12015
2026-07-24,科创50ETF易方达,9月,1.826,1.65,-0.09638554216867479,below_spot,,574805.1756128,-609743.7867919201,-34938.611179120024,1184548.96240472,0.03850340355217195,1808.0,2383.0,4191.0,0.024577906274374117,32.0,852.0,884.0,0.032893023255813954,0.005115,0.23650000000000002,0.8604499999999999
2026-07-24,科创50ETF易方达,9月,1.826,1.7,-0.06900328587075577,below_spot,,1211007.1760054403,-1096748.33940848,114258.8365969602,2307755.5154139204,0.07501289075408733,3463.0,4078.0,7541.0,0.04422381083632909,53.0,1100.0,1153.0,0.04290232558139535,0.0051755,0.18644999999999998,0.9277
2026-07-24,科创50ETF易方达,9月,1.826,1.75,-0.041621029572836865,below_spot,"put_wall,price_wall,max_gamma",1822867.3611456002,-1789044.0652884804,33823.29585711984,3611911.4264340806,0.11740408177334309,4912.0,6409.0,11321.0,0.06639142852116187,79.0,1107.0,1186.0,0.04413023255813953,0.00523,0.13515,0.9751000000000001
2026-07-24,科创50ETF易方达,9月,1.826,1.8,-0.014238773274917849,below_spot,call_wall,2030679.08035124,-831278.3523880001,1199400.72796324,2861957.43273924,0.09302705542723448,5393.0,2900.0,8293.0,0.04863387657680376,1031.0,563.0,1594.0,0.05931162790697674,0.0053095,0.08385000000000001,0.9944999999999999
2026-07-24,科创50ETF易方达,9月,1.826,1.85,0.013143483023001057,above_spot,,737866.6096823999,-469463.1266371201,268403.4830452798,1207329.73631952,0.039243885675841784,1915.0,1604.0,3519.0,0.02063699646373718,425.0,365.0,790.0,0.029395348837209304,0.0052925,0.03340000000000001,1.0167
2026-07-24,科创50ETF易方达,9月,1.826,1.9,0.04052573932091996,above_spot,,1450731.7509484803,-1031833.0532224,418898.6977260803,2482564.8041708805,0.08069501348881454,3822.0,3460.0,7282.0,0.042704918513479434,685.0,128.0,813.0,0.030251162790697676,0.005285,-0.01620000000000002,1.0164
2026-07-24,科创50ETF易方达,9月,1.826,1.95,0.06790799561883887,above_spot,,802938.1066990802,-459068.9880057601,343869.1186933201,1262007.0947048403,0.04102115657125743,2193.0,1538.0,3731.0,0.021880259677807164,509.0,190.0,699.0,0.026009302325581397,0.0053054999999999995,-0.0632,0.99665
2026-07-24,科创50ETF易方达,9月,1.826,2.0,0.095290251916758,above_spot,,1415315.3713613204,-236608.56065000006,1178706.8107113203,1651923.9320113205,0.05369528471208181,4043.0,875.0,4918.0,0.028841360786774493,324.0,111.0,435.0,0.016186046511627906,0.005610500000000001,-0.09955000000000003,0.93045
2026-07-24,科创50ETF易方达,9月,1.826,2.1,0.1500547645125958,above_spot,gamma_flip,1168919.6436830002,-132196.44125072003,1036723.2024322802,1301116.0849337203,0.042292382397367295,3821.0,518.0,4339.0,0.02544584474457392,101.0,47.0,148.0,0.005506976744186046,0.0057435,-0.17285000000000003,0.84145
2026-07-24,科创50ETF易方达,9月,1.826,2.45,0.3417305585980286,above_spot,call_oi_wall,1074875.7222478003,-72738.66467868001,1002137.0575691203,1147614.3869264803,0.037302856415834224,6535.0,427.0,6962.0,0.040828294794128514,3213.0,0.0,3213.0,0.11955348837209302,0.005608,-0.36935,0.5021
