trade_date,market_type,underlying,contract_month,underlying_price,gamma_regime,price_wall,call_wall,put_wall,price_wall_distance,front_month_concentration,expiry_structure_state,put_skew,risk_reversal_25d,iv_surface_state,wall_lifecycle_state,iv_surface_bias,delta_bias,normalized_net_gex,vega_risk_ratio,theta_burn_rate,rho_risk_ratio,market_structure_state,state_confidence
2026-07-17,ETF,上证50ETF华夏,12月,3.004,Positive Gamma,3.0,3.0,2.8,-0.0013315579227696217,0.6081112302501803,low_expiry_influence,0.0010090000000000003,-0.000578,normal_iv_surface,new_wall,0.22705382471476557,0.1411997241399484,0.24245973177564206,0.0502351512264381,,0.0009027025460292341,mixed_or_unclear_structure,1.0
2026-07-17,ETF,上证50ETF华夏,7月,3.004,Positive Gamma,3.0,3.0,3.0,-0.0013315579227696217,0.6081112302501803,near_month_pressure,3.300000000000048e-05,0.00021799999999999944,normal_iv_surface,new_wall,-0.1100047096817598,0.12983048819804197,0.2507817973106027,0.037848575723510795,,0.00034244314847247417,mixed_or_unclear_structure,1.0
2026-07-17,ETF,上证50ETF华夏,8月,3.004,Positive Gamma,3.1,3.1,3.0,0.031957390146471365,0.6081112302501803,normal_expiry_structure,0.0005900000000000002,-0.00041200000000000004,normal_iv_surface,new_wall,0.18974701961888674,0.0570619230418556,0.19978719182995788,0.051847236736494016,,-0.00035130448032283097,mixed_or_unclear_structure,1.0
2026-07-17,ETF,上证50ETF华夏,9月,3.004,Positive Gamma,3.1,3.1,2.65,0.031957390146471365,0.6081112302501803,normal_expiry_structure,0.0007559999999999997,-0.000516,normal_iv_surface,new_wall,0.2304475963218827,0.08844921204439163,0.2175560390934815,0.04986828452783756,,7.354161516107457e-05,mixed_or_unclear_structure,1.0
2026-07-17,ETF,中证500ETF南方,12月,7.956,Positive Gamma,8.35,8.35,7.613,0.04952237305178464,0.5926187095593398,low_expiry_influence,0.0016870000000000006,-0.0013230000000000004,normal_iv_surface,new_wall,0.37857071090394884,-0.056420620444019784,0.2036230683002813,0.027978194662228485,,-0.005830813607325245,mixed_or_unclear_structure,1.0
2026-07-17,ETF,中证500ETF南方,7月,7.956,Positive Gamma,8.35,8.35,7.859,0.04952237305178464,0.5926187095593398,near_month_pressure,0.0,0.0,normal_iv_surface,new_wall,0.0,-0.3841920837388699,0.02093010271381943,0.015552218974322943,,-0.0015049323162677163,mixed_or_unclear_structure,1.0
2026-07-17,ETF,中证500ETF南方,8月,7.956,Positive Gamma,8.104,8.104,8.104,0.018602312719959713,0.5926187095593398,normal_expiry_structure,0.0,0.0,normal_iv_surface,new_wall,0.0,-0.01120034479863787,0.22854348490252355,0.02926745715988412,,-0.0013183448912400635,mixed_or_unclear_structure,1.0
2026-07-17,ETF,中证500ETF南方,9月,7.956,Negative Gamma,8.104,8.841,6.631,0.018602312719959713,0.5926187095593398,normal_expiry_structure,0.00352,-0.00352,normal_iv_surface,new_wall,2.260252141066401,-0.18760653200490662,-0.20599416504029125,0.035086303617214834,,-0.004930223415753883,mixed_or_unclear_structure,1.0
2026-07-17,ETF,中证500ETF嘉实,12月,3.218,Positive Gamma,3.2,3.2,3.2,-0.005593536357986317,0.6336165737613105,low_expiry_influence,0.001637,-0.0012710000000000004,normal_iv_surface,new_wall,0.37418120262015175,0.1316469638594935,0.3723245414867475,0.04150291201830041,,-0.0016698947865035696,mixed_or_unclear_structure,1.0
2026-07-17,ETF,中证500ETF嘉实,7月,3.218,Positive Gamma,3.3,3.3,3.2,0.025481665630826544,0.6336165737613105,near_month_pressure,0.0001820000000000003,-0.00018400000000000014,normal_iv_surface,new_wall,0.0611859308635258,-0.3463262454686152,0.07540554430411711,0.011658216892365332,,-0.0012055343988385764,mixed_or_unclear_structure,1.0
2026-07-17,ETF,中证500ETF嘉实,8月,3.218,Positive Gamma,3.3,3.3,3.2,0.025481665630826544,0.6336165737613105,normal_expiry_structure,0.0005349999999999995,-0.0004459999999999998,normal_iv_surface,new_wall,0.14082728133880637,0.02158166262710186,0.31182970272646937,0.02816388163930601,,-0.0010036882948579497,mixed_or_unclear_structure,1.0
2026-07-17,ETF,中证500ETF嘉实,9月,3.218,Positive Gamma,3.3,3.3,2.8,0.025481665630826544,0.6336165737613105,normal_expiry_structure,0.000876,-0.0006569999999999996,normal_iv_surface,new_wall,0.206234225317261,-0.0242315056344253,0.07011165921014854,0.03338849018295885,,-0.0025787815798052173,mixed_or_unclear_structure,1.0
2026-07-17,ETF,创业板ETF易方达,12月,3.723,Positive Gamma,3.9,3.9,3.2,0.04754230459307007,0.6927807392851872,low_expiry_influence,0.0017019999999999995,-0.0010699999999999998,normal_iv_surface,new_wall,0.22833998210665987,0.06188466438891318,0.1886637868977572,0.02899635332671754,,-0.003746210145891183,mixed_or_unclear_structure,1.0
2026-07-17,ETF,创业板ETF易方达,7月,3.723,Positive Gamma,3.9,3.9,3.6,0.04754230459307007,0.6927807392851872,front_month_concentrated,0.0004229999999999989,-0.00012599999999999938,normal_iv_surface,new_wall,0.028703229113275098,-0.37989459716293095,0.051715825319881725,0.012097806757684763,,-0.0009840848332697367,mixed_or_unclear_structure,1.0
2026-07-17,ETF,创业板ETF易方达,8月,3.723,Positive Gamma,3.8,4.0,3.5,0.02068224550094011,0.6927807392851872,normal_expiry_structure,0.0007439999999999999,-0.0005579999999999995,normal_iv_surface,new_wall,0.13243932830949967,-0.1844602876967813,0.045692339632344536,0.02412229046743539,,-0.0027240153180348023,mixed_or_unclear_structure,1.0
2026-07-17,ETF,创业板ETF易方达,9月,3.723,Negative Gamma,3.9,3.9,2.9,0.04754230459307007,0.6927807392851872,normal_expiry_structure,0.0009069999999999998,-0.0005310000000000002,normal_iv_surface,new_wall,0.1258980358555234,-0.06412588105856191,-0.10494708841520455,0.02968845975012171,,-0.002743502407237117,mixed_or_unclear_structure,1.0
2026-07-17,ETF,沪深300ETF华泰柏瑞,12月,4.753,Positive Gamma,4.9,5.0,4.5,0.030927835051546504,0.6127519283974959,low_expiry_influence,0.0011949999999999999,-0.0008440000000000001,normal_iv_surface,new_wall,0.3561309892816428,0.044296824146118095,0.23739379695942978,0.04094012996037701,,-0.0030743003386927655,mixed_or_unclear_structure,1.0
2026-07-17,ETF,沪深300ETF华泰柏瑞,7月,4.753,Positive Gamma,4.8,4.8,4.8,0.009888491479065786,0.6127519283974959,near_month_pressure,8.000000000000021e-05,0.00010500000000000006,normal_iv_surface,new_wall,-0.046932939260840446,-0.12224877191055336,0.18912418834838157,0.026341444830487767,,-0.0007455363230097371,mixed_or_unclear_structure,1.0
2026-07-17,ETF,沪深300ETF华泰柏瑞,8月,4.753,Positive Gamma,4.8,5.0,4.6,0.009888491479065786,0.6127519283974959,normal_expiry_structure,-0.001814,0.0019430000000000003,normal_iv_surface,new_wall,-0.8392570652844626,-0.029426805749857447,0.16441039294498272,0.05432086404608763,,-0.0017548025087001599,mixed_or_unclear_structure,1.0
2026-07-17,ETF,沪深300ETF华泰柏瑞,9月,4.753,Positive Gamma,4.9,5.0,4.1,0.030927835051546504,0.6127519283974959,normal_expiry_structure,0.0006850000000000003,-0.00036700000000000014,normal_iv_surface,new_wall,0.15753744585355672,0.022841726214073647,0.12793772750570756,0.04532887031534569,,-0.0014824076590145853,mixed_or_unclear_structure,1.0
2026-07-17,ETF,沪深300ETF嘉实,12月,4.955,Positive Gamma,4.8,5.25,4.6,-0.03128153380423815,0.6411193099376286,low_expiry_influence,0.001194,-0.0008289999999999997,normal_iv_surface,new_wall,0.31522601663256894,0.10506098988335441,0.2898789868184353,0.04459548891897003,,-0.0011228476141009406,mixed_or_unclear_structure,1.0
2026-07-17,ETF,沪深300ETF嘉实,7月,4.955,Positive Gamma,5.0,5.0,5.0,0.00908173562058523,0.6411193099376286,near_month_pressure,8.399999999999987e-05,-8.399999999999987e-05,normal_iv_surface,new_wall,0.03686791529157552,-0.08481625457347768,0.14328846117356633,0.019435509625806886,,-0.0004189633880696965,mixed_or_unclear_structure,1.0
2026-07-17,ETF,沪深300ETF嘉实,8月,4.955,Positive Gamma,5.0,5.0,5.0,0.00908173562058523,0.6411193099376286,normal_expiry_structure,0.0004979999999999997,-0.0003489999999999999,normal_iv_surface,new_wall,0.1641483553331628,0.10478879754473405,0.23108845110726847,0.03989320540638196,,0.0007331943712115589,mixed_or_unclear_structure,1.0
2026-07-17,ETF,沪深300ETF嘉实,9月,4.955,Positive Gamma,5.0,5.25,4.2,0.00908173562058523,0.6411193099376286,normal_expiry_structure,0.0006789999999999995,-0.00047799999999999926,normal_iv_surface,new_wall,0.21076083728542294,-0.049578113742599635,0.1074872185591037,0.039931716852244586,,-0.0031129723906257985,mixed_or_unclear_structure,1.0
2026-07-17,ETF,深证100ETF易方达,12月,3.8,Positive Gamma,3.9,3.9,4.5,0.026315789473684292,0.7279805336042485,low_expiry_influence,0.0013669999999999997,-0.0011639999999999997,normal_iv_surface,new_wall,0.3276790659989761,0.13643190671780075,0.3406183898046123,0.08257652588263015,,-0.0028445372844160574,mixed_or_unclear_structure,1.0
2026-07-17,ETF,深证100ETF易方达,7月,3.8,Positive Gamma,3.8,3.9,3.8,0.0,0.7279805336042485,front_month_concentrated,6.800000000000035e-05,-3.4000000000000176e-05,normal_iv_surface,new_wall,0.011108179087973317,-0.2948347081521948,0.05199513302325363,0.019728678616883166,,-0.0013187297635264142,wall_compression,1.0
2026-07-17,ETF,深证100ETF易方达,8月,3.8,Positive Gamma,3.8,4.0,3.7,0.0,0.7279805336042485,normal_expiry_structure,0.000863,-0.000585,normal_iv_surface,new_wall,0.18608349900596421,-0.047901689966807506,0.12879509584515392,0.03809969776701691,,-0.0017318638364830466,mixed_or_unclear_structure,1.0
2026-07-17,ETF,深证100ETF易方达,9月,3.8,Negative Gamma,3.9,3.9,3.0,0.026315789473684292,0.7279805336042485,low_expiry_influence,0.00020100000000000022,-0.00027400000000000037,normal_iv_surface,new_wall,0.08660608455156076,0.07599767244855202,-0.07195015541252739,0.03646735261416223,,-0.0009035953036101683,mixed_or_unclear_structure,1.0
2026-07-17,ETF,科创50ETF华夏,12月,1.945,Positive Gamma,2.0,2.55,1.3,0.028277634961439535,0.6317112675700668,low_expiry_influence,0.00183,-0.0012589999999999997,normal_iv_surface,new_wall,0.22179026925701611,0.10879643267890769,0.05177886909155642,0.020608930932621235,,-0.002784794167879399,mixed_or_unclear_structure,1.0
2026-07-17,ETF,科创50ETF华夏,7月,1.945,Positive Gamma,2.0,2.1,1.9,0.028277634961439535,0.6317112675700668,near_month_pressure,-3.300000000000004e-05,0.00027700000000000034,normal_iv_surface,new_wall,-0.04481389176717121,-0.2665517487341226,0.07111954701090055,0.009862514030004724,,-0.0006723800285918706,mixed_or_unclear_structure,1.0
2026-07-17,ETF,科创50ETF华夏,8月,1.945,Positive Gamma,1.9,2.1,1.9,-0.02313624678663251,0.6317112675700668,normal_expiry_structure,0.001523000000000001,-0.0011520000000000002,normal_iv_surface,new_wall,0.1948661563834736,-0.10967799031528212,0.1545905357109496,0.017245432832618722,,-0.001859871904478864,mixed_or_unclear_structure,1.0
2026-07-17,ETF,科创50ETF华夏,9月,1.945,Positive Gamma,1.85,2.55,1.8,-0.04884318766066842,0.6317112675700668,normal_expiry_structure,0.0012280000000000008,-0.0005510000000000011,normal_iv_surface,new_wall,0.09556432380869813,0.18758103113778318,0.010079534349309529,0.018609734926269415,,-0.00024920089944360097,mixed_or_unclear_structure,1.0
2026-07-17,ETF,科创50ETF易方达,12月,1.888,Positive Gamma,1.95,2.15,2.15,0.03283898305084754,0.6343954160706249,low_expiry_influence,0.0020869999999999994,-0.0012960000000000003,normal_iv_surface,new_wall,0.22655362293505815,0.08578928259157727,0.058082241810462586,0.017889509399306017,,-0.0032430887934467053,mixed_or_unclear_structure,1.0
2026-07-17,ETF,科创50ETF易方达,7月,1.888,Positive Gamma,1.8,2.0,1.8,-0.0466101694915253,0.6343954160706249,near_month_pressure,0.0007070000000000002,-0.0003000000000000008,normal_iv_surface,new_wall,0.046719875413665686,-0.24079364577330442,0.019437222729651007,0.010981989439708118,,-0.0007404348430572794,mixed_or_unclear_structure,1.0
2026-07-17,ETF,科创50ETF易方达,8月,1.888,Positive Gamma,1.85,2.45,1.85,-0.020127118644067687,0.6343954160706249,normal_expiry_structure,0.0007479999999999995,-0.0004000000000000002,normal_iv_surface,new_wall,0.06680814273363203,-0.19379982940151008,0.07476072785071616,0.017563078036302,,-0.0025606446860709517,mixed_or_unclear_structure,1.0
2026-07-17,ETF,科创50ETF易方达,9月,1.888,Positive Gamma,1.8,2.45,1.75,-0.0466101694915253,0.6343954160706249,normal_expiry_structure,0.0012720000000000006,-0.0008930000000000006,normal_iv_surface,new_wall,0.14079066650900643,0.284655943923521,0.09941499512779131,0.017668265294832942,,0.000812431898539689,mixed_or_unclear_structure,1.0
2026-07-17,COMMODITY,AP,2610,,,8000.0,,,,,,,,,new_wall,,,,,,,mixed_or_unclear_structure,0.2
2026-07-17,COMMODITY,AP,2611,,,9800.0,,,,,,,,,new_wall,,,,,,,mixed_or_unclear_structure,0.2
2026-07-17,COMMODITY,AP,2701,,,8800.0,,,,,,,,,new_wall,,,,,,,mixed_or_unclear_structure,0.2
2026-07-17,COMMODITY,CF,2609,,,16000.0,,,,,,,,,new_wall,,,,,,,mixed_or_unclear_structure,0.2
2026-07-17,COMMODITY,CF,2611,,,16400.0,,,,,,,,,new_wall,,,,,,,mixed_or_unclear_structure,0.2
2026-07-17,COMMODITY,CF,2701,,,17000.0,,,,,,,,,new_wall,,,,,,,mixed_or_unclear_structure,0.2
2026-07-17,COMMODITY,CF,2703,,,14800.0,,,,,,,,,new_wall,,,,,,,mixed_or_unclear_structure,0.2
2026-07-17,COMMODITY,CF,2705,,,17600.0,,,,,,,,,new_wall,,,,,,,mixed_or_unclear_structure,0.2
2026-07-17,COMMODITY,CJ,2609,,,9000.0,,,,,,,,,new_wall,,,,,,,mixed_or_unclear_structure,0.2
2026-07-17,COMMODITY,CJ,2612,,,10000.0,,,,,,,,,new_wall,,,,,,,mixed_or_unclear_structure,0.2
2026-07-17,COMMODITY,CJ,2701,,,10000.0,,,,,,,,,new_wall,,,,,,,mixed_or_unclear_structure,0.2
2026-07-17,COMMODITY,CJ,2705,,,9000.0,,,,,,,,,new_wall,,,,,,,mixed_or_unclear_structure,0.2
2026-07-17,COMMODITY,FG,2609,,,1000.0,,,,,,,,,new_wall,,,,,,,mixed_or_unclear_structure,0.2
2026-07-17,COMMODITY,FG,2610,,,1140.0,,,,,,,,,new_wall,,,,,,,mixed_or_unclear_structure,0.2
2026-07-17,COMMODITY,FG,2611,,,990.0,,,,,,,,,new_wall,,,,,,,mixed_or_unclear_structure,0.2
2026-07-17,COMMODITY,FG,2612,,,1140.0,,,,,,,,,new_wall,,,,,,,mixed_or_unclear_structure,0.2
2026-07-17,COMMODITY,FG,2701,,,1480.0,,,,,,,,,new_wall,,,,,,,mixed_or_unclear_structure,0.2
2026-07-17,COMMODITY,FG,2703,,,1140.0,,,,,,,,,new_wall,,,,,,,mixed_or_unclear_structure,0.2
2026-07-17,COMMODITY,FG,2705,,,1220.0,,,,,,,,,new_wall,,,,,,,mixed_or_unclear_structure,0.2
2026-07-17,COMMODITY,MA,2609,,,2400.0,,,,,,,,,new_wall,,,,,,,mixed_or_unclear_structure,0.2
2026-07-17,COMMODITY,MA,2610,,,2325.0,,,,,,,,,new_wall,,,,,,,mixed_or_unclear_structure,0.2
2026-07-17,COMMODITY,MA,2611,,,3000.0,,,,,,,,,new_wall,,,,,,,mixed_or_unclear_structure,0.2
2026-07-17,COMMODITY,MA,2612,,,2600.0,,,,,,,,,new_wall,,,,,,,mixed_or_unclear_structure,0.2
2026-07-17,COMMODITY,MA,2701,,,3000.0,,,,,,,,,new_wall,,,,,,,mixed_or_unclear_structure,0.2
2026-07-17,COMMODITY,MA,2703,,,2400.0,,,,,,,,,new_wall,,,,,,,mixed_or_unclear_structure,0.2
2026-07-17,COMMODITY,MA,2705,,,2100.0,,,,,,,,,new_wall,,,,,,,mixed_or_unclear_structure,0.2
2026-07-17,COMMODITY,OI,2609,,,10000.0,,,,,,,,,new_wall,,,,,,,mixed_or_unclear_structure,0.2
2026-07-17,COMMODITY,OI,2611,,,10200.0,,,,,,,,,new_wall,,,,,,,mixed_or_unclear_structure,0.2
2026-07-17,COMMODITY,OI,2701,,,11200.0,,,,,,,,,new_wall,,,,,,,mixed_or_unclear_structure,0.2
2026-07-17,COMMODITY,OI,2703,,,10000.0,,,,,,,,,new_wall,,,,,,,mixed_or_unclear_structure,0.2
2026-07-17,COMMODITY,OI,2705,,,8600.0,,,,,,,,,new_wall,,,,,,,mixed_or_unclear_structure,0.2
2026-07-17,COMMODITY,PF,2609,,,7500.0,,,,,,,,,new_wall,,,,,,,mixed_or_unclear_structure,0.2
2026-07-17,COMMODITY,PF,2610,,,7600.0,,,,,,,,,new_wall,,,,,,,mixed_or_unclear_structure,0.2
2026-07-17,COMMODITY,PF,2611,,,7800.0,,,,,,,,,new_wall,,,,,,,mixed_or_unclear_structure,0.2
2026-07-17,COMMODITY,PK,2610,,,8500.0,,,,,,,,,new_wall,,,,,,,mixed_or_unclear_structure,0.2
2026-07-17,COMMODITY,PK,2611,,,8800.0,,,,,,,,,new_wall,,,,,,,mixed_or_unclear_structure,0.2
2026-07-17,COMMODITY,PK,2612,,,8600.0,,,,,,,,,new_wall,,,,,,,mixed_or_unclear_structure,0.2
2026-07-17,COMMODITY,PK,2701,,,7600.0,,,,,,,,,new_wall,,,,,,,mixed_or_unclear_structure,0.2
2026-07-17,COMMODITY,PL,2609,,,7900.0,,,,,,,,,new_wall,,,,,,,mixed_or_unclear_structure,0.2
2026-07-17,COMMODITY,PL,2610,,,7200.0,,,,,,,,,new_wall,,,,,,,mixed_or_unclear_structure,0.2
2026-07-17,COMMODITY,PR,2609,,,7400.0,,,,,,,,,new_wall,,,,,,,mixed_or_unclear_structure,0.2
2026-07-17,COMMODITY,PR,2610,,,7400.0,,,,,,,,,new_wall,,,,,,,mixed_or_unclear_structure,0.2
2026-07-17,COMMODITY,PR,2611,,,7100.0,,,,,,,,,new_wall,,,,,,,mixed_or_unclear_structure,0.2
2026-07-17,COMMODITY,PX,2609,,,9000.0,,,,,,,,,new_wall,,,,,,,mixed_or_unclear_structure,0.2
2026-07-17,COMMODITY,PX,2610,,,7500.0,,,,,,,,,new_wall,,,,,,,mixed_or_unclear_structure,0.2
2026-07-17,COMMODITY,PX,2611,,,9500.0,,,,,,,,,new_wall,,,,,,,mixed_or_unclear_structure,0.2
2026-07-17,COMMODITY,PX,2612,,,6600.0,,,,,,,,,new_wall,,,,,,,mixed_or_unclear_structure,0.2
2026-07-17,COMMODITY,PX,2701,,,7800.0,,,,,,,,,new_wall,,,,,,,mixed_or_unclear_structure,0.2
2026-07-17,COMMODITY,RM,2609,,,2350.0,,,,,,,,,new_wall,,,,,,,mixed_or_unclear_structure,0.2
2026-07-17,COMMODITY,RM,2611,,,2100.0,,,,,,,,,new_wall,,,,,,,mixed_or_unclear_structure,0.2
2026-07-17,COMMODITY,RM,2701,,,2200.0,,,,,,,,,new_wall,,,,,,,mixed_or_unclear_structure,0.2
2026-07-17,COMMODITY,RM,2703,,,2050.0,,,,,,,,,new_wall,,,,,,,mixed_or_unclear_structure,0.2
2026-07-17,COMMODITY,RM,2705,,,2075.0,,,,,,,,,new_wall,,,,,,,mixed_or_unclear_structure,0.2
2026-07-17,COMMODITY,SA,2609,,,1100.0,,,,,,,,,new_wall,,,,,,,mixed_or_unclear_structure,0.2
2026-07-17,COMMODITY,SA,2610,,,1300.0,,,,,,,,,new_wall,,,,,,,mixed_or_unclear_structure,0.2
2026-07-17,COMMODITY,SA,2611,,,1200.0,,,,,,,,,new_wall,,,,,,,mixed_or_unclear_structure,0.2
2026-07-17,COMMODITY,SA,2612,,,1260.0,,,,,,,,,new_wall,,,,,,,mixed_or_unclear_structure,0.2
2026-07-17,COMMODITY,SA,2701,,,1560.0,,,,,,,,,new_wall,,,,,,,mixed_or_unclear_structure,0.2
2026-07-17,COMMODITY,SA,2703,,,1300.0,,,,,,,,,new_wall,,,,,,,mixed_or_unclear_structure,0.2
2026-07-17,COMMODITY,SA,2705,,,1400.0,,,,,,,,,new_wall,,,,,,,mixed_or_unclear_structure,0.2
2026-07-17,COMMODITY,SF,2609,,,6000.0,,,,,,,,,new_wall,,,,,,,mixed_or_unclear_structure,0.2
2026-07-17,COMMODITY,SF,2610,,,5600.0,,,,,,,,,new_wall,,,,,,,mixed_or_unclear_structure,0.2
2026-07-17,COMMODITY,SF,2611,,,5900.0,,,,,,,,,new_wall,,,,,,,mixed_or_unclear_structure,0.2
2026-07-17,COMMODITY,SF,2612,,,6000.0,,,,,,,,,new_wall,,,,,,,mixed_or_unclear_structure,0.2
2026-07-17,COMMODITY,SF,2701,,,6000.0,,,,,,,,,new_wall,,,,,,,mixed_or_unclear_structure,0.2
2026-07-17,COMMODITY,SH,2609,,,2000.0,,,,,,,,,new_wall,,,,,,,mixed_or_unclear_structure,0.2
2026-07-17,COMMODITY,SH,2610,,,1820.0,,,,,,,,,new_wall,,,,,,,mixed_or_unclear_structure,0.2
2026-07-17,COMMODITY,SH,2611,,,2400.0,,,,,,,,,new_wall,,,,,,,mixed_or_unclear_structure,0.2
2026-07-17,COMMODITY,SH,2612,,,2040.0,,,,,,,,,new_wall,,,,,,,mixed_or_unclear_structure,0.2
2026-07-17,COMMODITY,SH,2701,,,2640.0,,,,,,,,,new_wall,,,,,,,mixed_or_unclear_structure,0.2
2026-07-17,COMMODITY,SM,2609,,,6000.0,,,,,,,,,new_wall,,,,,,,mixed_or_unclear_structure,0.2
2026-07-17,COMMODITY,SM,2610,,,6800.0,,,,,,,,,new_wall,,,,,,,mixed_or_unclear_structure,0.2
2026-07-17,COMMODITY,SM,2611,,,6000.0,,,,,,,,,new_wall,,,,,,,mixed_or_unclear_structure,0.2
2026-07-17,COMMODITY,SM,2612,,,5300.0,,,,,,,,,new_wall,,,,,,,mixed_or_unclear_structure,0.2
2026-07-17,COMMODITY,SM,2701,,,6400.0,,,,,,,,,new_wall,,,,,,,mixed_or_unclear_structure,0.2
2026-07-17,COMMODITY,SR,2609,,,5200.0,,,,,,,,,new_wall,,,,,,,mixed_or_unclear_structure,0.2
2026-07-17,COMMODITY,SR,2611,,,5100.0,,,,,,,,,new_wall,,,,,,,mixed_or_unclear_structure,0.2
2026-07-17,COMMODITY,SR,2701,,,5800.0,,,,,,,,,new_wall,,,,,,,mixed_or_unclear_structure,0.2
2026-07-17,COMMODITY,SR,2703,,,6100.0,,,,,,,,,new_wall,,,,,,,mixed_or_unclear_structure,0.2
2026-07-17,COMMODITY,SR,2705,,,6000.0,,,,,,,,,new_wall,,,,,,,mixed_or_unclear_structure,0.2
2026-07-17,COMMODITY,TA,2609,,,5000.0,,,,,,,,,new_wall,,,,,,,mixed_or_unclear_structure,0.2
2026-07-17,COMMODITY,TA,2610,,,5900.0,,,,,,,,,new_wall,,,,,,,mixed_or_unclear_structure,0.2
2026-07-17,COMMODITY,TA,2611,,,6500.0,,,,,,,,,new_wall,,,,,,,mixed_or_unclear_structure,0.2
2026-07-17,COMMODITY,TA,2612,,,4900.0,,,,,,,,,new_wall,,,,,,,mixed_or_unclear_structure,0.2
2026-07-17,COMMODITY,TA,2701,,,7400.0,,,,,,,,,new_wall,,,,,,,mixed_or_unclear_structure,0.2
2026-07-17,COMMODITY,TA,2703,,,4750.0,,,,,,,,,new_wall,,,,,,,mixed_or_unclear_structure,0.2
2026-07-17,COMMODITY,UR,2609,,,1800.0,,,,,,,,,new_wall,,,,,,,mixed_or_unclear_structure,0.2
2026-07-17,COMMODITY,UR,2610,,,1600.0,,,,,,,,,new_wall,,,,,,,mixed_or_unclear_structure,0.2
2026-07-17,COMMODITY,UR,2611,,,1940.0,,,,,,,,,new_wall,,,,,,,mixed_or_unclear_structure,0.2
2026-07-17,COMMODITY,UR,2612,,,1920.0,,,,,,,,,new_wall,,,,,,,mixed_or_unclear_structure,0.2
2026-07-17,COMMODITY,UR,2701,,,2000.0,,,,,,,,,new_wall,,,,,,,mixed_or_unclear_structure,0.2
2026-07-17,COMMODITY,UR,2703,,,1880.0,,,,,,,,,new_wall,,,,,,,mixed_or_unclear_structure,0.2
2026-07-17,COMMODITY,ZC,2609,,,560.0,,,,,,,,,new_wall,,,,,,,mixed_or_unclear_structure,0.2
2026-07-17,COMMODITY,ZC,2610,,,560.0,,,,,,,,,new_wall,,,,,,,mixed_or_unclear_structure,0.2
2026-07-17,COMMODITY,a,2609,,,4600.0,,,,,,,,,new_wall,,,,,,,mixed_or_unclear_structure,0.2
2026-07-17,COMMODITY,a,2611,,,4800.0,,,,,,,,,new_wall,,,,,,,mixed_or_unclear_structure,0.2
2026-07-17,COMMODITY,a,2701,,,4000.0,,,,,,,,,new_wall,,,,,,,mixed_or_unclear_structure,0.2
2026-07-17,COMMODITY,a,2703,,,4400.0,,,,,,,,,new_wall,,,,,,,mixed_or_unclear_structure,0.2
2026-07-17,COMMODITY,a,2705,,,5600.0,,,,,,,,,new_wall,,,,,,,mixed_or_unclear_structure,0.2
2026-07-17,COMMODITY,a,2707,,,5400.0,,,,,,,,,new_wall,,,,,,,mixed_or_unclear_structure,0.2
2026-07-17,COMMODITY,b,2608,,,3650.0,,,,,,,,,new_wall,,,,,,,mixed_or_unclear_structure,0.2
2026-07-17,COMMODITY,b,2609,,,3800.0,,,,,,,,,new_wall,,,,,,,mixed_or_unclear_structure,0.2
2026-07-17,COMMODITY,b,2610,,,4000.0,,,,,,,,,new_wall,,,,,,,mixed_or_unclear_structure,0.2
2026-07-17,COMMODITY,b,2611,,,4000.0,,,,,,,,,new_wall,,,,,,,mixed_or_unclear_structure,0.2
2026-07-17,COMMODITY,b,2612,,,3200.0,,,,,,,,,new_wall,,,,,,,mixed_or_unclear_structure,0.2
2026-07-17,COMMODITY,b,2701,,,3700.0,,,,,,,,,new_wall,,,,,,,mixed_or_unclear_structure,0.2
2026-07-17,COMMODITY,b,2702,,,3600.0,,,,,,,,,new_wall,,,,,,,mixed_or_unclear_structure,0.2
2026-07-17,COMMODITY,b,2703,,,3700.0,,,,,,,,,new_wall,,,,,,,mixed_or_unclear_structure,0.2
2026-07-17,COMMODITY,b,2704,,,4100.0,,,,,,,,,new_wall,,,,,,,mixed_or_unclear_structure,0.2
2026-07-17,COMMODITY,b,2705,,,3600.0,,,,,,,,,new_wall,,,,,,,mixed_or_unclear_structure,0.2
2026-07-17,COMMODITY,b,2706,,,3600.0,,,,,,,,,new_wall,,,,,,,mixed_or_unclear_structure,0.2
2026-07-17,COMMODITY,b,2707,,,3200.0,,,,,,,,,new_wall,,,,,,,mixed_or_unclear_structure,0.2
2026-07-17,COMMODITY,bz,2608,,,7300.0,,,,,,,,,new_wall,,,,,,,mixed_or_unclear_structure,0.2
2026-07-17,COMMODITY,bz,2609,,,7500.0,,,,,,,,,new_wall,,,,,,,mixed_or_unclear_structure,0.2
2026-07-17,COMMODITY,bz,2610,,,7200.0,,,,,,,,,new_wall,,,,,,,mixed_or_unclear_structure,0.2
2026-07-17,COMMODITY,bz,2611,,,7500.0,,,,,,,,,new_wall,,,,,,,mixed_or_unclear_structure,0.2
2026-07-17,COMMODITY,bz,2612,,,6600.0,,,,,,,,,new_wall,,,,,,,mixed_or_unclear_structure,0.2
2026-07-17,COMMODITY,bz,2701,,,7400.0,,,,,,,,,new_wall,,,,,,,mixed_or_unclear_structure,0.2
2026-07-17,COMMODITY,bz,2702,,,7200.0,,,,,,,,,new_wall,,,,,,,mixed_or_unclear_structure,0.2
2026-07-17,COMMODITY,bz,2703,,,7600.0,,,,,,,,,new_wall,,,,,,,mixed_or_unclear_structure,0.2
2026-07-17,COMMODITY,bz,2704,,,6000.0,,,,,,,,,new_wall,,,,,,,mixed_or_unclear_structure,0.2
2026-07-17,COMMODITY,bz,2705,,,6800.0,,,,,,,,,new_wall,,,,,,,mixed_or_unclear_structure,0.2
2026-07-17,COMMODITY,bz,2706,,,5400.0,,,,,,,,,new_wall,,,,,,,mixed_or_unclear_structure,0.2
2026-07-17,COMMODITY,c,2609,,,2300.0,,,,,,,,,new_wall,,,,,,,mixed_or_unclear_structure,0.2
2026-07-17,COMMODITY,c,2611,,,2200.0,,,,,,,,,new_wall,,,,,,,mixed_or_unclear_structure,0.2
2026-07-17,COMMODITY,c,2701,,,2400.0,,,,,,,,,new_wall,,,,,,,mixed_or_unclear_structure,0.2
2026-07-17,COMMODITY,c,2703,,,2600.0,,,,,,,,,new_wall,,,,,,,mixed_or_unclear_structure,0.2
2026-07-17,COMMODITY,c,2705,,,2320.0,,,,,,,,,new_wall,,,,,,,mixed_or_unclear_structure,0.2
2026-07-17,COMMODITY,c,2707,,,2080.0,,,,,,,,,new_wall,,,,,,,mixed_or_unclear_structure,0.2
2026-07-17,COMMODITY,cs,2609,,,2700.0,,,,,,,,,new_wall,,,,,,,mixed_or_unclear_structure,0.2
2026-07-17,COMMODITY,cs,2611,,,2700.0,,,,,,,,,new_wall,,,,,,,mixed_or_unclear_structure,0.2
2026-07-17,COMMODITY,cs,2701,,,2700.0,,,,,,,,,new_wall,,,,,,,mixed_or_unclear_structure,0.2
2026-07-17,COMMODITY,cs,2703,,,2400.0,,,,,,,,,new_wall,,,,,,,mixed_or_unclear_structure,0.2
2026-07-17,COMMODITY,cs,2705,,,2400.0,,,,,,,,,new_wall,,,,,,,mixed_or_unclear_structure,0.2
2026-07-17,COMMODITY,cs,2707,,,2400.0,,,,,,,,,new_wall,,,,,,,mixed_or_unclear_structure,0.2
2026-07-17,COMMODITY,eb,2608,,,8500.0,,,,,,,,,new_wall,,,,,,,mixed_or_unclear_structure,0.2
2026-07-17,COMMODITY,eb,2609,,,7500.0,,,,,,,,,new_wall,,,,,,,mixed_or_unclear_structure,0.2
2026-07-17,COMMODITY,eb,2610,,,7800.0,,,,,,,,,new_wall,,,,,,,mixed_or_unclear_structure,0.2
2026-07-17,COMMODITY,eb,2611,,,7400.0,,,,,,,,,new_wall,,,,,,,mixed_or_unclear_structure,0.2
2026-07-17,COMMODITY,eb,2612,,,7800.0,,,,,,,,,new_wall,,,,,,,mixed_or_unclear_structure,0.2
2026-07-17,COMMODITY,eb,2701,,,7200.0,,,,,,,,,new_wall,,,,,,,mixed_or_unclear_structure,0.2
2026-07-17,COMMODITY,eb,2702,,,7800.0,,,,,,,,,new_wall,,,,,,,mixed_or_unclear_structure,0.2
2026-07-17,COMMODITY,eb,2703,,,10400.0,,,,,,,,,new_wall,,,,,,,mixed_or_unclear_structure,0.2
2026-07-17,COMMODITY,eb,2704,,,9000.0,,,,,,,,,new_wall,,,,,,,mixed_or_unclear_structure,0.2
2026-07-17,COMMODITY,eb,2705,,,9600.0,,,,,,,,,new_wall,,,,,,,mixed_or_unclear_structure,0.2
2026-07-17,COMMODITY,eb,2706,,,6400.0,,,,,,,,,new_wall,,,,,,,mixed_or_unclear_structure,0.2
2026-07-17,COMMODITY,eg,2608,,,4800.0,,,,,,,,,new_wall,,,,,,,mixed_or_unclear_structure,0.2
2026-07-17,COMMODITY,eg,2609,,,5000.0,,,,,,,,,new_wall,,,,,,,mixed_or_unclear_structure,0.2
2026-07-17,COMMODITY,eg,2610,,,4850.0,,,,,,,,,new_wall,,,,,,,mixed_or_unclear_structure,0.2
2026-07-17,COMMODITY,eg,2611,,,3500.0,,,,,,,,,new_wall,,,,,,,mixed_or_unclear_structure,0.2
2026-07-17,COMMODITY,eg,2612,,,3600.0,,,,,,,,,new_wall,,,,,,,mixed_or_unclear_structure,0.2
2026-07-17,COMMODITY,eg,2701,,,3300.0,,,,,,,,,new_wall,,,,,,,mixed_or_unclear_structure,0.2
2026-07-17,COMMODITY,eg,2702,,,4600.0,,,,,,,,,new_wall,,,,,,,mixed_or_unclear_structure,0.2
2026-07-17,COMMODITY,eg,2703,,,5400.0,,,,,,,,,new_wall,,,,,,,mixed_or_unclear_structure,0.2
2026-07-17,COMMODITY,eg,2704,,,5400.0,,,,,,,,,new_wall,,,,,,,mixed_or_unclear_structure,0.2
2026-07-17,COMMODITY,eg,2705,,,4800.0,,,,,,,,,new_wall,,,,,,,mixed_or_unclear_structure,0.2
2026-07-17,COMMODITY,eg,2706,,,3600.0,,,,,,,,,new_wall,,,,,,,mixed_or_unclear_structure,0.2
2026-07-17,COMMODITY,i,2608,,,750.0,,,,,,,,,new_wall,,,,,,,mixed_or_unclear_structure,0.2
2026-07-17,COMMODITY,i,2609,,,800.0,,,,,,,,,new_wall,,,,,,,mixed_or_unclear_structure,0.2
2026-07-17,COMMODITY,i,2610,,,780.0,,,,,,,,,new_wall,,,,,,,mixed_or_unclear_structure,0.2
2026-07-17,COMMODITY,i,2611,,,780.0,,,,,,,,,new_wall,,,,,,,mixed_or_unclear_structure,0.2
2026-07-17,COMMODITY,i,2612,,,800.0,,,,,,,,,new_wall,,,,,,,mixed_or_unclear_structure,0.2
2026-07-17,COMMODITY,i,2701,,,800.0,,,,,,,,,new_wall,,,,,,,mixed_or_unclear_structure,0.2
2026-07-17,COMMODITY,i,2702,,,720.0,,,,,,,,,new_wall,,,,,,,mixed_or_unclear_structure,0.2
2026-07-17,COMMODITY,i,2703,,,740.0,,,,,,,,,new_wall,,,,,,,mixed_or_unclear_structure,0.2
2026-07-17,COMMODITY,i,2704,,,740.0,,,,,,,,,new_wall,,,,,,,mixed_or_unclear_structure,0.2
2026-07-17,COMMODITY,i,2705,,,740.0,,,,,,,,,new_wall,,,,,,,mixed_or_unclear_structure,0.2
2026-07-17,COMMODITY,i,2706,,,740.0,,,,,,,,,new_wall,,,,,,,mixed_or_unclear_structure,0.2
2026-07-17,COMMODITY,i,2707,,,740.0,,,,,,,,,new_wall,,,,,,,mixed_or_unclear_structure,0.2
2026-07-17,COMMODITY,jd,2608,,,4600.0,,,,,,,,,new_wall,,,,,,,mixed_or_unclear_structure,0.2
2026-07-17,COMMODITY,jd,2609,,,4000.0,,,,,,,,,new_wall,,,,,,,mixed_or_unclear_structure,0.2
2026-07-17,COMMODITY,jd,2610,,,4700.0,,,,,,,,,new_wall,,,,,,,mixed_or_unclear_structure,0.2
2026-07-17,COMMODITY,jd,2611,,,4400.0,,,,,,,,,new_wall,,,,,,,mixed_or_unclear_structure,0.2
2026-07-17,COMMODITY,jd,2612,,,4000.0,,,,,,,,,new_wall,,,,,,,mixed_or_unclear_structure,0.2
2026-07-17,COMMODITY,jd,2701,,,4400.0,,,,,,,,,new_wall,,,,,,,mixed_or_unclear_structure,0.2
2026-07-17,COMMODITY,jd,2702,,,3800.0,,,,,,,,,new_wall,,,,,,,mixed_or_unclear_structure,0.2
2026-07-17,COMMODITY,jd,2703,,,3700.0,,,,,,,,,new_wall,,,,,,,mixed_or_unclear_structure,0.2
2026-07-17,COMMODITY,jd,2704,,,3400.0,,,,,,,,,new_wall,,,,,,,mixed_or_unclear_structure,0.2
2026-07-17,COMMODITY,jd,2705,,,3000.0,,,,,,,,,new_wall,,,,,,,mixed_or_unclear_structure,0.2
2026-07-17,COMMODITY,jd,2706,,,3600.0,,,,,,,,,new_wall,,,,,,,mixed_or_unclear_structure,0.2
2026-07-17,COMMODITY,jm,2608,,,1260.0,,,,,,,,,new_wall,,,,,,,mixed_or_unclear_structure,0.2
2026-07-17,COMMODITY,jm,2609,,,1300.0,,,,,,,,,new_wall,,,,,,,mixed_or_unclear_structure,0.2
2026-07-17,COMMODITY,jm,2610,,,1300.0,,,,,,,,,new_wall,,,,,,,mixed_or_unclear_structure,0.2
2026-07-17,COMMODITY,jm,2611,,,1440.0,,,,,,,,,new_wall,,,,,,,mixed_or_unclear_structure,0.2
2026-07-17,COMMODITY,jm,2612,,,1080.0,,,,,,,,,new_wall,,,,,,,mixed_or_unclear_structure,0.2
2026-07-17,COMMODITY,jm,2701,,,1360.0,,,,,,,,,new_wall,,,,,,,mixed_or_unclear_structure,0.2
2026-07-17,COMMODITY,jm,2702,,,1200.0,,,,,,,,,new_wall,,,,,,,mixed_or_unclear_structure,0.2
2026-07-17,COMMODITY,jm,2703,,,1280.0,,,,,,,,,new_wall,,,,,,,mixed_or_unclear_structure,0.2
2026-07-17,COMMODITY,jm,2704,,,1240.0,,,,,,,,,new_wall,,,,,,,mixed_or_unclear_structure,0.2
2026-07-17,COMMODITY,jm,2705,,,1880.0,,,,,,,,,new_wall,,,,,,,mixed_or_unclear_structure,0.2
2026-07-17,COMMODITY,jm,2706,,,1440.0,,,,,,,,,new_wall,,,,,,,mixed_or_unclear_structure,0.2
2026-07-17,COMMODITY,l,2608,,,8000.0,,,,,,,,,new_wall,,,,,,,mixed_or_unclear_structure,0.2
2026-07-17,COMMODITY,l,2609,,,8000.0,,,,,,,,,new_wall,,,,,,,mixed_or_unclear_structure,0.2
2026-07-17,COMMODITY,l,2610,,,8400.0,,,,,,,,,new_wall,,,,,,,mixed_or_unclear_structure,0.2
2026-07-17,COMMODITY,l,2611,,,7000.0,,,,,,,,,new_wall,,,,,,,mixed_or_unclear_structure,0.2
2026-07-17,COMMODITY,l,2612,,,5600.0,,,,,,,,,new_wall,,,,,,,mixed_or_unclear_structure,0.2
2026-07-17,COMMODITY,l,2701,,,6600.0,,,,,,,,,new_wall,,,,,,,mixed_or_unclear_structure,0.2
2026-07-17,COMMODITY,l,2702,,,6000.0,,,,,,,,,new_wall,,,,,,,mixed_or_unclear_structure,0.2
2026-07-17,COMMODITY,l,2703,,,7200.0,,,,,,,,,new_wall,,,,,,,mixed_or_unclear_structure,0.2
2026-07-17,COMMODITY,l,2704,,,9200.0,,,,,,,,,new_wall,,,,,,,mixed_or_unclear_structure,0.2
2026-07-17,COMMODITY,l,2705,,,8600.0,,,,,,,,,new_wall,,,,,,,mixed_or_unclear_structure,0.2
2026-07-17,COMMODITY,l,2706,,,7800.0,,,,,,,,,new_wall,,,,,,,mixed_or_unclear_structure,0.2
2026-07-17,COMMODITY,l,2707,,,6400.0,,,,,,,,,new_wall,,,,,,,mixed_or_unclear_structure,0.2
2026-07-17,COMMODITY,lg,2609,,,850.0,,,,,,,,,new_wall,,,,,,,mixed_or_unclear_structure,0.2
2026-07-17,COMMODITY,lg,2611,,,950.0,,,,,,,,,new_wall,,,,,,,mixed_or_unclear_structure,0.2
2026-07-17,COMMODITY,lg,2701,,,900.0,,,,,,,,,new_wall,,,,,,,mixed_or_unclear_structure,0.2
2026-07-17,COMMODITY,lg,2703,,,750.0,,,,,,,,,new_wall,,,,,,,mixed_or_unclear_structure,0.2
2026-07-17,COMMODITY,lg,2705,,,700.0,,,,,,,,,new_wall,,,,,,,mixed_or_unclear_structure,0.2
2026-07-17,COMMODITY,lh,2609,,,13000.0,,,,,,,,,new_wall,,,,,,,mixed_or_unclear_structure,0.2
2026-07-17,COMMODITY,lh,2611,,,15200.0,,,,,,,,,new_wall,,,,,,,mixed_or_unclear_structure,0.2
2026-07-17,COMMODITY,lh,2701,,,15200.0,,,,,,,,,new_wall,,,,,,,mixed_or_unclear_structure,0.2
2026-07-17,COMMODITY,lh,2703,,,14400.0,,,,,,,,,new_wall,,,,,,,mixed_or_unclear_structure,0.2
2026-07-17,COMMODITY,lh,2705,,,15200.0,,,,,,,,,new_wall,,,,,,,mixed_or_unclear_structure,0.2
2026-07-17,COMMODITY,m,2608,,,3100.0,,,,,,,,,new_wall,,,,,,,mixed_or_unclear_structure,0.2
2026-07-17,COMMODITY,m,2609,,,3100.0,,,,,,,,,new_wall,,,,,,,mixed_or_unclear_structure,0.2
2026-07-17,COMMODITY,m,2611,,,3200.0,,,,,,,,,new_wall,,,,,,,mixed_or_unclear_structure,0.2
2026-07-17,COMMODITY,m,2612,,,2600.0,,,,,,,,,new_wall,,,,,,,mixed_or_unclear_structure,0.2
2026-07-17,COMMODITY,m,2701,,,2900.0,,,,,,,,,new_wall,,,,,,,mixed_or_unclear_structure,0.2
2026-07-17,COMMODITY,m,2703,,,2900.0,,,,,,,,,new_wall,,,,,,,mixed_or_unclear_structure,0.2
2026-07-17,COMMODITY,m,2705,,,2700.0,,,,,,,,,new_wall,,,,,,,mixed_or_unclear_structure,0.2
2026-07-17,COMMODITY,m,2707,,,3000.0,,,,,,,,,new_wall,,,,,,,mixed_or_unclear_structure,0.2
2026-07-17,COMMODITY,p,2608,,,9200.0,,,,,,,,,new_wall,,,,,,,mixed_or_unclear_structure,0.2
2026-07-17,COMMODITY,p,2609,,,9000.0,,,,,,,,,new_wall,,,,,,,mixed_or_unclear_structure,0.2
2026-07-17,COMMODITY,p,2610,,,9200.0,,,,,,,,,new_wall,,,,,,,mixed_or_unclear_structure,0.2
2026-07-17,COMMODITY,p,2611,,,11600.0,,,,,,,,,new_wall,,,,,,,mixed_or_unclear_structure,0.2
2026-07-17,COMMODITY,p,2612,,,9800.0,,,,,,,,,new_wall,,,,,,,mixed_or_unclear_structure,0.2
2026-07-17,COMMODITY,p,2701,,,11600.0,,,,,,,,,new_wall,,,,,,,mixed_or_unclear_structure,0.2
2026-07-17,COMMODITY,p,2702,,,11200.0,,,,,,,,,new_wall,,,,,,,mixed_or_unclear_structure,0.2
2026-07-17,COMMODITY,p,2703,,,11600.0,,,,,,,,,new_wall,,,,,,,mixed_or_unclear_structure,0.2
2026-07-17,COMMODITY,p,2704,,,11600.0,,,,,,,,,new_wall,,,,,,,mixed_or_unclear_structure,0.2
2026-07-17,COMMODITY,p,2705,,,9200.0,,,,,,,,,new_wall,,,,,,,mixed_or_unclear_structure,0.2
2026-07-17,COMMODITY,p,2706,,,8400.0,,,,,,,,,new_wall,,,,,,,mixed_or_unclear_structure,0.2
2026-07-17,COMMODITY,p,2707,,,9800.0,,,,,,,,,new_wall,,,,,,,mixed_or_unclear_structure,0.2
2026-07-17,COMMODITY,pg,2608,,,5200.0,,,,,,,,,new_wall,,,,,,,mixed_or_unclear_structure,0.2
2026-07-17,COMMODITY,pg,2609,,,5200.0,,,,,,,,,new_wall,,,,,,,mixed_or_unclear_structure,0.2
2026-07-17,COMMODITY,pg,2610,,,6600.0,,,,,,,,,new_wall,,,,,,,mixed_or_unclear_structure,0.2
2026-07-17,COMMODITY,pg,2611,,,4000.0,,,,,,,,,new_wall,,,,,,,mixed_or_unclear_structure,0.2
2026-07-17,COMMODITY,pg,2612,,,4200.0,,,,,,,,,new_wall,,,,,,,mixed_or_unclear_structure,0.2
2026-07-17,COMMODITY,pg,2701,,,3900.0,,,,,,,,,new_wall,,,,,,,mixed_or_unclear_structure,0.2
2026-07-17,COMMODITY,pg,2702,,,4100.0,,,,,,,,,new_wall,,,,,,,mixed_or_unclear_structure,0.2
2026-07-17,COMMODITY,pg,2703,,,4900.0,,,,,,,,,new_wall,,,,,,,mixed_or_unclear_structure,0.2
2026-07-17,COMMODITY,pg,2704,,,4900.0,,,,,,,,,new_wall,,,,,,,mixed_or_unclear_structure,0.2
2026-07-17,COMMODITY,pg,2705,,,5600.0,,,,,,,,,new_wall,,,,,,,mixed_or_unclear_structure,0.2
2026-07-17,COMMODITY,pg,2706,,,4000.0,,,,,,,,,new_wall,,,,,,,mixed_or_unclear_structure,0.2
2026-07-17,COMMODITY,pp,2608,,,8300.0,,,,,,,,,new_wall,,,,,,,mixed_or_unclear_structure,0.2
2026-07-17,COMMODITY,pp,2609,,,8500.0,,,,,,,,,new_wall,,,,,,,mixed_or_unclear_structure,0.2
2026-07-17,COMMODITY,pp,2610,,,7800.0,,,,,,,,,new_wall,,,,,,,mixed_or_unclear_structure,0.2
2026-07-17,COMMODITY,pp,2611,,,6000.0,,,,,,,,,new_wall,,,,,,,mixed_or_unclear_structure,0.2
2026-07-17,COMMODITY,pp,2612,,,7600.0,,,,,,,,,new_wall,,,,,,,mixed_or_unclear_structure,0.2
2026-07-17,COMMODITY,pp,2701,,,5800.0,,,,,,,,,new_wall,,,,,,,mixed_or_unclear_structure,0.2
2026-07-17,COMMODITY,pp,2702,,,6800.0,,,,,,,,,new_wall,,,,,,,mixed_or_unclear_structure,0.2
2026-07-17,COMMODITY,pp,2703,,,8600.0,,,,,,,,,new_wall,,,,,,,mixed_or_unclear_structure,0.2
2026-07-17,COMMODITY,pp,2704,,,9200.0,,,,,,,,,new_wall,,,,,,,mixed_or_unclear_structure,0.2
2026-07-17,COMMODITY,pp,2705,,,7400.0,,,,,,,,,new_wall,,,,,,,mixed_or_unclear_structure,0.2
2026-07-17,COMMODITY,pp,2706,,,8200.0,,,,,,,,,new_wall,,,,,,,mixed_or_unclear_structure,0.2
2026-07-17,COMMODITY,v,2608,,,4500.0,,,,,,,,,new_wall,,,,,,,mixed_or_unclear_structure,0.2
2026-07-17,COMMODITY,v,2609,,,5000.0,,,,,,,,,new_wall,,,,,,,mixed_or_unclear_structure,0.2
2026-07-17,COMMODITY,v,2610,,,7000.0,,,,,,,,,new_wall,,,,,,,mixed_or_unclear_structure,0.2
2026-07-17,COMMODITY,v,2611,,,4500.0,,,,,,,,,new_wall,,,,,,,mixed_or_unclear_structure,0.2
2026-07-17,COMMODITY,v,2612,,,5400.0,,,,,,,,,new_wall,,,,,,,mixed_or_unclear_structure,0.2
2026-07-17,COMMODITY,v,2701,,,6600.0,,,,,,,,,new_wall,,,,,,,mixed_or_unclear_structure,0.2
2026-07-17,COMMODITY,v,2702,,,6200.0,,,,,,,,,new_wall,,,,,,,mixed_or_unclear_structure,0.2
2026-07-17,COMMODITY,v,2703,,,6000.0,,,,,,,,,new_wall,,,,,,,mixed_or_unclear_structure,0.2
2026-07-17,COMMODITY,v,2704,,,4700.0,,,,,,,,,new_wall,,,,,,,mixed_or_unclear_structure,0.2
2026-07-17,COMMODITY,v,2705,,,5800.0,,,,,,,,,new_wall,,,,,,,mixed_or_unclear_structure,0.2
2026-07-17,COMMODITY,v,2706,,,4500.0,,,,,,,,,new_wall,,,,,,,mixed_or_unclear_structure,0.2
2026-07-17,COMMODITY,v,2707,,,4500.0,,,,,,,,,new_wall,,,,,,,mixed_or_unclear_structure,0.2
2026-07-17,COMMODITY,y,2608,,,8600.0,,,,,,,,,new_wall,,,,,,,mixed_or_unclear_structure,0.2
2026-07-17,COMMODITY,y,2609,,,9000.0,,,,,,,,,new_wall,,,,,,,mixed_or_unclear_structure,0.2
2026-07-17,COMMODITY,y,2611,,,8700.0,,,,,,,,,new_wall,,,,,,,mixed_or_unclear_structure,0.2
2026-07-17,COMMODITY,y,2612,,,9400.0,,,,,,,,,new_wall,,,,,,,mixed_or_unclear_structure,0.2
2026-07-17,COMMODITY,y,2701,,,9800.0,,,,,,,,,new_wall,,,,,,,mixed_or_unclear_structure,0.2
2026-07-17,COMMODITY,y,2703,,,9800.0,,,,,,,,,new_wall,,,,,,,mixed_or_unclear_structure,0.2
2026-07-17,COMMODITY,y,2705,,,9200.0,,,,,,,,,new_wall,,,,,,,mixed_or_unclear_structure,0.2
2026-07-17,COMMODITY,y,2707,,,7400.0,,,,,,,,,new_wall,,,,,,,mixed_or_unclear_structure,0.2
2026-07-17,COMMODITY,lc,2609,,,160000.0,,,,,,,,,new_wall,,,,,,,mixed_or_unclear_structure,0.2
2026-07-17,COMMODITY,lc,2610,,,160000.0,,,,,,,,,new_wall,,,,,,,mixed_or_unclear_structure,0.2
2026-07-17,COMMODITY,lc,2611,,,160000.0,,,,,,,,,new_wall,,,,,,,mixed_or_unclear_structure,0.2
2026-07-17,COMMODITY,lc,2612,,,126000.0,,,,,,,,,new_wall,,,,,,,mixed_or_unclear_structure,0.2
2026-07-17,COMMODITY,lc,2701,,,180000.0,,,,,,,,,new_wall,,,,,,,mixed_or_unclear_structure,0.2
2026-07-17,COMMODITY,lc,2702,,,130000.0,,,,,,,,,new_wall,,,,,,,mixed_or_unclear_structure,0.2
2026-07-17,COMMODITY,lc,2703,,,120000.0,,,,,,,,,new_wall,,,,,,,mixed_or_unclear_structure,0.2
2026-07-17,COMMODITY,lc,2704,,,138000.0,,,,,,,,,new_wall,,,,,,,mixed_or_unclear_structure,0.2
2026-07-17,COMMODITY,lc,2705,,,220000.0,,,,,,,,,new_wall,,,,,,,mixed_or_unclear_structure,0.2
2026-07-17,COMMODITY,lc,2706,,,144000.0,,,,,,,,,new_wall,,,,,,,mixed_or_unclear_structure,0.2
2026-07-17,COMMODITY,pd,2610,,,296.0,,,,,,,,,new_wall,,,,,,,mixed_or_unclear_structure,0.2
2026-07-17,COMMODITY,pd,2612,,,600.0,,,,,,,,,new_wall,,,,,,,mixed_or_unclear_structure,0.2
2026-07-17,COMMODITY,pd,2702,,,568.0,,,,,,,,,new_wall,,,,,,,mixed_or_unclear_structure,0.2
2026-07-17,COMMODITY,pd,2704,,,480.0,,,,,,,,,new_wall,,,,,,,mixed_or_unclear_structure,0.2
2026-07-17,COMMODITY,pd,2706,,,220.0,,,,,,,,,new_wall,,,,,,,mixed_or_unclear_structure,0.2
2026-07-17,COMMODITY,ps,2609,,,40000.0,,,,,,,,,new_wall,,,,,,,mixed_or_unclear_structure,0.2
2026-07-17,COMMODITY,ps,2610,,,50000.0,,,,,,,,,new_wall,,,,,,,mixed_or_unclear_structure,0.2
2026-07-17,COMMODITY,ps,2611,,,45000.0,,,,,,,,,new_wall,,,,,,,mixed_or_unclear_structure,0.2
2026-07-17,COMMODITY,ps,2612,,,41000.0,,,,,,,,,new_wall,,,,,,,mixed_or_unclear_structure,0.2
2026-07-17,COMMODITY,ps,2701,,,62000.0,,,,,,,,,new_wall,,,,,,,mixed_or_unclear_structure,0.2
2026-07-17,COMMODITY,ps,2702,,,54000.0,,,,,,,,,new_wall,,,,,,,mixed_or_unclear_structure,0.2
2026-07-17,COMMODITY,ps,2703,,,32000.0,,,,,,,,,new_wall,,,,,,,mixed_or_unclear_structure,0.2
2026-07-17,COMMODITY,ps,2704,,,42000.0,,,,,,,,,new_wall,,,,,,,mixed_or_unclear_structure,0.2
2026-07-17,COMMODITY,ps,2705,,,32000.0,,,,,,,,,new_wall,,,,,,,mixed_or_unclear_structure,0.2
2026-07-17,COMMODITY,ps,2706,,,49000.0,,,,,,,,,new_wall,,,,,,,mixed_or_unclear_structure,0.2
2026-07-17,COMMODITY,pt,2610,,,448.0,,,,,,,,,new_wall,,,,,,,mixed_or_unclear_structure,0.2
2026-07-17,COMMODITY,pt,2612,,,592.0,,,,,,,,,new_wall,,,,,,,mixed_or_unclear_structure,0.2
2026-07-17,COMMODITY,pt,2702,,,292.0,,,,,,,,,new_wall,,,,,,,mixed_or_unclear_structure,0.2
2026-07-17,COMMODITY,pt,2704,,,664.0,,,,,,,,,new_wall,,,,,,,mixed_or_unclear_structure,0.2
2026-07-17,COMMODITY,pt,2706,,,300.0,,,,,,,,,new_wall,,,,,,,mixed_or_unclear_structure,0.2
2026-07-17,COMMODITY,si,2609,,,8000.0,,,,,,,,,new_wall,,,,,,,mixed_or_unclear_structure,0.2
2026-07-17,COMMODITY,si,2610,,,8800.0,,,,,,,,,new_wall,,,,,,,mixed_or_unclear_structure,0.2
2026-07-17,COMMODITY,si,2611,,,9000.0,,,,,,,,,new_wall,,,,,,,mixed_or_unclear_structure,0.2
2026-07-17,COMMODITY,si,2612,,,9000.0,,,,,,,,,new_wall,,,,,,,mixed_or_unclear_structure,0.2
2026-07-17,COMMODITY,si,2701,,,10600.0,,,,,,,,,new_wall,,,,,,,mixed_or_unclear_structure,0.2
2026-07-17,COMMODITY,si,2702,,,8500.0,,,,,,,,,new_wall,,,,,,,mixed_or_unclear_structure,0.2
2026-07-17,COMMODITY,si,2703,,,8200.0,,,,,,,,,new_wall,,,,,,,mixed_or_unclear_structure,0.2
2026-07-17,COMMODITY,si,2704,,,7900.0,,,,,,,,,new_wall,,,,,,,mixed_or_unclear_structure,0.2
2026-07-17,COMMODITY,si,2705,,,9200.0,,,,,,,,,new_wall,,,,,,,mixed_or_unclear_structure,0.2
2026-07-17,COMMODITY,si,2706,,,9200.0,,,,,,,,,new_wall,,,,,,,mixed_or_unclear_structure,0.2
2026-07-17,COMMODITY,si,2707,,,10200.0,,,,,,,,,new_wall,,,,,,,mixed_or_unclear_structure,0.2
2026-07-17,COMMODITY,ad,2608,,,25200.0,,,,,,,,,new_wall,,,,,,,mixed_or_unclear_structure,0.2
2026-07-17,COMMODITY,ad,2609,,,22000.0,,,,,,,,,new_wall,,,,,,,mixed_or_unclear_structure,0.2
2026-07-17,COMMODITY,ag,2608,,,15000.0,,,,,,,,,new_wall,,,,,,,mixed_or_unclear_structure,0.2
2026-07-17,COMMODITY,ag,2609,,,17000.0,,,,,,,,,new_wall,,,,,,,mixed_or_unclear_structure,0.2
2026-07-17,COMMODITY,ag,2610,,,15000.0,,,,,,,,,new_wall,,,,,,,mixed_or_unclear_structure,0.2
2026-07-17,COMMODITY,ag,2612,,,14000.0,,,,,,,,,new_wall,,,,,,,mixed_or_unclear_structure,0.2
2026-07-17,COMMODITY,al,2608,,,23000.0,,,,,,,,,new_wall,,,,,,,mixed_or_unclear_structure,0.2
2026-07-17,COMMODITY,al,2609,,,24000.0,,,,,,,,,new_wall,,,,,,,mixed_or_unclear_structure,0.2
2026-07-17,COMMODITY,al,2610,,,27800.0,,,,,,,,,new_wall,,,,,,,mixed_or_unclear_structure,0.2
2026-07-17,COMMODITY,al,2611,,,24800.0,,,,,,,,,new_wall,,,,,,,mixed_or_unclear_structure,0.2
2026-07-17,COMMODITY,al,2612,,,27600.0,,,,,,,,,new_wall,,,,,,,mixed_or_unclear_structure,0.2
2026-07-17,COMMODITY,ao,2608,,,2800.0,,,,,,,,,new_wall,,,,,,,mixed_or_unclear_structure,0.2
2026-07-17,COMMODITY,ao,2609,,,3000.0,,,,,,,,,new_wall,,,,,,,mixed_or_unclear_structure,0.2
2026-07-17,COMMODITY,ao,2610,,,2800.0,,,,,,,,,new_wall,,,,,,,mixed_or_unclear_structure,0.2
2026-07-17,COMMODITY,ao,2611,,,2650.0,,,,,,,,,new_wall,,,,,,,mixed_or_unclear_structure,0.2
2026-07-17,COMMODITY,ao,2701,,,3000.0,,,,,,,,,new_wall,,,,,,,mixed_or_unclear_structure,0.2
2026-07-17,COMMODITY,au,2608,,,920.0,,,,,,,,,new_wall,,,,,,,mixed_or_unclear_structure,0.2
2026-07-17,COMMODITY,au,2609,,,952.0,,,,,,,,,new_wall,,,,,,,mixed_or_unclear_structure,0.2
2026-07-17,COMMODITY,au,2610,,,920.0,,,,,,,,,new_wall,,,,,,,mixed_or_unclear_structure,0.2
2026-07-17,COMMODITY,au,2612,,,920.0,,,,,,,,,new_wall,,,,,,,mixed_or_unclear_structure,0.2
2026-07-17,COMMODITY,bc,2608,,,98000.0,,,,,,,,,new_wall,,,,,,,mixed_or_unclear_structure,0.2
2026-07-17,COMMODITY,bc,2609,,,96000.0,,,,,,,,,new_wall,,,,,,,mixed_or_unclear_structure,0.2
2026-07-17,COMMODITY,br,2608,,,13000.0,,,,,,,,,new_wall,,,,,,,mixed_or_unclear_structure,0.2
2026-07-17,COMMODITY,br,2609,,,14000.0,,,,,,,,,new_wall,,,,,,,mixed_or_unclear_structure,0.2
2026-07-17,COMMODITY,br,2610,,,15800.0,,,,,,,,,new_wall,,,,,,,mixed_or_unclear_structure,0.2
2026-07-17,COMMODITY,br,2611,,,11000.0,,,,,,,,,new_wall,,,,,,,mixed_or_unclear_structure,0.2
2026-07-17,COMMODITY,bu,2608,,,4500.0,,,,,,,,,new_wall,,,,,,,mixed_or_unclear_structure,0.2
2026-07-17,COMMODITY,bu,2609,,,4000.0,,,,,,,,,new_wall,,,,,,,mixed_or_unclear_structure,0.2
2026-07-17,COMMODITY,bu,2610,,,3950.0,,,,,,,,,new_wall,,,,,,,mixed_or_unclear_structure,0.2
2026-07-17,COMMODITY,bu,2612,,,4100.0,,,,,,,,,new_wall,,,,,,,mixed_or_unclear_structure,0.2
2026-07-17,COMMODITY,cu,2608,,,106000.0,,,,,,,,,new_wall,,,,,,,mixed_or_unclear_structure,0.2
2026-07-17,COMMODITY,cu,2609,,,106000.0,,,,,,,,,new_wall,,,,,,,mixed_or_unclear_structure,0.2
2026-07-17,COMMODITY,cu,2610,,,96000.0,,,,,,,,,new_wall,,,,,,,mixed_or_unclear_structure,0.2
2026-07-17,COMMODITY,cu,2611,,,106000.0,,,,,,,,,new_wall,,,,,,,mixed_or_unclear_structure,0.2
2026-07-17,COMMODITY,cu,2612,,,110000.0,,,,,,,,,new_wall,,,,,,,mixed_or_unclear_structure,0.2
2026-07-17,COMMODITY,cu,2701,,,120000.0,,,,,,,,,new_wall,,,,,,,mixed_or_unclear_structure,0.2
2026-07-17,COMMODITY,cu,2702,,,114000.0,,,,,,,,,new_wall,,,,,,,mixed_or_unclear_structure,0.2
2026-07-17,COMMODITY,cu,2703,,,114000.0,,,,,,,,,new_wall,,,,,,,mixed_or_unclear_structure,0.2
2026-07-17,COMMODITY,cu,2704,,,112000.0,,,,,,,,,new_wall,,,,,,,mixed_or_unclear_structure,0.2
2026-07-17,COMMODITY,fu,2608,,,4000.0,,,,,,,,,new_wall,,,,,,,mixed_or_unclear_structure,0.2
2026-07-17,COMMODITY,fu,2609,,,4000.0,,,,,,,,,new_wall,,,,,,,mixed_or_unclear_structure,0.2
2026-07-17,COMMODITY,fu,2610,,,3500.0,,,,,,,,,new_wall,,,,,,,mixed_or_unclear_structure,0.2
2026-07-17,COMMODITY,fu,2611,,,4600.0,,,,,,,,,new_wall,,,,,,,mixed_or_unclear_structure,0.2
2026-07-17,COMMODITY,fu,2701,,,3500.0,,,,,,,,,new_wall,,,,,,,mixed_or_unclear_structure,0.2
2026-07-17,COMMODITY,ni,2608,,,140000.0,,,,,,,,,new_wall,,,,,,,mixed_or_unclear_structure,0.2
2026-07-17,COMMODITY,ni,2609,,,140000.0,,,,,,,,,new_wall,,,,,,,mixed_or_unclear_structure,0.2
2026-07-17,COMMODITY,ni,2610,,,144000.0,,,,,,,,,new_wall,,,,,,,mixed_or_unclear_structure,0.2
2026-07-17,COMMODITY,ni,2611,,,118000.0,,,,,,,,,new_wall,,,,,,,mixed_or_unclear_structure,0.2
2026-07-17,COMMODITY,ni,2612,,,118000.0,,,,,,,,,new_wall,,,,,,,mixed_or_unclear_structure,0.2
2026-07-17,COMMODITY,nr,2608,,,13000.0,,,,,,,,,new_wall,,,,,,,mixed_or_unclear_structure,0.2
2026-07-17,COMMODITY,nr,2609,,,15000.0,,,,,,,,,new_wall,,,,,,,mixed_or_unclear_structure,0.2
2026-07-17,COMMODITY,nr,2610,,,16200.0,,,,,,,,,new_wall,,,,,,,mixed_or_unclear_structure,0.2
2026-07-17,COMMODITY,nr,2611,,,17000.0,,,,,,,,,new_wall,,,,,,,mixed_or_unclear_structure,0.2
2026-07-17,COMMODITY,nr,2701,,,18000.0,,,,,,,,,new_wall,,,,,,,mixed_or_unclear_structure,0.2
2026-07-17,COMMODITY,op,2608,,,3950.0,,,,,,,,,new_wall,,,,,,,mixed_or_unclear_structure,0.2
2026-07-17,COMMODITY,op,2609,,,3850.0,,,,,,,,,new_wall,,,,,,,mixed_or_unclear_structure,0.2
2026-07-17,COMMODITY,pb,2608,,,16000.0,,,,,,,,,new_wall,,,,,,,mixed_or_unclear_structure,0.2
2026-07-17,COMMODITY,pb,2609,,,15600.0,,,,,,,,,new_wall,,,,,,,mixed_or_unclear_structure,0.2
2026-07-17,COMMODITY,pb,2610,,,15400.0,,,,,,,,,new_wall,,,,,,,mixed_or_unclear_structure,0.2
2026-07-17,COMMODITY,rb,2608,,,3100.0,,,,,,,,,new_wall,,,,,,,mixed_or_unclear_structure,0.2
2026-07-17,COMMODITY,rb,2609,,,3050.0,,,,,,,,,new_wall,,,,,,,mixed_or_unclear_structure,0.2
2026-07-17,COMMODITY,rb,2610,,,3150.0,,,,,,,,,new_wall,,,,,,,mixed_or_unclear_structure,0.2
2026-07-17,COMMODITY,rb,2611,,,3100.0,,,,,,,,,new_wall,,,,,,,mixed_or_unclear_structure,0.2
2026-07-17,COMMODITY,rb,2701,,,3500.0,,,,,,,,,new_wall,,,,,,,mixed_or_unclear_structure,0.2
2026-07-17,COMMODITY,ru,2608,,,18000.0,,,,,,,,,new_wall,,,,,,,mixed_or_unclear_structure,0.2
2026-07-17,COMMODITY,ru,2609,,,18000.0,,,,,,,,,new_wall,,,,,,,mixed_or_unclear_structure,0.2
2026-07-17,COMMODITY,ru,2701,,,21500.0,,,,,,,,,new_wall,,,,,,,mixed_or_unclear_structure,0.2
2026-07-17,COMMODITY,sc,2609,,,600.0,,,,,,,,,new_wall,,,,,,,mixed_or_unclear_structure,0.2
2026-07-17,COMMODITY,sc,2610,,,650.0,,,,,,,,,new_wall,,,,,,,mixed_or_unclear_structure,0.2
2026-07-17,COMMODITY,sc,2612,,,850.0,,,,,,,,,new_wall,,,,,,,mixed_or_unclear_structure,0.2
2026-07-17,COMMODITY,sn,2608,,,350000.0,,,,,,,,,new_wall,,,,,,,mixed_or_unclear_structure,0.2
2026-07-17,COMMODITY,sn,2609,,,350000.0,,,,,,,,,new_wall,,,,,,,mixed_or_unclear_structure,0.2
2026-07-17,COMMODITY,sn,2610,,,490000.0,,,,,,,,,new_wall,,,,,,,mixed_or_unclear_structure,0.2
2026-07-17,COMMODITY,sp,2608,,,4900.0,,,,,,,,,new_wall,,,,,,,mixed_or_unclear_structure,0.2
2026-07-17,COMMODITY,sp,2609,,,5000.0,,,,,,,,,new_wall,,,,,,,mixed_or_unclear_structure,0.2
2026-07-17,COMMODITY,sp,2611,,,4800.0,,,,,,,,,new_wall,,,,,,,mixed_or_unclear_structure,0.2
2026-07-17,COMMODITY,sp,2701,,,5000.0,,,,,,,,,new_wall,,,,,,,mixed_or_unclear_structure,0.2
2026-07-17,COMMODITY,zn,2608,,,24000.0,,,,,,,,,new_wall,,,,,,,mixed_or_unclear_structure,0.2
2026-07-17,COMMODITY,zn,2609,,,24000.0,,,,,,,,,new_wall,,,,,,,mixed_or_unclear_structure,0.2
2026-07-17,COMMODITY,zn,2610,,,22000.0,,,,,,,,,new_wall,,,,,,,mixed_or_unclear_structure,0.2
2026-07-17,COMMODITY,zn,2611,,,23600.0,,,,,,,,,new_wall,,,,,,,mixed_or_unclear_structure,0.2
