trade_date,market_type,underlying,contract_month,wall_first_seen,wall_age,wall_persistence,wall_strength_change,wall_migration_speed,wall_break_count,wall_recovery_count,wall_lifecycle_state
2026-08-12,COMMODITY,AP,2610,2026-08-12,1,0.0,,,0.0,0.0,new_wall
2026-08-12,COMMODITY,AP,2611,2026-08-12,1,0.0,,,0.0,0.0,new_wall
2026-08-12,COMMODITY,AP,2612,2026-08-12,1,0.0,,,0.0,0.0,new_wall
2026-08-12,COMMODITY,AP,2701,2026-08-12,1,0.0,,,0.0,0.0,new_wall
2026-08-12,COMMODITY,AP,2703,2026-08-12,1,0.0,,,0.0,0.0,new_wall
2026-08-12,COMMODITY,CF,2609,2026-08-12,1,0.0,,,0.0,0.0,new_wall
2026-08-12,COMMODITY,CF,2611,2026-08-12,1,0.0,,,0.0,0.0,new_wall
2026-08-12,COMMODITY,CF,2701,2026-08-12,1,0.0,,,0.0,0.0,new_wall
2026-08-12,COMMODITY,CF,2703,2026-08-12,1,0.0,,,0.0,0.0,new_wall
2026-08-12,COMMODITY,CF,2705,2026-08-12,1,0.0,,,0.0,0.0,new_wall
2026-08-12,COMMODITY,CJ,2612,2026-08-12,1,0.0,,,0.0,0.0,new_wall
2026-08-12,COMMODITY,CJ,2701,2026-08-12,1,0.0,,,0.0,0.0,new_wall
2026-08-12,COMMODITY,CJ,2703,2026-08-12,1,0.0,,,0.0,0.0,new_wall
2026-08-12,COMMODITY,CJ,2705,2026-08-12,1,0.0,,,0.0,0.0,new_wall
2026-08-12,COMMODITY,FG,2609,2026-08-12,1,0.0,,,0.0,0.0,new_wall
2026-08-12,COMMODITY,FG,2610,2026-08-12,1,0.0,,,0.0,0.0,new_wall
2026-08-12,COMMODITY,FG,2611,2026-08-12,1,0.0,,,0.0,0.0,new_wall
2026-08-12,COMMODITY,FG,2612,2026-08-12,1,0.0,,,0.0,0.0,new_wall
2026-08-12,COMMODITY,FG,2701,2026-08-12,1,0.0,,,0.0,0.0,new_wall
2026-08-12,COMMODITY,FG,2703,2026-08-12,1,0.0,,,0.0,0.0,new_wall
2026-08-12,COMMODITY,FG,2705,2026-08-12,1,0.0,,,0.0,0.0,new_wall
2026-08-12,COMMODITY,MA,2609,2026-08-12,1,0.0,,,0.0,0.0,new_wall
2026-08-12,COMMODITY,MA,2610,2026-08-12,1,0.0,,,0.0,0.0,new_wall
2026-08-12,COMMODITY,MA,2611,2026-08-12,1,0.0,,,0.0,0.0,new_wall
2026-08-12,COMMODITY,MA,2612,2026-08-12,1,0.0,,,0.0,0.0,new_wall
2026-08-12,COMMODITY,MA,2701,2026-08-12,1,0.0,,,0.0,0.0,new_wall
2026-08-12,COMMODITY,MA,2703,2026-08-12,1,0.0,,,0.0,0.0,new_wall
2026-08-12,COMMODITY,MA,2705,2026-08-12,1,0.0,,,0.0,0.0,new_wall
2026-08-12,COMMODITY,OI,2609,2026-08-12,1,0.0,,,0.0,0.0,new_wall
2026-08-12,COMMODITY,OI,2611,2026-08-12,1,0.0,,,0.0,0.0,new_wall
2026-08-12,COMMODITY,OI,2701,2026-08-12,1,0.0,,,0.0,0.0,new_wall
2026-08-12,COMMODITY,OI,2703,2026-08-12,1,0.0,,,0.0,0.0,new_wall
2026-08-12,COMMODITY,OI,2705,2026-08-12,1,0.0,,,0.0,0.0,new_wall
2026-08-12,COMMODITY,PF,2609,2026-08-12,1,0.0,,,0.0,0.0,new_wall
2026-08-12,COMMODITY,PF,2610,2026-08-12,1,0.0,,,0.0,0.0,new_wall
2026-08-12,COMMODITY,PF,2611,2026-08-12,1,0.0,,,0.0,0.0,new_wall
2026-08-12,COMMODITY,PF,2612,2026-08-12,1,0.0,,,0.0,0.0,new_wall
2026-08-12,COMMODITY,PK,2610,2026-08-12,1,0.0,,,0.0,0.0,new_wall
2026-08-12,COMMODITY,PK,2611,2026-08-12,1,0.0,,,0.0,0.0,new_wall
2026-08-12,COMMODITY,PK,2612,2026-08-12,1,0.0,,,0.0,0.0,new_wall
2026-08-12,COMMODITY,PK,2701,2026-08-12,1,0.0,,,0.0,0.0,new_wall
2026-08-12,COMMODITY,PL,2609,2026-08-12,1,0.0,,,0.0,0.0,new_wall
2026-08-12,COMMODITY,PL,2610,2026-08-12,1,0.0,,,0.0,0.0,new_wall
2026-08-12,COMMODITY,PL,2611,2026-08-12,1,0.0,,,0.0,0.0,new_wall
2026-08-12,COMMODITY,PR,2609,2026-08-12,1,0.0,,,0.0,0.0,new_wall
2026-08-12,COMMODITY,PR,2610,2026-08-12,1,0.0,,,0.0,0.0,new_wall
2026-08-12,COMMODITY,PR,2611,2026-08-12,1,0.0,,,0.0,0.0,new_wall
2026-08-12,COMMODITY,PR,2612,2026-08-12,1,0.0,,,0.0,0.0,new_wall
2026-08-12,COMMODITY,PX,2610,2026-08-12,1,0.0,,,0.0,0.0,new_wall
2026-08-12,COMMODITY,PX,2611,2026-08-12,1,0.0,,,0.0,0.0,new_wall
2026-08-12,COMMODITY,PX,2612,2026-08-12,1,0.0,,,0.0,0.0,new_wall
2026-08-12,COMMODITY,PX,2701,2026-08-12,1,0.0,,,0.0,0.0,new_wall
2026-08-12,COMMODITY,RM,2609,2026-08-12,1,0.0,,,0.0,0.0,new_wall
2026-08-12,COMMODITY,RM,2611,2026-08-12,1,0.0,,,0.0,0.0,new_wall
2026-08-12,COMMODITY,RM,2701,2026-08-12,1,0.0,,,0.0,0.0,new_wall
2026-08-12,COMMODITY,RM,2703,2026-08-12,1,0.0,,,0.0,0.0,new_wall
2026-08-12,COMMODITY,RM,2705,2026-08-12,1,0.0,,,0.0,0.0,new_wall
2026-08-12,COMMODITY,RM,2707,2026-08-12,1,0.0,,,0.0,0.0,new_wall
2026-08-12,COMMODITY,SA,2609,2026-08-12,1,0.0,,,0.0,0.0,new_wall
2026-08-12,COMMODITY,SA,2610,2026-08-12,1,0.0,,,0.0,0.0,new_wall
2026-08-12,COMMODITY,SA,2611,2026-08-12,1,0.0,,,0.0,0.0,new_wall
2026-08-12,COMMODITY,SA,2612,2026-08-12,1,0.0,,,0.0,0.0,new_wall
2026-08-12,COMMODITY,SA,2701,2026-08-12,1,0.0,,,0.0,0.0,new_wall
2026-08-12,COMMODITY,SA,2703,2026-08-12,1,0.0,,,0.0,0.0,new_wall
2026-08-12,COMMODITY,SA,2705,2026-08-12,1,0.0,,,0.0,0.0,new_wall
2026-08-12,COMMODITY,SF,2609,2026-08-12,1,0.0,,,0.0,0.0,new_wall
2026-08-12,COMMODITY,SF,2610,2026-08-12,1,0.0,,,0.0,0.0,new_wall
2026-08-12,COMMODITY,SF,2611,2026-08-12,1,0.0,,,0.0,0.0,new_wall
2026-08-12,COMMODITY,SF,2612,2026-08-12,1,0.0,,,0.0,0.0,new_wall
2026-08-12,COMMODITY,SF,2701,2026-08-12,1,0.0,,,0.0,0.0,new_wall
2026-08-12,COMMODITY,SH,2609,2026-08-12,1,0.0,,,0.0,0.0,new_wall
2026-08-12,COMMODITY,SH,2610,2026-08-12,1,0.0,,,0.0,0.0,new_wall
2026-08-12,COMMODITY,SH,2611,2026-08-12,1,0.0,,,0.0,0.0,new_wall
2026-08-12,COMMODITY,SH,2612,2026-08-12,1,0.0,,,0.0,0.0,new_wall
2026-08-12,COMMODITY,SH,2701,2026-08-12,1,0.0,,,0.0,0.0,new_wall
2026-08-12,COMMODITY,SM,2609,2026-08-12,1,0.0,,,0.0,0.0,new_wall
2026-08-12,COMMODITY,SM,2610,2026-08-12,1,0.0,,,0.0,0.0,new_wall
2026-08-12,COMMODITY,SM,2611,2026-08-12,1,0.0,,,0.0,0.0,new_wall
2026-08-12,COMMODITY,SM,2612,2026-08-12,1,0.0,,,0.0,0.0,new_wall
2026-08-12,COMMODITY,SM,2701,2026-08-12,1,0.0,,,0.0,0.0,new_wall
2026-08-12,COMMODITY,SM,2705,2026-08-12,1,0.0,,,0.0,0.0,new_wall
2026-08-12,COMMODITY,SR,2609,2026-08-12,1,0.0,,,0.0,0.0,new_wall
2026-08-12,COMMODITY,SR,2611,2026-08-12,1,0.0,,,0.0,0.0,new_wall
2026-08-12,COMMODITY,SR,2701,2026-08-12,1,0.0,,,0.0,0.0,new_wall
2026-08-12,COMMODITY,SR,2703,2026-08-12,1,0.0,,,0.0,0.0,new_wall
2026-08-12,COMMODITY,SR,2705,2026-08-12,1,0.0,,,0.0,0.0,new_wall
2026-08-12,COMMODITY,TA,2609,2026-08-12,1,0.0,,,0.0,0.0,new_wall
2026-08-12,COMMODITY,TA,2610,2026-08-12,1,0.0,,,0.0,0.0,new_wall
2026-08-12,COMMODITY,TA,2611,2026-08-12,1,0.0,,,0.0,0.0,new_wall
2026-08-12,COMMODITY,TA,2612,2026-08-12,1,0.0,,,0.0,0.0,new_wall
2026-08-12,COMMODITY,TA,2701,2026-08-12,1,0.0,,,0.0,0.0,new_wall
2026-08-12,COMMODITY,TA,2703,2026-08-12,1,0.0,,,0.0,0.0,new_wall
2026-08-12,COMMODITY,TA,2705,2026-08-12,1,0.0,,,0.0,0.0,new_wall
2026-08-12,COMMODITY,UR,2609,2026-08-12,1,0.0,,,0.0,0.0,new_wall
2026-08-12,COMMODITY,UR,2610,2026-08-12,1,0.0,,,0.0,0.0,new_wall
2026-08-12,COMMODITY,UR,2611,2026-08-12,1,0.0,,,0.0,0.0,new_wall
2026-08-12,COMMODITY,UR,2612,2026-08-12,1,0.0,,,0.0,0.0,new_wall
2026-08-12,COMMODITY,UR,2701,2026-08-12,1,0.0,,,0.0,0.0,new_wall
2026-08-12,COMMODITY,UR,2703,2026-08-12,1,0.0,,,0.0,0.0,new_wall
2026-08-12,COMMODITY,ZC,2609,2026-08-12,1,0.0,,,0.0,0.0,new_wall
2026-08-12,COMMODITY,ZC,2610,2026-08-12,1,0.0,,,0.0,0.0,new_wall
2026-08-12,COMMODITY,a,2609,2026-08-12,1,0.0,,,0.0,0.0,new_wall
2026-08-12,COMMODITY,a,2611,2026-08-12,1,0.0,,,0.0,0.0,new_wall
2026-08-12,COMMODITY,a,2701,2026-08-12,1,0.0,,,0.0,0.0,new_wall
2026-08-12,COMMODITY,a,2703,2026-08-12,1,0.0,,,0.0,0.0,new_wall
2026-08-12,COMMODITY,a,2705,2026-08-12,1,0.0,,,0.0,0.0,new_wall
2026-08-12,COMMODITY,a,2707,2026-08-12,1,0.0,,,0.0,0.0,new_wall
2026-08-12,COMMODITY,ad,2609,2026-08-12,1,0.0,,,0.0,0.0,new_wall
2026-08-12,COMMODITY,ad,2610,2026-08-12,1,0.0,,,0.0,0.0,new_wall
2026-08-12,COMMODITY,ag,2609,2026-08-12,1,0.0,,,0.0,0.0,new_wall
2026-08-12,COMMODITY,ag,2610,2026-08-12,1,0.0,,,0.0,0.0,new_wall
2026-08-12,COMMODITY,ag,2612,2026-08-12,1,0.0,,,0.0,0.0,new_wall
2026-08-12,COMMODITY,ag,2702,2026-08-12,1,0.0,,,0.0,0.0,new_wall
2026-08-12,COMMODITY,al,2609,2026-08-12,1,0.0,,,0.0,0.0,new_wall
2026-08-12,COMMODITY,al,2610,2026-08-12,1,0.0,,,0.0,0.0,new_wall
2026-08-12,COMMODITY,al,2611,2026-08-12,1,0.0,,,0.0,0.0,new_wall
2026-08-12,COMMODITY,al,2612,2026-08-12,1,0.0,,,0.0,0.0,new_wall
2026-08-12,COMMODITY,al,2701,2026-08-12,1,0.0,,,0.0,0.0,new_wall
2026-08-12,COMMODITY,ao,2609,2026-08-12,1,0.0,,,0.0,0.0,new_wall
2026-08-12,COMMODITY,ao,2610,2026-08-12,1,0.0,,,0.0,0.0,new_wall
2026-08-12,COMMODITY,ao,2611,2026-08-12,1,0.0,,,0.0,0.0,new_wall
2026-08-12,COMMODITY,ao,2612,2026-08-12,1,0.0,,,0.0,0.0,new_wall
2026-08-12,COMMODITY,ao,2701,2026-08-12,1,0.0,,,0.0,0.0,new_wall
2026-08-12,COMMODITY,au,2609,2026-08-12,1,0.0,,,0.0,0.0,new_wall
2026-08-12,COMMODITY,au,2610,2026-08-12,1,0.0,,,0.0,0.0,new_wall
2026-08-12,COMMODITY,au,2612,2026-08-12,1,0.0,,,0.0,0.0,new_wall
2026-08-12,COMMODITY,au,2702,2026-08-12,1,0.0,,,0.0,0.0,new_wall
2026-08-12,COMMODITY,b,2609,2026-08-12,1,0.0,,,0.0,0.0,new_wall
2026-08-12,COMMODITY,b,2610,2026-08-12,1,0.0,,,0.0,0.0,new_wall
2026-08-12,COMMODITY,b,2611,2026-08-12,1,0.0,,,0.0,0.0,new_wall
2026-08-12,COMMODITY,b,2612,2026-08-12,1,0.0,,,0.0,0.0,new_wall
2026-08-12,COMMODITY,b,2701,2026-08-12,1,0.0,,,0.0,0.0,new_wall
2026-08-12,COMMODITY,b,2702,2026-08-12,1,0.0,,,0.0,0.0,new_wall
2026-08-12,COMMODITY,b,2703,2026-08-12,1,0.0,,,0.0,0.0,new_wall
2026-08-12,COMMODITY,b,2704,2026-08-12,1,0.0,,,0.0,0.0,new_wall
2026-08-12,COMMODITY,b,2705,2026-08-12,1,0.0,,,0.0,0.0,new_wall
2026-08-12,COMMODITY,b,2706,2026-08-12,1,0.0,,,0.0,0.0,new_wall
2026-08-12,COMMODITY,b,2707,2026-08-12,1,0.0,,,0.0,0.0,new_wall
2026-08-12,COMMODITY,bc,2609,2026-08-12,1,0.0,,,0.0,0.0,new_wall
2026-08-12,COMMODITY,bc,2610,2026-08-12,1,0.0,,,0.0,0.0,new_wall
2026-08-12,COMMODITY,br,2609,2026-08-12,1,0.0,,,0.0,0.0,new_wall
2026-08-12,COMMODITY,br,2610,2026-08-12,1,0.0,,,0.0,0.0,new_wall
2026-08-12,COMMODITY,br,2611,2026-08-12,1,0.0,,,0.0,0.0,new_wall
2026-08-12,COMMODITY,br,2701,2026-08-12,1,0.0,,,0.0,0.0,new_wall
2026-08-12,COMMODITY,bu,2609,2026-08-12,1,0.0,,,0.0,0.0,new_wall
2026-08-12,COMMODITY,bu,2610,2026-08-12,1,0.0,,,0.0,0.0,new_wall
2026-08-12,COMMODITY,bu,2611,2026-08-12,1,0.0,,,0.0,0.0,new_wall
2026-08-12,COMMODITY,bu,2612,2026-08-12,1,0.0,,,0.0,0.0,new_wall
2026-08-12,COMMODITY,bz,2609,2026-08-12,1,0.0,,,0.0,0.0,new_wall
2026-08-12,COMMODITY,bz,2610,2026-08-12,1,0.0,,,0.0,0.0,new_wall
2026-08-12,COMMODITY,bz,2611,2026-08-12,1,0.0,,,0.0,0.0,new_wall
2026-08-12,COMMODITY,bz,2612,2026-08-12,1,0.0,,,0.0,0.0,new_wall
2026-08-12,COMMODITY,bz,2701,2026-08-12,1,0.0,,,0.0,0.0,new_wall
2026-08-12,COMMODITY,bz,2702,2026-08-12,1,0.0,,,0.0,0.0,new_wall
2026-08-12,COMMODITY,bz,2703,2026-08-12,1,0.0,,,0.0,0.0,new_wall
2026-08-12,COMMODITY,bz,2704,2026-08-12,1,0.0,,,0.0,0.0,new_wall
2026-08-12,COMMODITY,bz,2705,2026-08-12,1,0.0,,,0.0,0.0,new_wall
2026-08-12,COMMODITY,bz,2706,2026-08-12,1,0.0,,,0.0,0.0,new_wall
2026-08-12,COMMODITY,bz,2707,2026-08-12,1,0.0,,,0.0,0.0,new_wall
2026-08-12,COMMODITY,c,2609,2026-08-12,1,0.0,,,0.0,0.0,new_wall
2026-08-12,COMMODITY,c,2611,2026-08-12,1,0.0,,,0.0,0.0,new_wall
2026-08-12,COMMODITY,c,2701,2026-08-12,1,0.0,,,0.0,0.0,new_wall
2026-08-12,COMMODITY,c,2703,2026-08-12,1,0.0,,,0.0,0.0,new_wall
2026-08-12,COMMODITY,c,2705,2026-08-12,1,0.0,,,0.0,0.0,new_wall
2026-08-12,COMMODITY,c,2707,2026-08-12,1,0.0,,,0.0,0.0,new_wall
2026-08-12,COMMODITY,cs,2609,2026-08-12,1,0.0,,,0.0,0.0,new_wall
2026-08-12,COMMODITY,cs,2611,2026-08-12,1,0.0,,,0.0,0.0,new_wall
2026-08-12,COMMODITY,cs,2701,2026-08-12,1,0.0,,,0.0,0.0,new_wall
2026-08-12,COMMODITY,cs,2703,2026-08-12,1,0.0,,,0.0,0.0,new_wall
2026-08-12,COMMODITY,cs,2705,2026-08-12,1,0.0,,,0.0,0.0,new_wall
2026-08-12,COMMODITY,cs,2707,2026-08-12,1,0.0,,,0.0,0.0,new_wall
2026-08-12,COMMODITY,cu,2609,2026-08-12,1,0.0,,,0.0,0.0,new_wall
2026-08-12,COMMODITY,cu,2610,2026-08-12,1,0.0,,,0.0,0.0,new_wall
2026-08-12,COMMODITY,cu,2611,2026-08-12,1,0.0,,,0.0,0.0,new_wall
2026-08-12,COMMODITY,cu,2612,2026-08-12,1,0.0,,,0.0,0.0,new_wall
2026-08-12,COMMODITY,cu,2701,2026-08-12,1,0.0,,,0.0,0.0,new_wall
2026-08-12,COMMODITY,cu,2702,2026-08-12,1,0.0,,,0.0,0.0,new_wall
2026-08-12,COMMODITY,cu,2703,2026-08-12,1,0.0,,,0.0,0.0,new_wall
2026-08-12,COMMODITY,cu,2704,2026-08-12,1,0.0,,,0.0,0.0,new_wall
2026-08-12,COMMODITY,eb,2609,2026-08-12,1,0.0,,,0.0,0.0,new_wall
2026-08-12,COMMODITY,eb,2610,2026-08-12,1,0.0,,,0.0,0.0,new_wall
2026-08-12,COMMODITY,eb,2611,2026-08-12,1,0.0,,,0.0,0.0,new_wall
2026-08-12,COMMODITY,eb,2612,2026-08-12,1,0.0,,,0.0,0.0,new_wall
2026-08-12,COMMODITY,eb,2701,2026-08-12,1,0.0,,,0.0,0.0,new_wall
2026-08-12,COMMODITY,eb,2702,2026-08-12,1,0.0,,,0.0,0.0,new_wall
2026-08-12,COMMODITY,eb,2703,2026-08-12,1,0.0,,,0.0,0.0,new_wall
2026-08-12,COMMODITY,eb,2704,2026-08-12,1,0.0,,,0.0,0.0,new_wall
2026-08-12,COMMODITY,eb,2705,2026-08-12,1,0.0,,,0.0,0.0,new_wall
2026-08-12,COMMODITY,eb,2706,2026-08-12,1,0.0,,,0.0,0.0,new_wall
2026-08-12,COMMODITY,eb,2707,2026-08-12,1,0.0,,,0.0,0.0,new_wall
2026-08-12,COMMODITY,eg,2609,2026-08-12,1,0.0,,,0.0,0.0,new_wall
2026-08-12,COMMODITY,eg,2610,2026-08-12,1,0.0,,,0.0,0.0,new_wall
2026-08-12,COMMODITY,eg,2611,2026-08-12,1,0.0,,,0.0,0.0,new_wall
2026-08-12,COMMODITY,eg,2612,2026-08-12,1,0.0,,,0.0,0.0,new_wall
2026-08-12,COMMODITY,eg,2701,2026-08-12,1,0.0,,,0.0,0.0,new_wall
2026-08-12,COMMODITY,eg,2702,2026-08-12,1,0.0,,,0.0,0.0,new_wall
2026-08-12,COMMODITY,eg,2703,2026-08-12,1,0.0,,,0.0,0.0,new_wall
2026-08-12,COMMODITY,eg,2704,2026-08-12,1,0.0,,,0.0,0.0,new_wall
2026-08-12,COMMODITY,eg,2705,2026-08-12,1,0.0,,,0.0,0.0,new_wall
2026-08-12,COMMODITY,eg,2706,2026-08-12,1,0.0,,,0.0,0.0,new_wall
2026-08-12,COMMODITY,eg,2707,2026-08-12,1,0.0,,,0.0,0.0,new_wall
2026-08-12,COMMODITY,fu,2609,2026-08-12,1,0.0,,,0.0,0.0,new_wall
2026-08-12,COMMODITY,fu,2610,2026-08-12,1,0.0,,,0.0,0.0,new_wall
2026-08-12,COMMODITY,fu,2611,2026-08-12,1,0.0,,,0.0,0.0,new_wall
2026-08-12,COMMODITY,fu,2612,2026-08-12,1,0.0,,,0.0,0.0,new_wall
2026-08-12,COMMODITY,fu,2701,2026-08-12,1,0.0,,,0.0,0.0,new_wall
2026-08-12,COMMODITY,i,2609,2026-08-12,1,0.0,,,0.0,0.0,new_wall
2026-08-12,COMMODITY,i,2610,2026-08-12,1,0.0,,,0.0,0.0,new_wall
2026-08-12,COMMODITY,i,2611,2026-08-12,1,0.0,,,0.0,0.0,new_wall
2026-08-12,COMMODITY,i,2612,2026-08-12,1,0.0,,,0.0,0.0,new_wall
2026-08-12,COMMODITY,i,2701,2026-08-12,1,0.0,,,0.0,0.0,new_wall
2026-08-12,COMMODITY,i,2702,2026-08-12,1,0.0,,,0.0,0.0,new_wall
2026-08-12,COMMODITY,i,2703,2026-08-12,1,0.0,,,0.0,0.0,new_wall
2026-08-12,COMMODITY,i,2704,2026-08-12,1,0.0,,,0.0,0.0,new_wall
2026-08-12,COMMODITY,i,2705,2026-08-12,1,0.0,,,0.0,0.0,new_wall
2026-08-12,COMMODITY,i,2706,2026-08-12,1,0.0,,,0.0,0.0,new_wall
2026-08-12,COMMODITY,i,2707,2026-08-12,1,0.0,,,0.0,0.0,new_wall
2026-08-12,COMMODITY,jd,2609,2026-08-12,1,0.0,,,0.0,0.0,new_wall
2026-08-12,COMMODITY,jd,2610,2026-08-12,1,0.0,,,0.0,0.0,new_wall
2026-08-12,COMMODITY,jd,2611,2026-08-12,1,0.0,,,0.0,0.0,new_wall
2026-08-12,COMMODITY,jd,2612,2026-08-12,1,0.0,,,0.0,0.0,new_wall
2026-08-12,COMMODITY,jd,2701,2026-08-12,1,0.0,,,0.0,0.0,new_wall
2026-08-12,COMMODITY,jd,2702,2026-08-12,1,0.0,,,0.0,0.0,new_wall
2026-08-12,COMMODITY,jd,2703,2026-08-12,1,0.0,,,0.0,0.0,new_wall
2026-08-12,COMMODITY,jd,2704,2026-08-12,1,0.0,,,0.0,0.0,new_wall
2026-08-12,COMMODITY,jd,2705,2026-08-12,1,0.0,,,0.0,0.0,new_wall
2026-08-12,COMMODITY,jd,2706,2026-08-12,1,0.0,,,0.0,0.0,new_wall
2026-08-12,COMMODITY,jd,2707,2026-08-12,1,0.0,,,0.0,0.0,new_wall
2026-08-12,COMMODITY,jm,2609,2026-08-12,1,0.0,,,0.0,0.0,new_wall
2026-08-12,COMMODITY,jm,2610,2026-08-12,1,0.0,,,0.0,0.0,new_wall
2026-08-12,COMMODITY,jm,2611,2026-08-12,1,0.0,,,0.0,0.0,new_wall
2026-08-12,COMMODITY,jm,2612,2026-08-12,1,0.0,,,0.0,0.0,new_wall
2026-08-12,COMMODITY,jm,2701,2026-08-12,1,0.0,,,0.0,0.0,new_wall
2026-08-12,COMMODITY,jm,2702,2026-08-12,1,0.0,,,0.0,0.0,new_wall
2026-08-12,COMMODITY,jm,2703,2026-08-12,1,0.0,,,0.0,0.0,new_wall
2026-08-12,COMMODITY,jm,2704,2026-08-12,1,0.0,,,0.0,0.0,new_wall
2026-08-12,COMMODITY,jm,2705,2026-08-12,1,0.0,,,0.0,0.0,new_wall
2026-08-12,COMMODITY,jm,2706,2026-08-12,1,0.0,,,0.0,0.0,new_wall
2026-08-12,COMMODITY,jm,2707,2026-08-12,1,0.0,,,0.0,0.0,new_wall
2026-08-12,COMMODITY,l,2609,2026-08-12,1,0.0,,,0.0,0.0,new_wall
2026-08-12,COMMODITY,l,2610,2026-08-12,1,0.0,,,0.0,0.0,new_wall
2026-08-12,COMMODITY,l,2611,2026-08-12,1,0.0,,,0.0,0.0,new_wall
2026-08-12,COMMODITY,l,2612,2026-08-12,1,0.0,,,0.0,0.0,new_wall
2026-08-12,COMMODITY,l,2701,2026-08-12,1,0.0,,,0.0,0.0,new_wall
2026-08-12,COMMODITY,l,2702,2026-08-12,1,0.0,,,0.0,0.0,new_wall
2026-08-12,COMMODITY,l,2703,2026-08-12,1,0.0,,,0.0,0.0,new_wall
2026-08-12,COMMODITY,l,2704,2026-08-12,1,0.0,,,0.0,0.0,new_wall
2026-08-12,COMMODITY,l,2705,2026-08-12,1,0.0,,,0.0,0.0,new_wall
2026-08-12,COMMODITY,l,2706,2026-08-12,1,0.0,,,0.0,0.0,new_wall
2026-08-12,COMMODITY,l,2707,2026-08-12,1,0.0,,,0.0,0.0,new_wall
2026-08-12,COMMODITY,lc,2610,2026-08-12,1,0.0,,,0.0,0.0,new_wall
2026-08-12,COMMODITY,lc,2611,2026-08-12,1,0.0,,,0.0,0.0,new_wall
2026-08-12,COMMODITY,lc,2612,2026-08-12,1,0.0,,,0.0,0.0,new_wall
2026-08-12,COMMODITY,lc,2701,2026-08-12,1,0.0,,,0.0,0.0,new_wall
2026-08-12,COMMODITY,lc,2702,2026-08-12,1,0.0,,,0.0,0.0,new_wall
2026-08-12,COMMODITY,lc,2703,2026-08-12,1,0.0,,,0.0,0.0,new_wall
2026-08-12,COMMODITY,lc,2704,2026-08-12,1,0.0,,,0.0,0.0,new_wall
2026-08-12,COMMODITY,lc,2705,2026-08-12,1,0.0,,,0.0,0.0,new_wall
2026-08-12,COMMODITY,lc,2706,2026-08-12,1,0.0,,,0.0,0.0,new_wall
2026-08-12,COMMODITY,lg,2609,2026-08-12,1,0.0,,,0.0,0.0,new_wall
2026-08-12,COMMODITY,lg,2611,2026-08-12,1,0.0,,,0.0,0.0,new_wall
2026-08-12,COMMODITY,lg,2701,2026-08-12,1,0.0,,,0.0,0.0,new_wall
2026-08-12,COMMODITY,lg,2703,2026-08-12,1,0.0,,,0.0,0.0,new_wall
2026-08-12,COMMODITY,lg,2705,2026-08-12,1,0.0,,,0.0,0.0,new_wall
2026-08-12,COMMODITY,lg,2707,2026-08-12,1,0.0,,,0.0,0.0,new_wall
2026-08-12,COMMODITY,lh,2609,2026-08-12,1,0.0,,,0.0,0.0,new_wall
2026-08-12,COMMODITY,lh,2611,2026-08-12,1,0.0,,,0.0,0.0,new_wall
2026-08-12,COMMODITY,lh,2701,2026-08-12,1,0.0,,,0.0,0.0,new_wall
2026-08-12,COMMODITY,lh,2703,2026-08-12,1,0.0,,,0.0,0.0,new_wall
2026-08-12,COMMODITY,lh,2705,2026-08-12,1,0.0,,,0.0,0.0,new_wall
2026-08-12,COMMODITY,lh,2707,2026-08-12,1,0.0,,,0.0,0.0,new_wall
2026-08-12,COMMODITY,m,2609,2026-08-12,1,0.0,,,0.0,0.0,new_wall
2026-08-12,COMMODITY,m,2611,2026-08-12,1,0.0,,,0.0,0.0,new_wall
2026-08-12,COMMODITY,m,2612,2026-08-12,1,0.0,,,0.0,0.0,new_wall
2026-08-12,COMMODITY,m,2701,2026-08-12,1,0.0,,,0.0,0.0,new_wall
2026-08-12,COMMODITY,m,2703,2026-08-12,1,0.0,,,0.0,0.0,new_wall
2026-08-12,COMMODITY,m,2705,2026-08-12,1,0.0,,,0.0,0.0,new_wall
2026-08-12,COMMODITY,m,2707,2026-08-12,1,0.0,,,0.0,0.0,new_wall
2026-08-12,COMMODITY,ni,2609,2026-08-12,1,0.0,,,0.0,0.0,new_wall
2026-08-12,COMMODITY,ni,2610,2026-08-12,1,0.0,,,0.0,0.0,new_wall
2026-08-12,COMMODITY,ni,2611,2026-08-12,1,0.0,,,0.0,0.0,new_wall
2026-08-12,COMMODITY,ni,2612,2026-08-12,1,0.0,,,0.0,0.0,new_wall
2026-08-12,COMMODITY,nr,2609,2026-08-12,1,0.0,,,0.0,0.0,new_wall
2026-08-12,COMMODITY,nr,2610,2026-08-12,1,0.0,,,0.0,0.0,new_wall
2026-08-12,COMMODITY,nr,2611,2026-08-12,1,0.0,,,0.0,0.0,new_wall
2026-08-12,COMMODITY,nr,2612,2026-08-12,1,0.0,,,0.0,0.0,new_wall
2026-08-12,COMMODITY,nr,2701,2026-08-12,1,0.0,,,0.0,0.0,new_wall
2026-08-12,COMMODITY,op,2609,2026-08-12,1,0.0,,,0.0,0.0,new_wall
2026-08-12,COMMODITY,op,2610,2026-08-12,1,0.0,,,0.0,0.0,new_wall
2026-08-12,COMMODITY,p,2609,2026-08-12,1,0.0,,,0.0,0.0,new_wall
2026-08-12,COMMODITY,p,2610,2026-08-12,1,0.0,,,0.0,0.0,new_wall
2026-08-12,COMMODITY,p,2611,2026-08-12,1,0.0,,,0.0,0.0,new_wall
2026-08-12,COMMODITY,p,2612,2026-08-12,1,0.0,,,0.0,0.0,new_wall
2026-08-12,COMMODITY,p,2701,2026-08-12,1,0.0,,,0.0,0.0,new_wall
2026-08-12,COMMODITY,p,2702,2026-08-12,1,0.0,,,0.0,0.0,new_wall
2026-08-12,COMMODITY,p,2703,2026-08-12,1,0.0,,,0.0,0.0,new_wall
2026-08-12,COMMODITY,p,2704,2026-08-12,1,0.0,,,0.0,0.0,new_wall
2026-08-12,COMMODITY,p,2705,2026-08-12,1,0.0,,,0.0,0.0,new_wall
2026-08-12,COMMODITY,p,2706,2026-08-12,1,0.0,,,0.0,0.0,new_wall
2026-08-12,COMMODITY,p,2707,2026-08-12,1,0.0,,,0.0,0.0,new_wall
2026-08-12,COMMODITY,pb,2609,2026-08-12,1,0.0,,,0.0,0.0,new_wall
2026-08-12,COMMODITY,pb,2610,2026-08-12,1,0.0,,,0.0,0.0,new_wall
2026-08-12,COMMODITY,pb,2611,2026-08-12,1,0.0,,,0.0,0.0,new_wall
2026-08-12,COMMODITY,pd,2610,2026-08-12,1,0.0,,,0.0,0.0,new_wall
2026-08-12,COMMODITY,pd,2612,2026-08-12,1,0.0,,,0.0,0.0,new_wall
2026-08-12,COMMODITY,pd,2702,2026-08-12,1,0.0,,,0.0,0.0,new_wall
2026-08-12,COMMODITY,pd,2704,2026-08-12,1,0.0,,,0.0,0.0,new_wall
2026-08-12,COMMODITY,pd,2706,2026-08-12,1,0.0,,,0.0,0.0,new_wall
2026-08-12,COMMODITY,pg,2609,2026-08-12,1,0.0,,,0.0,0.0,new_wall
2026-08-12,COMMODITY,pg,2610,2026-08-12,1,0.0,,,0.0,0.0,new_wall
2026-08-12,COMMODITY,pg,2611,2026-08-12,1,0.0,,,0.0,0.0,new_wall
2026-08-12,COMMODITY,pg,2612,2026-08-12,1,0.0,,,0.0,0.0,new_wall
2026-08-12,COMMODITY,pg,2701,2026-08-12,1,0.0,,,0.0,0.0,new_wall
2026-08-12,COMMODITY,pg,2702,2026-08-12,1,0.0,,,0.0,0.0,new_wall
2026-08-12,COMMODITY,pg,2703,2026-08-12,1,0.0,,,0.0,0.0,new_wall
2026-08-12,COMMODITY,pg,2704,2026-08-12,1,0.0,,,0.0,0.0,new_wall
2026-08-12,COMMODITY,pg,2705,2026-08-12,1,0.0,,,0.0,0.0,new_wall
2026-08-12,COMMODITY,pg,2706,2026-08-12,1,0.0,,,0.0,0.0,new_wall
2026-08-12,COMMODITY,pg,2707,2026-08-12,1,0.0,,,0.0,0.0,new_wall
2026-08-12,COMMODITY,pp,2609,2026-08-12,1,0.0,,,0.0,0.0,new_wall
2026-08-12,COMMODITY,pp,2610,2026-08-12,1,0.0,,,0.0,0.0,new_wall
2026-08-12,COMMODITY,pp,2611,2026-08-12,1,0.0,,,0.0,0.0,new_wall
2026-08-12,COMMODITY,pp,2612,2026-08-12,1,0.0,,,0.0,0.0,new_wall
2026-08-12,COMMODITY,pp,2701,2026-08-12,1,0.0,,,0.0,0.0,new_wall
2026-08-12,COMMODITY,pp,2702,2026-08-12,1,0.0,,,0.0,0.0,new_wall
2026-08-12,COMMODITY,pp,2703,2026-08-12,1,0.0,,,0.0,0.0,new_wall
2026-08-12,COMMODITY,pp,2704,2026-08-12,1,0.0,,,0.0,0.0,new_wall
2026-08-12,COMMODITY,pp,2705,2026-08-12,1,0.0,,,0.0,0.0,new_wall
2026-08-12,COMMODITY,pp,2706,2026-08-12,1,0.0,,,0.0,0.0,new_wall
2026-08-12,COMMODITY,pp,2707,2026-08-12,1,0.0,,,0.0,0.0,new_wall
2026-08-12,COMMODITY,ps,2610,2026-08-12,1,0.0,,,0.0,0.0,new_wall
2026-08-12,COMMODITY,ps,2611,2026-08-12,1,0.0,,,0.0,0.0,new_wall
2026-08-12,COMMODITY,ps,2612,2026-08-12,1,0.0,,,0.0,0.0,new_wall
2026-08-12,COMMODITY,ps,2701,2026-08-12,1,0.0,,,0.0,0.0,new_wall
2026-08-12,COMMODITY,ps,2702,2026-08-12,1,0.0,,,0.0,0.0,new_wall
2026-08-12,COMMODITY,ps,2703,2026-08-12,1,0.0,,,0.0,0.0,new_wall
2026-08-12,COMMODITY,ps,2704,2026-08-12,1,0.0,,,0.0,0.0,new_wall
2026-08-12,COMMODITY,ps,2705,2026-08-12,1,0.0,,,0.0,0.0,new_wall
2026-08-12,COMMODITY,ps,2706,2026-08-12,1,0.0,,,0.0,0.0,new_wall
2026-08-12,COMMODITY,ps,2707,2026-08-12,1,0.0,,,0.0,0.0,new_wall
2026-08-12,COMMODITY,pt,2610,2026-08-12,1,0.0,,,0.0,0.0,new_wall
2026-08-12,COMMODITY,pt,2612,2026-08-12,1,0.0,,,0.0,0.0,new_wall
2026-08-12,COMMODITY,pt,2702,2026-08-12,1,0.0,,,0.0,0.0,new_wall
2026-08-12,COMMODITY,pt,2704,2026-08-12,1,0.0,,,0.0,0.0,new_wall
2026-08-12,COMMODITY,pt,2706,2026-08-12,1,0.0,,,0.0,0.0,new_wall
2026-08-12,COMMODITY,rb,2609,2026-08-12,1,0.0,,,0.0,0.0,new_wall
2026-08-12,COMMODITY,rb,2610,2026-08-12,1,0.0,,,0.0,0.0,new_wall
2026-08-12,COMMODITY,rb,2611,2026-08-12,1,0.0,,,0.0,0.0,new_wall
2026-08-12,COMMODITY,rb,2701,2026-08-12,1,0.0,,,0.0,0.0,new_wall
2026-08-12,COMMODITY,ru,2609,2026-08-12,1,0.0,,,0.0,0.0,new_wall
2026-08-12,COMMODITY,ru,2610,2026-08-12,1,0.0,,,0.0,0.0,new_wall
2026-08-12,COMMODITY,ru,2701,2026-08-12,1,0.0,,,0.0,0.0,new_wall
2026-08-12,COMMODITY,sc,2609,2026-08-12,1,0.0,,,0.0,0.0,new_wall
2026-08-12,COMMODITY,sc,2610,2026-08-12,1,0.0,,,0.0,0.0,new_wall
2026-08-12,COMMODITY,sc,2611,2026-08-12,1,0.0,,,0.0,0.0,new_wall
2026-08-12,COMMODITY,sc,2612,2026-08-12,1,0.0,,,0.0,0.0,new_wall
2026-08-12,COMMODITY,si,2610,2026-08-12,1,0.0,,,0.0,0.0,new_wall
2026-08-12,COMMODITY,si,2611,2026-08-12,1,0.0,,,0.0,0.0,new_wall
2026-08-12,COMMODITY,si,2612,2026-08-12,1,0.0,,,0.0,0.0,new_wall
2026-08-12,COMMODITY,si,2701,2026-08-12,1,0.0,,,0.0,0.0,new_wall
2026-08-12,COMMODITY,si,2702,2026-08-12,1,0.0,,,0.0,0.0,new_wall
2026-08-12,COMMODITY,si,2703,2026-08-12,1,0.0,,,0.0,0.0,new_wall
2026-08-12,COMMODITY,si,2704,2026-08-12,1,0.0,,,0.0,0.0,new_wall
2026-08-12,COMMODITY,si,2705,2026-08-12,1,0.0,,,0.0,0.0,new_wall
2026-08-12,COMMODITY,si,2706,2026-08-12,1,0.0,,,0.0,0.0,new_wall
2026-08-12,COMMODITY,si,2707,2026-08-12,1,0.0,,,0.0,0.0,new_wall
2026-08-12,COMMODITY,sn,2609,2026-08-12,1,0.0,,,0.0,0.0,new_wall
2026-08-12,COMMODITY,sn,2610,2026-08-12,1,0.0,,,0.0,0.0,new_wall
2026-08-12,COMMODITY,sn,2611,2026-08-12,1,0.0,,,0.0,0.0,new_wall
2026-08-12,COMMODITY,sp,2609,2026-08-12,1,0.0,,,0.0,0.0,new_wall
2026-08-12,COMMODITY,sp,2610,2026-08-12,1,0.0,,,0.0,0.0,new_wall
2026-08-12,COMMODITY,sp,2611,2026-08-12,1,0.0,,,0.0,0.0,new_wall
2026-08-12,COMMODITY,sp,2701,2026-08-12,1,0.0,,,0.0,0.0,new_wall
2026-08-12,COMMODITY,v,2609,2026-08-12,1,0.0,,,0.0,0.0,new_wall
2026-08-12,COMMODITY,v,2610,2026-08-12,1,0.0,,,0.0,0.0,new_wall
2026-08-12,COMMODITY,v,2611,2026-08-12,1,0.0,,,0.0,0.0,new_wall
2026-08-12,COMMODITY,v,2612,2026-08-12,1,0.0,,,0.0,0.0,new_wall
2026-08-12,COMMODITY,v,2701,2026-08-12,1,0.0,,,0.0,0.0,new_wall
2026-08-12,COMMODITY,v,2702,2026-08-12,1,0.0,,,0.0,0.0,new_wall
2026-08-12,COMMODITY,v,2703,2026-08-12,1,0.0,,,0.0,0.0,new_wall
2026-08-12,COMMODITY,v,2704,2026-08-12,1,0.0,,,0.0,0.0,new_wall
2026-08-12,COMMODITY,v,2705,2026-08-12,1,0.0,,,0.0,0.0,new_wall
2026-08-12,COMMODITY,v,2706,2026-08-12,1,0.0,,,0.0,0.0,new_wall
2026-08-12,COMMODITY,v,2707,2026-08-12,1,0.0,,,0.0,0.0,new_wall
2026-08-12,COMMODITY,y,2609,2026-08-12,1,0.0,,,0.0,0.0,new_wall
2026-08-12,COMMODITY,y,2611,2026-08-12,1,0.0,,,0.0,0.0,new_wall
2026-08-12,COMMODITY,y,2612,2026-08-12,1,0.0,,,0.0,0.0,new_wall
2026-08-12,COMMODITY,y,2701,2026-08-12,1,0.0,,,0.0,0.0,new_wall
2026-08-12,COMMODITY,y,2703,2026-08-12,1,0.0,,,0.0,0.0,new_wall
2026-08-12,COMMODITY,y,2705,2026-08-12,1,0.0,,,0.0,0.0,new_wall
2026-08-12,COMMODITY,y,2707,2026-08-12,1,0.0,,,0.0,0.0,new_wall
2026-08-12,COMMODITY,zn,2609,2026-08-12,1,0.0,,,0.0,0.0,new_wall
2026-08-12,COMMODITY,zn,2610,2026-08-12,1,0.0,,,0.0,0.0,new_wall
2026-08-12,COMMODITY,zn,2611,2026-08-12,1,0.0,,,0.0,0.0,new_wall
2026-08-12,COMMODITY,zn,2612,2026-08-12,1,0.0,,,0.0,0.0,new_wall
2026-08-12,ETF,上证50ETF华夏,12月,2026-08-12,1,0.0,,,0.0,0.0,new_wall
2026-08-12,ETF,上证50ETF华夏,3月,2026-08-12,1,0.0,,,0.0,0.0,new_wall
2026-08-12,ETF,上证50ETF华夏,8月,2026-08-12,1,0.0,,,0.0,0.0,new_wall
2026-08-12,ETF,上证50ETF华夏,9月,2026-08-12,1,0.0,,,0.0,0.0,new_wall
2026-08-12,ETF,中证500ETF南方,12月,2026-08-12,1,0.0,,,0.0,0.0,new_wall
2026-08-12,ETF,中证500ETF南方,3月,2026-08-12,1,0.0,,,0.0,0.0,new_wall
2026-08-12,ETF,中证500ETF南方,8月,2026-08-12,1,0.0,,,0.0,0.0,new_wall
2026-08-12,ETF,中证500ETF南方,9月,2026-08-12,1,0.0,,,0.0,0.0,new_wall
2026-08-12,ETF,中证500ETF嘉实,12月,2026-08-12,1,0.0,,,0.0,0.0,new_wall
2026-08-12,ETF,中证500ETF嘉实,3月,2026-08-12,1,0.0,,,0.0,0.0,new_wall
2026-08-12,ETF,中证500ETF嘉实,8月,2026-08-12,1,0.0,,,0.0,0.0,new_wall
2026-08-12,ETF,中证500ETF嘉实,9月,2026-08-12,1,0.0,,,0.0,0.0,new_wall
2026-08-12,ETF,创业板ETF易方达,12月,2026-08-12,1,0.0,,,0.0,0.0,new_wall
2026-08-12,ETF,创业板ETF易方达,3月,2026-08-12,1,0.0,,,0.0,0.0,new_wall
2026-08-12,ETF,创业板ETF易方达,8月,2026-08-12,1,0.0,,,0.0,0.0,new_wall
2026-08-12,ETF,创业板ETF易方达,9月,2026-08-12,1,0.0,,,0.0,0.0,new_wall
2026-08-12,ETF,沪深300ETF华泰柏瑞,12月,2026-08-12,1,0.0,,,0.0,0.0,new_wall
2026-08-12,ETF,沪深300ETF华泰柏瑞,3月,2026-08-12,1,0.0,,,0.0,0.0,new_wall
2026-08-12,ETF,沪深300ETF华泰柏瑞,8月,2026-08-12,1,0.0,,,0.0,0.0,new_wall
2026-08-12,ETF,沪深300ETF华泰柏瑞,9月,2026-08-12,1,0.0,,,0.0,0.0,new_wall
2026-08-12,ETF,沪深300ETF嘉实,12月,2026-08-12,1,0.0,,,0.0,0.0,new_wall
2026-08-12,ETF,沪深300ETF嘉实,3月,2026-08-12,1,0.0,,,0.0,0.0,new_wall
2026-08-12,ETF,沪深300ETF嘉实,8月,2026-08-12,1,0.0,,,0.0,0.0,new_wall
2026-08-12,ETF,沪深300ETF嘉实,9月,2026-08-12,1,0.0,,,0.0,0.0,new_wall
2026-08-12,ETF,深证100ETF易方达,12月,2026-08-12,1,0.0,,,0.0,0.0,new_wall
2026-08-12,ETF,深证100ETF易方达,3月,2026-08-12,1,0.0,,,0.0,0.0,new_wall
2026-08-12,ETF,深证100ETF易方达,8月,2026-08-12,1,0.0,,,0.0,0.0,new_wall
2026-08-12,ETF,深证100ETF易方达,9月,2026-08-12,1,0.0,,,0.0,0.0,new_wall
2026-08-12,ETF,科创50ETF华夏,12月,2026-08-12,1,0.0,,,0.0,0.0,new_wall
2026-08-12,ETF,科创50ETF华夏,3月,2026-08-12,1,0.0,,,0.0,0.0,new_wall
2026-08-12,ETF,科创50ETF华夏,8月,2026-08-12,1,0.0,,,0.0,0.0,new_wall
2026-08-12,ETF,科创50ETF华夏,9月,2026-08-12,1,0.0,,,0.0,0.0,new_wall
2026-08-12,ETF,科创50ETF易方达,12月,2026-08-12,1,0.0,,,0.0,0.0,new_wall
2026-08-12,ETF,科创50ETF易方达,3月,2026-08-12,1,0.0,,,0.0,0.0,new_wall
2026-08-12,ETF,科创50ETF易方达,8月,2026-08-12,1,0.0,,,0.0,0.0,new_wall
2026-08-12,ETF,科创50ETF易方达,9月,2026-08-12,1,0.0,,,0.0,0.0,new_wall
2026-08-12,INDEX_OPTION,IF,2608,2026-08-12,1,0.0,,,0.0,0.0,new_wall
2026-08-12,INDEX_OPTION,IF,2609,2026-08-12,1,0.0,,,0.0,0.0,new_wall
2026-08-12,INDEX_OPTION,IF,2610,2026-08-12,1,0.0,,,0.0,0.0,new_wall
2026-08-12,INDEX_OPTION,IF,2612,2026-08-12,1,0.0,,,0.0,0.0,new_wall
2026-08-12,INDEX_OPTION,IF,2703,2026-08-12,1,0.0,,,0.0,0.0,new_wall
2026-08-12,INDEX_OPTION,IF,2706,2026-08-12,1,0.0,,,0.0,0.0,new_wall
2026-08-12,INDEX_OPTION,IH,2608,2026-08-12,1,0.0,,,0.0,0.0,new_wall
2026-08-12,INDEX_OPTION,IH,2609,2026-08-12,1,0.0,,,0.0,0.0,new_wall
2026-08-12,INDEX_OPTION,IH,2610,2026-08-12,1,0.0,,,0.0,0.0,new_wall
2026-08-12,INDEX_OPTION,IH,2612,2026-08-12,1,0.0,,,0.0,0.0,new_wall
2026-08-12,INDEX_OPTION,IH,2703,2026-08-12,1,0.0,,,0.0,0.0,new_wall
2026-08-12,INDEX_OPTION,IH,2706,2026-08-12,1,0.0,,,0.0,0.0,new_wall
2026-08-12,INDEX_OPTION,IM,2608,2026-08-12,1,0.0,,,0.0,0.0,new_wall
2026-08-12,INDEX_OPTION,IM,2609,2026-08-12,1,0.0,,,0.0,0.0,new_wall
2026-08-12,INDEX_OPTION,IM,2610,2026-08-12,1,0.0,,,0.0,0.0,new_wall
2026-08-12,INDEX_OPTION,IM,2612,2026-08-12,1,0.0,,,0.0,0.0,new_wall
2026-08-12,INDEX_OPTION,IM,2703,2026-08-12,1,0.0,,,0.0,0.0,new_wall
2026-08-12,INDEX_OPTION,IM,2706,2026-08-12,1,0.0,,,0.0,0.0,new_wall
