trade_date,market_type,underlying,commodity,exchange,contract_month,underlying_price,call_wall,put_wall,call_oi_wall,put_oi_wall,max_gamma_strike,gex_flip,price_wall,net_gex,total_abs_gex,total_oi,total_volume,total_amount,call_gex_total,put_gex_abs_total,gex_ratio,call_gex_share,put_gex_share,call_wall_distance,put_wall_distance,price_wall_distance,gamma_regime,iv_surface_bias,delta_bias,normalized_net_gex,assumed_dealer_gamma_ratio,vega_risk_ratio,theta_burn_rate,rho_risk_ratio,atm_iv,call_25_delta_iv,put_25_delta_iv,option_market_value,total_time_value
2026-07-22,ETF,上证50ETF华夏,,,12月,3.086,3.0,2.8,3.5,2.7,3.0,3.1,3.0,20462484.14702548,70328092.03117277,83003.0,15970.0,,45395288.08909912,24932803.942073643,1.8207052922954812,0.6454787379839305,0.3545212620160694,-0.027867790019442618,-0.09267660401814648,-0.027867790019442618,Positive Gamma,0.31618096137266355,0.2693893544044208,0.29095747596786115,0.29095747596786115,0.05322830449832572,,0.007331395645971864,0.002308804416403785,0.0015609999999999999,0.002291,96698778.0,
2026-07-22,ETF,上证50ETF华夏,,,7月,3.086,3.1,3.1,3.2,2.85,3.1,3.1,3.1,200354474.13575098,355613702.3920996,404507.0,452529.0,,277984088.26392525,77629614.12817433,3.5809026153981063,0.781702410210898,0.2182975897891019,0.004536616979909258,0.004536616979909258,0.004536616979909258,Positive Gamma,0.22736397918454426,0.07737026601446373,0.5634048204217961,0.5634048204217961,0.0038244071020734037,,-0.00012692264655360123,0.0079388125,0.00046100000000000004,0.002266,21162496.0,
2026-07-22,ETF,上证50ETF华夏,,,8月,3.086,3.1,3.0,3.1,3.0,3.1,3.1,3.1,294614436.2380999,918200417.4352913,566802.0,557839.0,,606407426.8366956,311792990.5985957,1.9449039751422392,0.660430354116487,0.339569645883513,0.004536616979909258,-0.027867790019442618,0.004536616979909258,Positive Gamma,0.266448690623765,0.3723078727708765,0.320860708232974,0.320860708232974,0.05157821575924871,,0.006778684577916863,0.002000385135135135,0.001532,0.002065,302489661.0,
2026-07-22,ETF,上证50ETF华夏,,,9月,3.086,3.2,3.1,3.6,2.65,3.2,3.1,3.2,148185938.91571715,398909730.49216825,440418.0,459026.0,,273547834.70394266,125361895.78822553,2.1820652358835444,0.6857386867110107,0.3142613132889892,0.036941023979261356,0.004536616979909258,0.036941023979261356,Positive Gamma,0.22903268451626463,0.3417150867981487,0.37147737342202164,0.37147737342202164,0.05193119781890483,,0.006998001145947872,0.001938587939698492,0.00172,0.002164,252489670.0,
2026-07-22,ETF,中证500ETF南方,,,12月,7.74,8.35,7.613,9.823,6.876,7.613,8.25,7.613,25888347.45342,127273198.36784402,92829.0,14739.0,,76580772.91063201,50692425.457212,1.510694590363833,0.6017038456855531,0.3982961543144468,0.07881136950904377,-0.01640826873385015,-0.01640826873385015,Positive Gamma,-0.653348641408343,-0.11611859691641759,0.20340769137110623,0.20340769137110623,0.028181109174852326,,-0.0070689422714252615,0.0032662499999999996,0.002135,1e-06,548426462.0,
2026-07-22,ETF,中证500ETF南方,,,7月,7.74,8.0,7.5,8.841,7.5,8.0,7.25,8.0,107045249.25607206,449079542.82432,349610.0,832174.0,,278062396.040196,171017146.78412402,1.6259328451502928,0.6191829498431952,0.3808170501568047,0.03359173126614978,-0.03100775193798455,0.03359173126614978,Positive Gamma,0.0,-0.13590908412717984,0.23836589968639063,0.23836589968639063,0.003049468481260574,,-6.720197925975606e-05,0.0006814561403508772,1e-06,1e-06,188893246.0,
2026-07-22,ETF,中证500ETF南方,,,8月,7.74,7.75,7.5,7.75,7.25,7.75,8.5,7.75,118374060.97717199,1187333428.4970121,621633.0,875278.0,,652853744.737092,534479683.75992,1.2214753237100473,0.5498487021994386,0.45015129780056135,0.0012919896640826156,-0.03100775193798455,0.0012919896640826156,Positive Gamma,0.0,-0.026540784994600507,0.09969740439887718,0.09969740439887718,0.029595824999623866,,-0.0015063201882773135,0.0014932500000000002,1e-06,1e-06,1562538973.0,
2026-07-22,ETF,中证500ETF南方,,,9月,7.74,8.35,6.631,9.823,6.385,6.631,,7.367,-118187166.0393,554365997.801172,425201.0,226500.0,,218089415.88093606,336276581.920236,0.6485417885348506,0.3934033053000405,0.6065966946999596,0.07881136950904377,-0.14328165374677004,-0.048191214470284294,Negative Gamma,2.2968052215733428,-0.24578786813696912,-0.21319338939991922,-0.21319338939991922,0.03782138269917038,,-0.005845259527439216,0.0014554999999999995,1e-06,0.0033439999999999998,868028524.0,
2026-07-22,ETF,中证500ETF嘉实,,,12月,3.144,3.0,2.9,3.0,2.9,3.0,3.0,3.0,9839199.39358464,32515337.322800644,53976.0,9065.0,,21177268.358192638,11338068.964608,1.867802041449729,0.6513008968030161,0.3486991031969838,-0.04580152671755733,-0.07760814249363879,-0.04580152671755733,Positive Gamma,0.3532653658776859,0.18512782771328679,0.3026017936060324,0.3026017936060324,0.0377648835055843,,0.0005683173893747668,0.003362911042944785,0.002202,0.00339,92495850.0,
2026-07-22,ETF,中证500ETF嘉实,,,7月,3.144,3.1,3.1,3.7,3.0,3.1,3.1,3.2,1044362.0950387213,67930123.53136897,163586.0,162734.0,,34487242.81320384,33442880.718165122,1.0312282337110827,0.5076870322085933,0.4923129677914066,-0.013994910941475869,-0.013994910941475869,0.01781170483460559,Positive Gamma,-0.055094544959869485,-0.23689132225029927,0.015374064417186825,0.015374064417186825,0.0008190200584765222,,-8.248870648031185e-05,0.004410600000000001,0.0014800000000000002,0.0012369999999999998,85563228.0,
2026-07-22,ETF,中证500ETF嘉实,,,8月,3.144,3.3,3.1,3.4,3.0,3.3,3.2,3.3,42614999.80652736,102839823.75024576,115728.0,98758.0,,72727411.77838656,30112411.9718592,2.415197156785452,0.7071911359456483,0.2928088640543517,0.04961832061068683,-0.013994910941475869,0.04961832061068683,Positive Gamma,0.24865270858617147,0.17946892018734537,0.4143822718912966,0.4143822718912966,0.025090820034325306,,0.0007952544336435401,0.0030604935064935065,0.0027289999999999997,0.0034899999999999996,119413355.0,
2026-07-22,ETF,中证500ETF嘉实,,,9月,3.144,3.3,2.8,4.1,2.8,3.3,3.6,3.3,12155298.9039072,69613598.55382848,124102.0,159121.0,,40884448.728867844,28729149.82496064,1.4230998472967815,0.5873054917173127,0.4126945082826874,0.04961832061068683,-0.10941475826972025,0.04961832061068683,Positive Gamma,0.29004335331932085,-0.054836157760792266,0.17461098343462528,0.17461098343462528,0.028847010462668455,,-0.0024998947310813325,0.003289163461538462,0.0025069999999999997,0.003461,128052992.0,
2026-07-22,ETF,创业板ETF易方达,,,12月,3.586,3.9,3.2,4.8,3.2,3.2,4.0,3.5,6562866.0471572,41084793.677467756,84223.0,23534.0,,23823829.862312477,17260963.81515528,1.3802143447745916,0.5798697700501839,0.4201302299498161,0.08756274400446173,-0.10764082543223641,-0.023982152816508617,Positive Gamma,0.17876117257328591,0.0400595188856864,0.15973954010036784,0.15973954010036784,0.024302104312054068,,-0.0034769663476829017,0.00399975,0.003711,0.004426,280059081.0,
2026-07-22,ETF,创业板ETF易方达,,,7月,3.586,3.6,3.6,4.8,3.4,3.6,3.5,3.7,96151381.40020816,518297451.30589485,711257.0,1385021.0,,307224416.35305154,211073034.95284337,1.4555360727233098,0.5927569498537438,0.4072430501462563,0.003904071388733943,0.003904071388733943,0.031790295593976614,Positive Gamma,0.2660744911497266,-0.5608248667862342,0.18551389970748744,0.18551389970748744,0.0016533039539841517,,-0.00022627713216709415,0.005618727272727272,0.000452,0.001947,307450423.0,
2026-07-22,ETF,创业板ETF易方达,,,8月,3.586,3.7,3.5,3.8,3.5,3.7,4.0,3.7,73138683.91657564,652421778.7022456,802226.0,1053699.0,,362780231.30941063,289641547.392835,1.2525144772044015,0.5560516879602474,0.4439483120397527,0.031790295593976614,-0.023982152816508617,0.031790295593976614,Positive Gamma,0.12382648891957423,-0.06722587044834862,0.11210337592049467,0.11210337592049467,0.02311517228605264,,-0.0015972811201002536,0.0041428938547486025,0.003872,0.004385,1159139100.0,
2026-07-22,ETF,创业板ETF易方达,,,9月,3.586,3.9,2.9,3.9,2.85,3.9,,3.6,-28089930.113117848,263705619.73339847,524192.0,337338.0,,117807844.81014031,145897774.9232582,0.8074684132236212,0.4467399857812734,0.5532600142187267,0.08756274400446173,-0.1912994980479643,0.003904071388733943,Negative Gamma,0.12601927353595246,-0.09926591367463072,-0.1065200284374533,-0.1065200284374533,0.028556779318421485,,-0.0029193949947656666,0.004047,0.003898,0.004408,686494292.0,
2026-07-22,ETF,沪深300ETF华泰柏瑞,,,12月,4.765,5.0,4.4,6.0,4.3,5.0,4.8,5.0,33882377.19750625,98386184.01868926,81638.0,14770.0,,66134280.60809775,32251903.410591498,2.050554342984275,0.672190727465708,0.3278092725342919,0.04931794333683115,-0.07660020986358851,0.04931794333683115,Positive Gamma,0.3273349514563106,0.1329266682912862,0.3443814549314161,0.3443814549314161,0.04543826642839033,,0.00020336084009082064,0.0025020242914979758,0.001689,0.002508,178436517.0,
2026-07-22,ETF,沪深300ETF华泰柏瑞,,,7月,4.765,4.8,4.7,5.25,4.5,4.8,4.7,4.9,88155750.47214873,282009177.4693503,306034.0,407941.0,,185082463.9707495,96926713.49860074,1.9095093322587628,0.6562994354709073,0.34370056452909253,0.00734522560335793,-0.01364113326337868,0.02833158447009465,Positive Gamma,0.09932367399407006,0.009269800644187098,0.31259887094181465,0.31259887094181465,0.0033352970565788333,,-4.853986194271567e-05,0.004993774193548386,0.000649,0.001145,48805248.0,
2026-07-22,ETF,沪深300ETF华泰柏瑞,,,8月,4.765,4.8,4.7,4.8,4.7,4.8,4.8,4.8,271549643.2074102,1195926660.2019067,507276.0,536121.0,,733738151.7046584,462188508.49724823,1.5875300623339208,0.6135310601578047,0.3864689398421953,0.00734522560335793,-0.01364113326337868,0.00734522560335793,Positive Gamma,-0.8223604006493708,0.10948480180202377,0.2270621203156094,0.2270621203156094,0.048028517085789806,,0.00098030557804859,0.00209275641025641,0.001722,1e-06,474734624.0,
2026-07-22,ETF,沪深300ETF华泰柏瑞,,,9月,4.765,5.0,4.5,5.25,4.0,5.0,5.0,5.0,100067422.60176349,466992175.97978544,380621.0,354163.0,,283529799.2907745,183462376.689011,1.545438385829858,0.6071403631033159,0.3928596368966843,0.04931794333683115,-0.05561385099685201,0.04931794333683115,Positive Gamma,0.29302007044222067,0.08814170429107791,0.21428072620663147,0.21428072620663147,0.04755564172111299,,0.0001364599577865009,0.0020442285714285715,0.0017329999999999997,0.002332,364920236.0,
2026-07-22,ETF,沪深300ETF嘉实,,,12月,4.97,5.25,4.6,5.25,4.6,5.25,5.25,4.8,7618803.890123998,24223330.823327996,19787.0,2738.0,,15921067.356725998,8302263.466601999,1.9176779225054237,0.657261690097276,0.3427383099027241,0.05633802816901423,-0.07444668008048294,-0.03420523138832998,Positive Gamma,0.3201247855248793,0.1420064287836286,0.3145233801945519,0.3145233801945519,0.05732323221256586,,0.0006907233678037658,0.0025240157480314967,0.0016579999999999998,0.0024660000000000003,34227885.0,
2026-07-22,ETF,沪深300ETF嘉实,,,7月,4.97,5.0,5.0,5.5,4.6,5.0,4.9,5.0,14142358.75884299,126872801.42415898,97452.0,97384.0,,70507580.09150098,56365221.33265799,1.2509057611142371,0.5557343993357666,0.4442656006642334,0.006036217303823088,0.006036217303823088,0.006036217303823088,Positive Gamma,0.10312426255533073,0.03734148877037954,0.11146879867153325,0.11146879867153325,0.0014521788233766242,,-2.4308471304585608e-05,0.006080043478260869,0.000544,0.0011710000000000002,47555438.0,
2026-07-22,ETF,沪深300ETF嘉实,,,8月,4.97,5.0,4.9,5.25,4.9,5.0,5.0,5.0,54804240.299879,192775358.88842702,89776.0,57644.0,,123789799.59415299,68985559.29427399,1.794430615052329,0.6421453463136804,0.3578546536863194,0.006036217303823088,-0.014084507042253391,0.006036217303823088,Positive Gamma,0.18912074177357602,0.20776407394200075,0.284290692627361,0.284290692627361,0.0450037541414928,,0.002520756253150577,0.001903545833333333,0.0018230000000000002,0.002183,81447383.0,
2026-07-22,ETF,沪深300ETF嘉实,,,9月,4.97,5.25,5.25,6.25,4.2,5.25,5.25,5.0,20903727.470527995,96424761.546834,87549.0,25818.0,,58664244.50868099,37760517.03815299,1.5535868973776763,0.6083939806290054,0.3916060193709944,0.05633802816901423,0.05633802816901423,0.006036217303823088,Positive Gamma,0.2746424011162225,0.07853512159593924,0.21678796125801106,0.21678796125801106,0.03878187778082333,,-0.00040464203424226975,0.002293891975308642,0.0017879999999999999,0.002418,95126054.0,
2026-07-22,ETF,深证100ETF易方达,,,12月,3.746,4.5,3.4,4.5,4.5,4.5,3.8,3.8,1091266.671772,3815583.9514128794,5584.0,1170.0,,2453425.31159244,1362158.6398204402,1.8011303822261486,0.6430012660798504,0.35699873392014975,0.2012813667912441,-0.09236518953550454,0.014415376401494928,Positive Gamma,0.43227616699260263,0.07129442752266371,0.28600253215970084,0.28600253215970084,0.02990464209825632,,-0.002555701499340483,0.00294025,0.0021479999999999997,0.0034189999999999997,15164134.0,
2026-07-22,ETF,深证100ETF易方达,,,7月,3.746,3.8,3.8,4.6,3.4,3.8,3.6,3.8,2394481.026508638,24815628.355700962,42547.0,45699.0,,13605054.691104798,11210573.66459616,1.2135913021178024,0.5482454240567022,0.45175457594329765,0.014415376401494928,0.014415376401494928,0.014415376401494928,Positive Gamma,-0.07250009187460957,-0.10166078985219544,0.09649084811340462,0.09649084811340462,0.00280897823590684,,-7.035563649844816e-05,0.005668958333333332,0.00149,0.0010789999999999999,9338271.0,
2026-07-22,ETF,深证100ETF易方达,,,8月,3.746,3.8,3.7,4.0,3.7,3.8,4.2,3.8,1428612.70649196,25217714.244937878,21448.0,16312.0,,13323163.475714922,11894550.76922296,1.1201064869291646,0.5283255788493745,0.47167442115062563,0.014415376401494928,-0.012279765082754857,0.014415376401494928,Positive Gamma,0.25347049228438245,-0.13261285323620706,0.056651157698748844,0.056651157698748844,0.03727241065321657,,-0.002786354039619754,0.0031680216216216214,0.002539,0.003342,19541666.0,
2026-07-22,ETF,深证100ETF易方达,,,9月,3.746,3.9,3.0,4.6,3.0,3.0,,3.9,-2066725.3745237205,12026442.52743212,23306.0,114857.0,,4979858.576454201,7046583.950977921,0.706705349868584,0.41407578052239674,0.5859242194776034,0.04111051788574471,-0.19914575547250402,0.04111051788574471,Negative Gamma,0.1455842371444441,-0.016665107425216444,-0.17184843895520668,-0.17184843895520668,0.04089277008035834,,-0.002407278091911915,0.0032970602409638557,0.002664,0.003144,16474208.0,
2026-07-22,ETF,科创50ETF华夏,,,12月,1.955,2.55,1.3,2.55,1.3,2.55,2.25,2.0,7316635.769732,39862238.874467,212818.0,31841.0,,23589437.322099503,16272801.552367501,1.4496236094434223,0.5917740194269235,0.4082259805730765,0.3043478260869563,-0.3350383631713555,0.023017902813299296,Positive Gamma,0.22079158889185174,0.22632918865147678,0.183548038853847,0.183548038853847,0.021544139309416815,,-0.0006382602614914224,0.006562749999999999,0.004477,0.005926,390301598.0,
2026-07-22,ETF,科创50ETF华夏,,,7月,1.955,2.0,1.95,2.55,1.5,1.95,,2.0,-128246370.05051878,294472960.2424938,926508.0,1785615.0,,83113295.09598751,211359665.14650628,0.3932315801048257,0.28224423399535575,0.7177557660046442,0.023017902813299296,-0.002557544757033292,0.023017902813299296,Negative Gamma,-0.6254030205328357,-0.12411186659272404,-0.43551153200928855,-0.43551153200928855,0.0011837009539709393,,-0.00020241009555402458,0.001813230769230769,0.001967,0.000833,164403855.0,
2026-07-22,ETF,科创50ETF华夏,,,8月,1.955,2.0,1.9,2.55,1.9,2.0,2.15,2.0,62184214.928357765,275772101.8072808,830721.0,1465746.0,,168978158.36781928,106793943.43946151,1.5822822243061776,0.612745659406502,0.387254340593498,0.023017902813299296,-0.02813299232736577,0.023017902813299296,Positive Gamma,-0.9326218057182524,0.10007464219847709,0.22549131881300402,0.22549131881300402,0.020561007285814517,,-0.0004636939629810569,0.00576225,0.005375,1e-06,830804433.0,
2026-07-22,ETF,科创50ETF华夏,,,9月,1.955,2.2,1.8,2.55,1.1,1.8,2.3,2.0,17130465.682278756,149326357.7155398,827860.0,534987.0,,83228411.69890925,66097946.01663051,1.2591678972591471,0.5573591492632248,0.44264085073677484,0.1253196930946292,-0.07928388746803072,0.023017902813299296,Positive Gamma,1.0181543750786128,0.28203641988542993,0.11471829852644999,0.11471829852644999,0.01932261814572596,,0.0006440371736384379,0.00596275,1e-06,0.006071999999999999,762507228.0,
2026-07-22,ETF,科创50ETF易方达,,,12月,1.894,2.15,2.15,2.15,1.25,2.15,2.2,1.8,767043.46399936,9219696.652443118,52596.0,9381.0,,4993370.05822124,4226326.59422188,1.1814917628580908,0.5415980857567642,0.45840191424323595,0.13516367476240765,0.13516367476240765,-0.049630411826821486,Positive Gamma,0.24346798362247277,0.12399438672165677,0.0831961715135283,0.0831961715135283,0.018162234599951903,,-0.002528991151571326,0.00592275,0.0045179999999999994,0.00596,111006715.0,
2026-07-22,ETF,科创50ETF易方达,,,7月,1.894,1.9,1.95,2.45,1.45,1.9,1.85,1.85,11544223.463973882,61863415.74470772,214745.0,337518.0,,36703819.6043408,25159596.140366912,1.4588397762654044,0.5933041226790121,0.4066958773209877,0.0031678986272438703,0.029567053854276715,-0.023231256599788752,Positive Gamma,0.2893826767897603,-0.013998491518945047,0.18660824535802434,0.18660824535802434,0.0013814324538091614,,-0.00011578212827480722,0.005805461538461538,0.00037699999999999995,0.002057,43253653.0,
2026-07-22,ETF,科创50ETF易方达,,,8月,1.894,2.45,1.85,2.45,1.85,1.85,2.15,1.85,10773909.33755152,46810675.08973087,149559.0,147872.0,,28792292.213641193,18018382.87608968,1.5979398601773773,0.6150796193058434,0.38492038069415657,0.29355860612460427,-0.023231256599788752,-0.023231256599788752,Positive Gamma,-0.935412026726058,0.12536908647486342,0.23015923861168697,0.23015923861168697,0.021805413133632327,,-0.00026246065206660596,0.00572475,0.0053560000000000005,1e-06,137022444.0,
2026-07-22,ETF,科创50ETF易方达,,,9月,1.894,1.8,1.75,2.45,1.1,1.75,2.1,1.8,5699929.602365279,30910668.715277676,170115.0,122209.0,,18305299.15882148,12605369.556456199,1.4521826652393461,0.5922000370627387,0.40779996293726134,-0.049630411826821486,-0.07602956705385422,-0.049630411826821486,Positive Gamma,1.0020978129682039,0.3801089146529755,0.18440007412547746,0.18440007412547746,0.018860351163970366,,0.0016702986222216594,0.006054299212598425,1e-06,0.0060680000000000005,163285772.0,
2026-07-22,COMMODITY,AP,AP,CZCE,2610,,,,10000.0,7000.0,,,8000.0,,,54100.0,14787.0,11954300.0,,,,,,,,,,,,,,,,,,,,,
2026-07-22,COMMODITY,AP,AP,CZCE,2611,,,,9800.0,6800.0,,,9800.0,,,1034.0,6.0,1985.0,,,,,,,,,,,,,,,,,,,,,
2026-07-22,COMMODITY,AP,AP,CZCE,2701,,,,8800.0,6600.0,,,8800.0,,,2854.0,209.0,154100.0,,,,,,,,,,,,,,,,,,,,,
2026-07-22,COMMODITY,CF,CF,CZCE,2609,,,,17000.0,15000.0,,,16000.0,,,372287.0,109679.0,54326965.0,,,,,,,,,,,,,,,,,,,,,
2026-07-22,COMMODITY,CF,CF,CZCE,2611,,,,16400.0,15400.0,,,16400.0,,,34107.0,8063.0,9026460.0,,,,,,,,,,,,,,,,,,,,,
2026-07-22,COMMODITY,CF,CF,CZCE,2701,,,,18000.0,15800.0,,,15600.0,,,78104.0,8397.0,12935410.0,,,,,,,,,,,,,,,,,,,,,
2026-07-22,COMMODITY,CF,CF,CZCE,2703,,,,18000.0,14800.0,,,16600.0,,,198.0,27.0,78690.0,,,,,,,,,,,,,,,,,,,,,
2026-07-22,COMMODITY,CF,CF,CZCE,2705,,,,17800.0,14400.0,,,16400.0,,,914.0,9.0,15030.0,,,,,,,,,,,,,,,,,,,,,
2026-07-22,COMMODITY,CJ,CJ,CZCE,2609,,,,11000.0,7600.0,,,8000.0,,,112588.0,45168.0,10323065.0,,,,,,,,,,,,,,,,,,,,,
2026-07-22,COMMODITY,CJ,CJ,CZCE,2612,,,,10000.0,8700.0,,,10000.0,,,4928.0,419.0,183635.0,,,,,,,,,,,,,,,,,,,,,
2026-07-22,COMMODITY,CJ,CJ,CZCE,2701,,,,10000.0,8500.0,,,10000.0,,,25545.0,3324.0,4330415.0,,,,,,,,,,,,,,,,,,,,,
2026-07-22,COMMODITY,CJ,CJ,CZCE,2705,,,,9000.0,8400.0,,,8400.0,,,1966.0,313.0,660695.0,,,,,,,,,,,,,,,,,,,,,
2026-07-22,COMMODITY,FG,FG,CZCE,2609,,,,1540.0,1000.0,,,1000.0,,,996111.0,346241.0,85235840.0,,,,,,,,,,,,,,,,,,,,,
2026-07-22,COMMODITY,FG,FG,CZCE,2610,,,,1080.0,930.0,,,1080.0,,,12847.0,6084.0,1322230.0,,,,,,,,,,,,,,,,,,,,,
2026-07-22,COMMODITY,FG,FG,CZCE,2611,,,,1200.0,850.0,,,850.0,,,30717.0,5734.0,2885040.0,,,,,,,,,,,,,,,,,,,,,
2026-07-22,COMMODITY,FG,FG,CZCE,2612,,,,940.0,1140.0,,,1180.0,,,536.0,127.0,287180.0,,,,,,,,,,,,,,,,,,,,,
2026-07-22,COMMODITY,FG,FG,CZCE,2701,,,,1480.0,1000.0,,,1480.0,,,17186.0,1364.0,616990.0,,,,,,,,,,,,,,,,,,,,,
2026-07-22,COMMODITY,FG,FG,CZCE,2703,,,,1040.0,1080.0,,,990.0,,,427.0,320.0,721960.0,,,,,,,,,,,,,,,,,,,,,
2026-07-22,COMMODITY,FG,FG,CZCE,2705,,,,1280.0,1280.0,,,1280.0,,,530.0,199.0,545390.0,,,,,,,,,,,,,,,,,,,,,
2026-07-22,COMMODITY,MA,MA,CZCE,2609,,,,3650.0,2300.0,,,2500.0,,,439170.0,497864.0,238633120.0,,,,,,,,,,,,,,,,,,,,,
2026-07-22,COMMODITY,MA,MA,CZCE,2610,,,,3400.0,2300.0,,,3400.0,,,54643.0,27147.0,20048490.0,,,,,,,,,,,,,,,,,,,,,
2026-07-22,COMMODITY,MA,MA,CZCE,2611,,,,3000.0,2200.0,,,3000.0,,,1783.0,180.0,77055.0,,,,,,,,,,,,,,,,,,,,,
2026-07-22,COMMODITY,MA,MA,CZCE,2612,,,,2600.0,2225.0,,,2950.0,,,443.0,273.0,177075.0,,,,,,,,,,,,,,,,,,,,,
2026-07-22,COMMODITY,MA,MA,CZCE,2701,,,,3300.0,2400.0,,,3000.0,,,10444.0,4155.0,4046295.0,,,,,,,,,,,,,,,,,,,,,
2026-07-22,COMMODITY,MA,MA,CZCE,2703,,,,2650.0,2100.0,,,2225.0,,,326.0,158.0,85095.0,,,,,,,,,,,,,,,,,,,,,
2026-07-22,COMMODITY,MA,MA,CZCE,2705,,,,2600.0,2350.0,,,2350.0,,,715.0,148.0,177630.0,,,,,,,,,,,,,,,,,,,,,
2026-07-22,COMMODITY,OI,OI,CZCE,2609,,,,11200.0,9500.0,,,9500.0,,,54006.0,54833.0,29905540.0,,,,,,,,,,,,,,,,,,,,,
2026-07-22,COMMODITY,OI,OI,CZCE,2611,,,,11400.0,9100.0,,,10400.0,,,5871.0,1225.0,2242970.0,,,,,,,,,,,,,,,,,,,,,
2026-07-22,COMMODITY,OI,OI,CZCE,2701,,,,11200.0,9200.0,,,9200.0,,,4137.0,766.0,1679530.0,,,,,,,,,,,,,,,,,,,,,
2026-07-22,COMMODITY,OI,OI,CZCE,2703,,,,10600.0,9600.0,,,10800.0,,,782.0,50.0,56910.0,,,,,,,,,,,,,,,,,,,,,
2026-07-22,COMMODITY,OI,OI,CZCE,2705,,,,10400.0,8600.0,,,8600.0,,,160.0,17.0,24430.0,,,,,,,,,,,,,,,,,,,,,
2026-07-22,COMMODITY,PF,PF,CZCE,2609,,,,7800.0,5900.0,,,7800.0,,,3668.0,1382.0,560359.0,,,,,,,,,,,,,,,,,,,,,
2026-07-22,COMMODITY,PF,PF,CZCE,2610,,,,7800.0,6500.0,,,7800.0,,,1143.0,313.0,191679.0,,,,,,,,,,,,,,,,,,,,,
2026-07-22,COMMODITY,PF,PF,CZCE,2611,,,,8000.0,6400.0,,,6700.0,,,175.0,140.0,67678.0,,,,,,,,,,,,,,,,,,,,,
2026-07-22,COMMODITY,PK,PK,CZCE,2610,,,,8500.0,8100.0,,,8500.0,,,107271.0,20470.0,5245458.0,,,,,,,,,,,,,,,,,,,,,
2026-07-22,COMMODITY,PK,PK,CZCE,2611,,,,9000.0,8100.0,,,8500.0,,,21685.0,2018.0,1039006.0,,,,,,,,,,,,,,,,,,,,,
2026-07-22,COMMODITY,PK,PK,CZCE,2612,,,,9300.0,8100.0,,,8100.0,,,11261.0,935.0,811144.0,,,,,,,,,,,,,,,,,,,,,
2026-07-22,COMMODITY,PK,PK,CZCE,2701,,,,9100.0,7600.0,,,9100.0,,,537.0,182.0,26941.0,,,,,,,,,,,,,,,,,,,,,
2026-07-22,COMMODITY,PL,PL,CZCE,2609,,,,7100.0,7800.0,,,8300.0,,,817.0,95.0,329490.0,,,,,,,,,,,,,,,,,,,,,
2026-07-22,COMMODITY,PL,PL,CZCE,2610,,,,8300.0,7100.0,,,7400.0,,,827.0,517.0,1882280.0,,,,,,,,,,,,,,,,,,,,,
2026-07-22,COMMODITY,PR,PR,CZCE,2609,,,,7600.0,6400.0,,,7400.0,,,1171.0,349.0,441483.0,,,,,,,,,,,,,,,,,,,,,
2026-07-22,COMMODITY,PR,PR,CZCE,2610,,,,7800.0,6800.0,,,7500.0,,,527.0,103.0,222709.0,,,,,,,,,,,,,,,,,,,,,
2026-07-22,COMMODITY,PR,PR,CZCE,2611,,,,6900.0,6500.0,,,6700.0,,,160.0,6.0,13290.0,,,,,,,,,,,,,,,,,,,,,
2026-07-22,COMMODITY,PX,PX,CZCE,2609,,,,9000.0,7500.0,,,9000.0,,,116649.0,346504.0,101784089.0,,,,,,,,,,,,,,,,,,,,,
2026-07-22,COMMODITY,PX,PX,CZCE,2610,,,,10000.0,7200.0,,,9000.0,,,3174.0,1190.0,853651.0,,,,,,,,,,,,,,,,,,,,,
2026-07-22,COMMODITY,PX,PX,CZCE,2611,,,,9500.0,6600.0,,,9500.0,,,912.0,0.0,0.0,,,,,,,,,,,,,,,,,,,,,
2026-07-22,COMMODITY,PX,PX,CZCE,2612,,,,8900.0,6600.0,,,8900.0,,,406.0,30.0,30173.0,,,,,,,,,,,,,,,,,,,,,
2026-07-22,COMMODITY,PX,PX,CZCE,2701,,,,9200.0,7500.0,,,9300.0,,,1094.0,6.0,4620.0,,,,,,,,,,,,,,,,,,,,,
2026-07-22,COMMODITY,RM,RM,CZCE,2609,,,,2750.0,2200.0,,,2400.0,,,177696.0,133296.0,31260875.0,,,,,,,,,,,,,,,,,,,,,
2026-07-22,COMMODITY,RM,RM,CZCE,2611,,,,2650.0,2150.0,,,2300.0,,,10083.0,6446.0,2318200.0,,,,,,,,,,,,,,,,,,,,,
2026-07-22,COMMODITY,RM,RM,CZCE,2701,,,,2650.0,2200.0,,,2200.0,,,45326.0,9433.0,4699355.0,,,,,,,,,,,,,,,,,,,,,
2026-07-22,COMMODITY,RM,RM,CZCE,2703,,,,2500.0,2050.0,,,2050.0,,,5572.0,5.0,6070.0,,,,,,,,,,,,,,,,,,,,,
2026-07-22,COMMODITY,RM,RM,CZCE,2705,,,,2500.0,2050.0,,,2200.0,,,1524.0,40.0,25740.0,,,,,,,,,,,,,,,,,,,,,
2026-07-22,COMMODITY,SA,SA,CZCE,2609,,,,1580.0,1000.0,,,1100.0,,,578277.0,467077.0,121854790.0,,,,,,,,,,,,,,,,,,,,,
2026-07-22,COMMODITY,SA,SA,CZCE,2610,,,,1300.0,920.0,,,1200.0,,,22568.0,15304.0,3987030.0,,,,,,,,,,,,,,,,,,,,,
2026-07-22,COMMODITY,SA,SA,CZCE,2611,,,,1300.0,970.0,,,1300.0,,,33850.0,17635.0,7911660.0,,,,,,,,,,,,,,,,,,,,,
2026-07-22,COMMODITY,SA,SA,CZCE,2612,,,,1060.0,990.0,,,1280.0,,,522.0,84.0,213040.0,,,,,,,,,,,,,,,,,,,,,
2026-07-22,COMMODITY,SA,SA,CZCE,2701,,,,1560.0,1020.0,,,1560.0,,,19282.0,3094.0,1541000.0,,,,,,,,,,,,,,,,,,,,,
2026-07-22,COMMODITY,SA,SA,CZCE,2703,,,,1200.0,1180.0,,,1260.0,,,917.0,86.0,291820.0,,,,,,,,,,,,,,,,,,,,,
2026-07-22,COMMODITY,SA,SA,CZCE,2705,,,,1400.0,1060.0,,,1400.0,,,1413.0,206.0,443950.0,,,,,,,,,,,,,,,,,,,,,
2026-07-22,COMMODITY,SF,SF,CZCE,2609,,,,6000.0,5700.0,,,6000.0,,,40366.0,43200.0,11586950.0,,,,,,,,,,,,,,,,,,,,,
2026-07-22,COMMODITY,SF,SF,CZCE,2610,,,,6300.0,5200.0,,,6300.0,,,3315.0,2265.0,291815.0,,,,,,,,,,,,,,,,,,,,,
2026-07-22,COMMODITY,SF,SF,CZCE,2611,,,,6000.0,5600.0,,,6000.0,,,7219.0,3171.0,1644195.0,,,,,,,,,,,,,,,,,,,,,
2026-07-22,COMMODITY,SF,SF,CZCE,2612,,,,6400.0,5400.0,,,5800.0,,,297.0,159.0,106780.0,,,,,,,,,,,,,,,,,,,,,
2026-07-22,COMMODITY,SF,SF,CZCE,2701,,,,6000.0,5300.0,,,6000.0,,,799.0,9.0,6770.0,,,,,,,,,,,,,,,,,,,,,
2026-07-22,COMMODITY,SH,SH,CZCE,2609,,,,2920.0,1800.0,,,2000.0,,,131582.0,101980.0,58573530.0,,,,,,,,,,,,,,,,,,,,,
2026-07-22,COMMODITY,SH,SH,CZCE,2610,,,,2000.0,1720.0,,,1760.0,,,8433.0,1912.0,1614810.0,,,,,,,,,,,,,,,,,,,,,
2026-07-22,COMMODITY,SH,SH,CZCE,2611,,,,2280.0,1820.0,,,2280.0,,,9288.0,4103.0,4436250.0,,,,,,,,,,,,,,,,,,,,,
2026-07-22,COMMODITY,SH,SH,CZCE,2612,,,,2240.0,1780.0,,,1940.0,,,268.0,39.0,47745.0,,,,,,,,,,,,,,,,,,,,,
2026-07-22,COMMODITY,SH,SH,CZCE,2701,,,,2640.0,1820.0,,,2640.0,,,3004.0,299.0,298080.0,,,,,,,,,,,,,,,,,,,,,
2026-07-22,COMMODITY,SM,SM,CZCE,2609,,,,6000.0,5700.0,,,5800.0,,,89796.0,69655.0,15264095.0,,,,,,,,,,,,,,,,,,,,,
2026-07-22,COMMODITY,SM,SM,CZCE,2610,,,,6000.0,5500.0,,,5500.0,,,8358.0,3545.0,678550.0,,,,,,,,,,,,,,,,,,,,,
2026-07-22,COMMODITY,SM,SM,CZCE,2611,,,,6500.0,5800.0,,,5700.0,,,5065.0,3187.0,1620595.0,,,,,,,,,,,,,,,,,,,,,
2026-07-22,COMMODITY,SM,SM,CZCE,2612,,,,6300.0,5600.0,,,6100.0,,,207.0,99.0,37550.0,,,,,,,,,,,,,,,,,,,,,
2026-07-22,COMMODITY,SM,SM,CZCE,2701,,,,6400.0,5800.0,,,6400.0,,,7182.0,308.0,131440.0,,,,,,,,,,,,,,,,,,,,,
2026-07-22,COMMODITY,SR,SR,CZCE,2609,,,,5500.0,5200.0,,,5200.0,,,409405.0,70903.0,18439010.0,,,,,,,,,,,,,,,,,,,,,
2026-07-22,COMMODITY,SR,SR,CZCE,2611,,,,5700.0,5100.0,,,5000.0,,,46210.0,6415.0,6121360.0,,,,,,,,,,,,,,,,,,,,,
2026-07-22,COMMODITY,SR,SR,CZCE,2701,,,,5800.0,5200.0,,,5500.0,,,105900.0,6648.0,6434880.0,,,,,,,,,,,,,,,,,,,,,
2026-07-22,COMMODITY,SR,SR,CZCE,2703,,,,6100.0,5100.0,,,6100.0,,,1037.0,11.0,4345.0,,,,,,,,,,,,,,,,,,,,,
2026-07-22,COMMODITY,SR,SR,CZCE,2705,,,,6000.0,5100.0,,,6000.0,,,1369.0,76.0,54390.0,,,,,,,,,,,,,,,,,,,,,
2026-07-22,COMMODITY,TA,TA,CZCE,2609,,,,6500.0,5000.0,,,6000.0,,,287681.0,314698.0,136520899.0,,,,,,,,,,,,,,,,,,,,,
2026-07-22,COMMODITY,TA,TA,CZCE,2610,,,,5900.0,5600.0,,,5900.0,,,19031.0,19593.0,18267460.0,,,,,,,,,,,,,,,,,,,,,
2026-07-22,COMMODITY,TA,TA,CZCE,2611,,,,6800.0,4800.0,,,6200.0,,,1342.0,7.0,3556.0,,,,,,,,,,,,,,,,,,,,,
2026-07-22,COMMODITY,TA,TA,CZCE,2612,,,,6000.0,4800.0,,,5900.0,,,1013.0,30.0,22971.0,,,,,,,,,,,,,,,,,,,,,
2026-07-22,COMMODITY,TA,TA,CZCE,2701,,,,7400.0,5000.0,,,5000.0,,,20314.0,8795.0,9507087.0,,,,,,,,,,,,,,,,,,,,,
2026-07-22,COMMODITY,TA,TA,CZCE,2703,,,,6200.0,4700.0,,,6200.0,,,443.0,59.0,88197.0,,,,,,,,,,,,,,,,,,,,,
2026-07-22,COMMODITY,UR,UR,CZCE,2609,,,,1900.0,1800.0,,,1800.0,,,149625.0,38045.0,10216610.0,,,,,,,,,,,,,,,,,,,,,
2026-07-22,COMMODITY,UR,UR,CZCE,2610,,,,1920.0,1640.0,,,1640.0,,,9414.0,2125.0,911130.0,,,,,,,,,,,,,,,,,,,,,
2026-07-22,COMMODITY,UR,UR,CZCE,2611,,,,1940.0,1580.0,,,1600.0,,,5573.0,2721.0,1061370.0,,,,,,,,,,,,,,,,,,,,,
2026-07-22,COMMODITY,UR,UR,CZCE,2612,,,,1920.0,1520.0,,,1920.0,,,534.0,36.0,10800.0,,,,,,,,,,,,,,,,,,,,,
2026-07-22,COMMODITY,UR,UR,CZCE,2701,,,,2000.0,1600.0,,,2000.0,,,4468.0,337.0,96580.0,,,,,,,,,,,,,,,,,,,,,
2026-07-22,COMMODITY,UR,UR,CZCE,2703,,,,1980.0,1620.0,,,1760.0,,,239.0,6.0,3620.0,,,,,,,,,,,,,,,,,,,,,
2026-07-22,COMMODITY,ZC,ZC,CZCE,2609,,,,560.0,560.0,,,560.0,,,0.0,0.0,0.0,,,,,,,,,,,,,,,,,,,,,
2026-07-22,COMMODITY,ZC,ZC,CZCE,2610,,,,560.0,560.0,,,560.0,,,0.0,0.0,0.0,,,,,,,,,,,,,,,,,,,,,
2026-07-22,COMMODITY,a,a,DCE,2609,,,,5000.0,4550.0,,,4600.0,,,114069.0,59909.0,15933370.0,,,,,,,,,,,,,,,,,,,,,
2026-07-22,COMMODITY,a,a,DCE,2611,,,,4800.0,4600.0,,,4800.0,,,27251.0,2512.0,1911900.0,,,,,,,,,,,,,,,,,,,,,
2026-07-22,COMMODITY,a,a,DCE,2701,,,,5200.0,4000.0,,,4000.0,,,5055.0,778.0,224375.0,,,,,,,,,,,,,,,,,,,,,
2026-07-22,COMMODITY,a,a,DCE,2703,,,,5600.0,4400.0,,,4400.0,,,184.0,0.0,0.0,,,,,,,,,,,,,,,,,,,,,
2026-07-22,COMMODITY,a,a,DCE,2705,,,,5600.0,4600.0,,,5600.0,,,80.0,1.0,690.0,,,,,,,,,,,,,,,,,,,,,
2026-07-22,COMMODITY,a,a,DCE,2707,,,,5200.0,5400.0,,,5400.0,,,3.0,0.0,0.0,,,,,,,,,,,,,,,,,,,,,
2026-07-22,COMMODITY,b,b,DCE,2609,,,,4100.0,3800.0,,,3800.0,,,42941.0,52264.0,14056380.0,,,,,,,,,,,,,,,,,,,,,
2026-07-22,COMMODITY,b,b,DCE,2610,,,,4200.0,3650.0,,,3650.0,,,1734.0,395.0,68680.0,,,,,,,,,,,,,,,,,,,,,
2026-07-22,COMMODITY,b,b,DCE,2611,,,,4000.0,3300.0,,,3500.0,,,138.0,2.0,2325.0,,,,,,,,,,,,,,,,,,,,,
2026-07-22,COMMODITY,b,b,DCE,2612,,,,4300.0,3200.0,,,3200.0,,,143.0,0.0,0.0,,,,,,,,,,,,,,,,,,,,,
2026-07-22,COMMODITY,b,b,DCE,2701,,,,4200.0,3700.0,,,3700.0,,,230.0,0.0,0.0,,,,,,,,,,,,,,,,,,,,,
2026-07-22,COMMODITY,b,b,DCE,2702,,,,3600.0,3100.0,,,3600.0,,,5.0,0.0,0.0,,,,,,,,,,,,,,,,,,,,,
2026-07-22,COMMODITY,b,b,DCE,2703,,,,3700.0,3300.0,,,3700.0,,,10.0,0.0,0.0,,,,,,,,,,,,,,,,,,,,,
2026-07-22,COMMODITY,b,b,DCE,2704,,,,4100.0,3200.0,,,4100.0,,,98.0,0.0,0.0,,,,,,,,,,,,,,,,,,,,,
2026-07-22,COMMODITY,b,b,DCE,2705,,,,3900.0,3400.0,,,3400.0,,,49.0,0.0,0.0,,,,,,,,,,,,,,,,,,,,,
2026-07-22,COMMODITY,b,b,DCE,2706,,,,3600.0,3400.0,,,3600.0,,,15.0,0.0,0.0,,,,,,,,,,,,,,,,,,,,,
2026-07-22,COMMODITY,b,b,DCE,2707,,,,3200.0,3200.0,,,3200.0,,,0.0,0.0,0.0,,,,,,,,,,,,,,,,,,,,,
2026-07-22,COMMODITY,bz,bz,DCE,2609,,,,10400.0,6500.0,,,8000.0,,,3462.0,4309.0,24383235.0,,,,,,,,,,,,,,,,,,,,,
2026-07-22,COMMODITY,bz,bz,DCE,2610,,,,8400.0,5400.0,,,8400.0,,,686.0,357.0,2019030.0,,,,,,,,,,,,,,,,,,,,,
2026-07-22,COMMODITY,bz,bz,DCE,2611,,,,8000.0,6000.0,,,7100.0,,,87.0,14.0,227040.0,,,,,,,,,,,,,,,,,,,,,
2026-07-22,COMMODITY,bz,bz,DCE,2612,,,,6600.0,5800.0,,,6900.0,,,101.0,62.0,1168200.0,,,,,,,,,,,,,,,,,,,,,
2026-07-22,COMMODITY,bz,bz,DCE,2701,,,,8400.0,5400.0,,,6600.0,,,90.0,18.0,309570.0,,,,,,,,,,,,,,,,,,,,,
2026-07-22,COMMODITY,bz,bz,DCE,2702,,,,8400.0,5200.0,,,6600.0,,,157.0,64.0,961455.0,,,,,,,,,,,,,,,,,,,,,
2026-07-22,COMMODITY,bz,bz,DCE,2703,,,,7800.0,6000.0,,,7000.0,,,94.0,73.0,1041510.0,,,,,,,,,,,,,,,,,,,,,
2026-07-22,COMMODITY,bz,bz,DCE,2704,,,,6600.0,6400.0,,,6600.0,,,70.0,190.0,3735930.0,,,,,,,,,,,,,,,,,,,,,
2026-07-22,COMMODITY,bz,bz,DCE,2705,,,,6200.0,5400.0,,,6800.0,,,54.0,58.0,727335.0,,,,,,,,,,,,,,,,,,,,,
2026-07-22,COMMODITY,bz,bz,DCE,2706,,,,6800.0,6800.0,,,6800.0,,,20.0,153.0,2531100.0,,,,,,,,,,,,,,,,,,,,,
2026-07-22,COMMODITY,c,c,DCE,2609,,,,2400.0,2260.0,,,2260.0,,,371801.0,113517.0,15421200.0,,,,,,,,,,,,,,,,,,,,,
2026-07-22,COMMODITY,c,c,DCE,2611,,,,2420.0,2200.0,,,2420.0,,,84739.0,12395.0,1584620.0,,,,,,,,,,,,,,,,,,,,,
2026-07-22,COMMODITY,c,c,DCE,2701,,,,2600.0,2200.0,,,2400.0,,,43702.0,14539.0,2135410.0,,,,,,,,,,,,,,,,,,,,,
2026-07-22,COMMODITY,c,c,DCE,2703,,,,2600.0,2040.0,,,2600.0,,,829.0,3.0,620.0,,,,,,,,,,,,,,,,,,,,,
2026-07-22,COMMODITY,c,c,DCE,2705,,,,2600.0,2280.0,,,2280.0,,,1568.0,28.0,10105.0,,,,,,,,,,,,,,,,,,,,,
2026-07-22,COMMODITY,c,c,DCE,2707,,,,2080.0,2080.0,,,2080.0,,,41.0,5.0,550.0,,,,,,,,,,,,,,,,,,,,,
2026-07-22,COMMODITY,cs,cs,DCE,2609,,,,2750.0,2650.0,,,2650.0,,,61715.0,20443.0,5637830.0,,,,,,,,,,,,,,,,,,,,,
2026-07-22,COMMODITY,cs,cs,DCE,2611,,,,2700.0,2550.0,,,2750.0,,,11587.0,2638.0,1722065.0,,,,,,,,,,,,,,,,,,,,,
2026-07-22,COMMODITY,cs,cs,DCE,2701,,,,2700.0,2300.0,,,2700.0,,,236.0,0.0,0.0,,,,,,,,,,,,,,,,,,,,,
2026-07-22,COMMODITY,cs,cs,DCE,2703,,,,3000.0,2400.0,,,2400.0,,,288.0,1.0,180.0,,,,,,,,,,,,,,,,,,,,,
2026-07-22,COMMODITY,cs,cs,DCE,2705,,,,2400.0,2400.0,,,2400.0,,,33.0,1.0,185.0,,,,,,,,,,,,,,,,,,,,,
2026-07-22,COMMODITY,cs,cs,DCE,2707,,,,2400.0,2400.0,,,2400.0,,,4.0,1.0,250.0,,,,,,,,,,,,,,,,,,,,,
2026-07-22,COMMODITY,eb,eb,DCE,2609,,,,9000.0,7500.0,,,9000.0,,,130313.0,229224.0,203605143.0,,,,,,,,,,,,,,,,,,,,,
2026-07-22,COMMODITY,eb,eb,DCE,2610,,,,9200.0,7600.0,,,8600.0,,,5382.0,4270.0,6844889.0,,,,,,,,,,,,,,,,,,,,,
2026-07-22,COMMODITY,eb,eb,DCE,2611,,,,7400.0,6400.0,,,7400.0,,,382.0,0.0,0.0,,,,,,,,,,,,,,,,,,,,,
2026-07-22,COMMODITY,eb,eb,DCE,2612,,,,9800.0,7000.0,,,7700.0,,,277.0,2.0,2945.0,,,,,,,,,,,,,,,,,,,,,
2026-07-22,COMMODITY,eb,eb,DCE,2701,,,,9600.0,7200.0,,,7200.0,,,198.0,0.0,0.0,,,,,,,,,,,,,,,,,,,,,
2026-07-22,COMMODITY,eb,eb,DCE,2702,,,,9400.0,7000.0,,,7000.0,,,240.0,0.0,0.0,,,,,,,,,,,,,,,,,,,,,
2026-07-22,COMMODITY,eb,eb,DCE,2703,,,,10400.0,7400.0,,,10400.0,,,120.0,0.0,0.0,,,,,,,,,,,,,,,,,,,,,
2026-07-22,COMMODITY,eb,eb,DCE,2704,,,,9000.0,7600.0,,,9000.0,,,137.0,0.0,0.0,,,,,,,,,,,,,,,,,,,,,
2026-07-22,COMMODITY,eb,eb,DCE,2705,,,,9400.0,6600.0,,,9400.0,,,292.0,0.0,0.0,,,,,,,,,,,,,,,,,,,,,
2026-07-22,COMMODITY,eb,eb,DCE,2706,,,,8000.0,6400.0,,,8000.0,,,7.0,0.0,0.0,,,,,,,,,,,,,,,,,,,,,
2026-07-22,COMMODITY,eg,eg,DCE,2609,,,,5500.0,4000.0,,,4500.0,,,81651.0,54810.0,53805575.0,,,,,,,,,,,,,,,,,,,,,
2026-07-22,COMMODITY,eg,eg,DCE,2610,,,,4950.0,4650.0,,,4650.0,,,5966.0,3700.0,7159950.0,,,,,,,,,,,,,,,,,,,,,
2026-07-22,COMMODITY,eg,eg,DCE,2611,,,,4800.0,3500.0,,,3500.0,,,201.0,0.0,0.0,,,,,,,,,,,,,,,,,,,,,
2026-07-22,COMMODITY,eg,eg,DCE,2612,,,,4100.0,3600.0,,,3600.0,,,120.0,0.0,0.0,,,,,,,,,,,,,,,,,,,,,
2026-07-22,COMMODITY,eg,eg,DCE,2701,,,,4700.0,3600.0,,,3600.0,,,345.0,0.0,0.0,,,,,,,,,,,,,,,,,,,,,
2026-07-22,COMMODITY,eg,eg,DCE,2702,,,,4600.0,4200.0,,,4600.0,,,81.0,0.0,0.0,,,,,,,,,,,,,,,,,,,,,
2026-07-22,COMMODITY,eg,eg,DCE,2703,,,,5400.0,3500.0,,,5400.0,,,14.0,0.0,0.0,,,,,,,,,,,,,,,,,,,,,
2026-07-22,COMMODITY,eg,eg,DCE,2704,,,,5400.0,3700.0,,,5400.0,,,29.0,0.0,0.0,,,,,,,,,,,,,,,,,,,,,
2026-07-22,COMMODITY,eg,eg,DCE,2705,,,,4800.0,3700.0,,,3700.0,,,26.0,0.0,0.0,,,,,,,,,,,,,,,,,,,,,
2026-07-22,COMMODITY,eg,eg,DCE,2706,,,,3600.0,3600.0,,,3600.0,,,0.0,0.0,0.0,,,,,,,,,,,,,,,,,,,,,
2026-07-22,COMMODITY,i,i,DCE,2609,,,,800.0,700.0,,,700.0,,,265639.0,131823.0,78360030.0,,,,,,,,,,,,,,,,,,,,,
2026-07-22,COMMODITY,i,i,DCE,2610,,,,780.0,710.0,,,740.0,,,12975.0,5431.0,4579740.0,,,,,,,,,,,,,,,,,,,,,
2026-07-22,COMMODITY,i,i,DCE,2611,,,,920.0,600.0,,,780.0,,,4030.0,1787.0,2835640.0,,,,,,,,,,,,,,,,,,,,,
2026-07-22,COMMODITY,i,i,DCE,2612,,,,900.0,740.0,,,740.0,,,620.0,0.0,0.0,,,,,,,,,,,,,,,,,,,,,
2026-07-22,COMMODITY,i,i,DCE,2701,,,,800.0,700.0,,,800.0,,,6091.0,396.0,514000.0,,,,,,,,,,,,,,,,,,,,,
2026-07-22,COMMODITY,i,i,DCE,2702,,,,740.0,720.0,,,720.0,,,354.0,2.0,5480.0,,,,,,,,,,,,,,,,,,,,,
2026-07-22,COMMODITY,i,i,DCE,2703,,,,700.0,740.0,,,740.0,,,308.0,0.0,0.0,,,,,,,,,,,,,,,,,,,,,
2026-07-22,COMMODITY,i,i,DCE,2704,,,,760.0,740.0,,,740.0,,,198.0,0.0,0.0,,,,,,,,,,,,,,,,,,,,,
2026-07-22,COMMODITY,i,i,DCE,2705,,,,780.0,740.0,,,800.0,,,633.0,4.0,14820.0,,,,,,,,,,,,,,,,,,,,,
2026-07-22,COMMODITY,i,i,DCE,2706,,,,740.0,720.0,,,720.0,,,359.0,0.0,0.0,,,,,,,,,,,,,,,,,,,,,
2026-07-22,COMMODITY,i,i,DCE,2707,,,,780.0,740.0,,,740.0,,,12.0,5.0,15060.0,,,,,,,,,,,,,,,,,,,,,
2026-07-22,COMMODITY,jd,jd,DCE,2609,,,,5000.0,4000.0,,,4000.0,,,293149.0,419362.0,215658145.0,,,,,,,,,,,,,,,,,,,,,
2026-07-22,COMMODITY,jd,jd,DCE,2610,,,,4700.0,3400.0,,,4700.0,,,32299.0,35443.0,32098345.0,,,,,,,,,,,,,,,,,,,,,
2026-07-22,COMMODITY,jd,jd,DCE,2611,,,,4400.0,3200.0,,,4400.0,,,10040.0,797.0,511130.0,,,,,,,,,,,,,,,,,,,,,
2026-07-22,COMMODITY,jd,jd,DCE,2612,,,,4600.0,4000.0,,,4000.0,,,3993.0,261.0,305380.0,,,,,,,,,,,,,,,,,,,,,
2026-07-22,COMMODITY,jd,jd,DCE,2701,,,,4400.0,3600.0,,,4000.0,,,3421.0,169.0,68870.0,,,,,,,,,,,,,,,,,,,,,
2026-07-22,COMMODITY,jd,jd,DCE,2702,,,,3800.0,3100.0,,,3800.0,,,6151.0,134.0,46765.0,,,,,,,,,,,,,,,,,,,,,
2026-07-22,COMMODITY,jd,jd,DCE,2703,,,,3700.0,2900.0,,,3700.0,,,1890.0,33.0,20015.0,,,,,,,,,,,,,,,,,,,,,
2026-07-22,COMMODITY,jd,jd,DCE,2704,,,,3700.0,3100.0,,,3700.0,,,431.0,20.0,10000.0,,,,,,,,,,,,,,,,,,,,,
2026-07-22,COMMODITY,jd,jd,DCE,2705,,,,3800.0,3000.0,,,3000.0,,,242.0,0.0,0.0,,,,,,,,,,,,,,,,,,,,,
2026-07-22,COMMODITY,jd,jd,DCE,2706,,,,3600.0,3000.0,,,3600.0,,,885.0,31.0,28485.0,,,,,,,,,,,,,,,,,,,,,
2026-07-22,COMMODITY,jm,jm,DCE,2609,,,,1600.0,1200.0,,,1200.0,,,246473.0,205001.0,219455376.0,,,,,,,,,,,,,,,,,,,,,
2026-07-22,COMMODITY,jm,jm,DCE,2610,,,,1300.0,1300.0,,,1300.0,,,8302.0,4117.0,6829488.0,,,,,,,,,,,,,,,,,,,,,
2026-07-22,COMMODITY,jm,jm,DCE,2611,,,,1600.0,1280.0,,,1640.0,,,485.0,1.0,480.0,,,,,,,,,,,,,,,,,,,,,
2026-07-22,COMMODITY,jm,jm,DCE,2612,,,,1520.0,1080.0,,,1080.0,,,765.0,0.0,0.0,,,,,,,,,,,,,,,,,,,,,
2026-07-22,COMMODITY,jm,jm,DCE,2701,,,,1560.0,1360.0,,,1360.0,,,14514.0,380.0,630966.0,,,,,,,,,,,,,,,,,,,,,
2026-07-22,COMMODITY,jm,jm,DCE,2702,,,,1840.0,1200.0,,,1840.0,,,463.0,1.0,1518.0,,,,,,,,,,,,,,,,,,,,,
2026-07-22,COMMODITY,jm,jm,DCE,2703,,,,1760.0,1280.0,,,1280.0,,,510.0,0.0,0.0,,,,,,,,,,,,,,,,,,,,,
2026-07-22,COMMODITY,jm,jm,DCE,2704,,,,1840.0,1240.0,,,1240.0,,,271.0,0.0,0.0,,,,,,,,,,,,,,,,,,,,,
2026-07-22,COMMODITY,jm,jm,DCE,2705,,,,1880.0,1280.0,,,1880.0,,,467.0,0.0,0.0,,,,,,,,,,,,,,,,,,,,,
2026-07-22,COMMODITY,jm,jm,DCE,2706,,,,1760.0,1440.0,,,1440.0,,,333.0,0.0,0.0,,,,,,,,,,,,,,,,,,,,,
2026-07-22,COMMODITY,jm,jm,DCE,2707,,,,1680.0,1280.0,,,1280.0,,,4.0,0.0,0.0,,,,,,,,,,,,,,,,,,,,,
2026-07-22,COMMODITY,l,l,DCE,2609,,,,8500.0,7000.0,,,7000.0,,,40704.0,12630.0,6819790.0,,,,,,,,,,,,,,,,,,,,,
2026-07-22,COMMODITY,l,l,DCE,2610,,,,8400.0,7100.0,,,7400.0,,,7342.0,2286.0,2201086.0,,,,,,,,,,,,,,,,,,,,,
2026-07-22,COMMODITY,l,l,DCE,2611,,,,8100.0,6900.0,,,8400.0,,,114.0,6.0,4700.0,,,,,,,,,,,,,,,,,,,,,
2026-07-22,COMMODITY,l,l,DCE,2612,,,,6400.0,5600.0,,,5600.0,,,56.0,0.0,0.0,,,,,,,,,,,,,,,,,,,,,
2026-07-22,COMMODITY,l,l,DCE,2701,,,,6600.0,6000.0,,,6600.0,,,297.0,0.0,0.0,,,,,,,,,,,,,,,,,,,,,
2026-07-22,COMMODITY,l,l,DCE,2702,,,,9000.0,6000.0,,,6000.0,,,52.0,0.0,0.0,,,,,,,,,,,,,,,,,,,,,
2026-07-22,COMMODITY,l,l,DCE,2703,,,,8200.0,7200.0,,,7200.0,,,20.0,0.0,0.0,,,,,,,,,,,,,,,,,,,,,
2026-07-22,COMMODITY,l,l,DCE,2704,,,,9200.0,7000.0,,,9200.0,,,65.0,0.0,0.0,,,,,,,,,,,,,,,,,,,,,
2026-07-22,COMMODITY,l,l,DCE,2705,,,,8600.0,6000.0,,,8600.0,,,13.0,0.0,0.0,,,,,,,,,,,,,,,,,,,,,
2026-07-22,COMMODITY,l,l,DCE,2706,,,,7800.0,6600.0,,,7800.0,,,18.0,0.0,0.0,,,,,,,,,,,,,,,,,,,,,
2026-07-22,COMMODITY,l,l,DCE,2707,,,,6400.0,6400.0,,,6400.0,,,0.0,0.0,0.0,,,,,,,,,,,,,,,,,,,,,
2026-07-22,COMMODITY,lg,lg,DCE,2609,,,,850.0,800.0,,,800.0,,,8552.0,1124.0,452095.0,,,,,,,,,,,,,,,,,,,,,
2026-07-22,COMMODITY,lg,lg,DCE,2611,,,,950.0,800.0,,,900.0,,,2144.0,271.0,1494991.0,,,,,,,,,,,,,,,,,,,,,
2026-07-22,COMMODITY,lg,lg,DCE,2701,,,,900.0,800.0,,,850.0,,,321.0,7.0,5041.0,,,,,,,,,,,,,,,,,,,,,
2026-07-22,COMMODITY,lg,lg,DCE,2703,,,,900.0,750.0,,,900.0,,,150.0,24.0,14580.0,,,,,,,,,,,,,,,,,,,,,
2026-07-22,COMMODITY,lg,lg,DCE,2705,,,,950.0,750.0,,,850.0,,,111.0,100.0,93713.0,,,,,,,,,,,,,,,,,,,,,
2026-07-22,COMMODITY,lh,lh,DCE,2609,,,,16000.0,10400.0,,,13000.0,,,113399.0,64217.0,105215920.0,,,,,,,,,,,,,,,,,,,,,
2026-07-22,COMMODITY,lh,lh,DCE,2611,,,,15200.0,10800.0,,,15200.0,,,27459.0,5885.0,21335240.0,,,,,,,,,,,,,,,,,,,,,
2026-07-22,COMMODITY,lh,lh,DCE,2701,,,,15200.0,13200.0,,,15200.0,,,5768.0,274.0,1298720.0,,,,,,,,,,,,,,,,,,,,,
2026-07-22,COMMODITY,lh,lh,DCE,2703,,,,14400.0,11200.0,,,14400.0,,,4364.0,91.0,310920.0,,,,,,,,,,,,,,,,,,,,,
2026-07-22,COMMODITY,lh,lh,DCE,2705,,,,15200.0,12000.0,,,15200.0,,,1272.0,67.0,345640.0,,,,,,,,,,,,,,,,,,,,,
2026-07-22,COMMODITY,m,m,DCE,2609,,,,3400.0,2950.0,,,3100.0,,,619527.0,418475.0,131373545.0,,,,,,,,,,,,,,,,,,,,,
2026-07-22,COMMODITY,m,m,DCE,2611,,,,3500.0,2900.0,,,3150.0,,,56689.0,16367.0,8980230.0,,,,,,,,,,,,,,,,,,,,,
2026-07-22,COMMODITY,m,m,DCE,2612,,,,3400.0,2600.0,,,3500.0,,,1808.0,1537.0,521225.0,,,,,,,,,,,,,,,,,,,,,
2026-07-22,COMMODITY,m,m,DCE,2701,,,,3500.0,2900.0,,,2900.0,,,19542.0,4182.0,2155800.0,,,,,,,,,,,,,,,,,,,,,
2026-07-22,COMMODITY,m,m,DCE,2703,,,,3200.0,2900.0,,,2900.0,,,1079.0,38.0,10200.0,,,,,,,,,,,,,,,,,,,,,
2026-07-22,COMMODITY,m,m,DCE,2705,,,,3100.0,2700.0,,,2700.0,,,13221.0,582.0,319300.0,,,,,,,,,,,,,,,,,,,,,
2026-07-22,COMMODITY,m,m,DCE,2707,,,,3000.0,2600.0,,,2600.0,,,123.0,2.0,1800.0,,,,,,,,,,,,,,,,,,,,,
2026-07-22,COMMODITY,p,p,DCE,2609,,,,10000.0,9000.0,,,10000.0,,,218259.0,145088.0,91382555.0,,,,,,,,,,,,,,,,,,,,,
2026-07-22,COMMODITY,p,p,DCE,2610,,,,10000.0,9100.0,,,9100.0,,,9036.0,3285.0,4996860.0,,,,,,,,,,,,,,,,,,,,,
2026-07-22,COMMODITY,p,p,DCE,2611,,,,10400.0,8000.0,,,8000.0,,,1018.0,147.0,65400.0,,,,,,,,,,,,,,,,,,,,,
2026-07-22,COMMODITY,p,p,DCE,2612,,,,9800.0,7200.0,,,9800.0,,,265.0,0.0,0.0,,,,,,,,,,,,,,,,,,,,,
2026-07-22,COMMODITY,p,p,DCE,2701,,,,11600.0,9000.0,,,11600.0,,,3936.0,874.0,1927630.0,,,,,,,,,,,,,,,,,,,,,
2026-07-22,COMMODITY,p,p,DCE,2702,,,,11600.0,8800.0,,,11200.0,,,166.0,76.0,93400.0,,,,,,,,,,,,,,,,,,,,,
2026-07-22,COMMODITY,p,p,DCE,2703,,,,11600.0,8400.0,,,11600.0,,,54.0,20.0,24870.0,,,,,,,,,,,,,,,,,,,,,
2026-07-22,COMMODITY,p,p,DCE,2704,,,,11600.0,8800.0,,,11600.0,,,295.0,27.0,63065.0,,,,,,,,,,,,,,,,,,,,,
2026-07-22,COMMODITY,p,p,DCE,2705,,,,10000.0,9400.0,,,10000.0,,,378.0,33.0,126735.0,,,,,,,,,,,,,,,,,,,,,
2026-07-22,COMMODITY,p,p,DCE,2706,,,,10800.0,8400.0,,,10800.0,,,42.0,3.0,8005.0,,,,,,,,,,,,,,,,,,,,,
2026-07-22,COMMODITY,p,p,DCE,2707,,,,9800.0,9200.0,,,9200.0,,,8.0,0.0,0.0,,,,,,,,,,,,,,,,,,,,,
2026-07-22,COMMODITY,pg,pg,DCE,2609,,,,7000.0,4500.0,,,7000.0,,,12456.0,15624.0,23159508.0,,,,,,,,,,,,,,,,,,,,,
2026-07-22,COMMODITY,pg,pg,DCE,2610,,,,7200.0,5650.0,,,6100.0,,,1379.0,737.0,2869240.0,,,,,,,,,,,,,,,,,,,,,
2026-07-22,COMMODITY,pg,pg,DCE,2611,,,,4700.0,4000.0,,,4000.0,,,174.0,0.0,0.0,,,,,,,,,,,,,,,,,,,,,
2026-07-22,COMMODITY,pg,pg,DCE,2612,,,,4200.0,3700.0,,,4200.0,,,69.0,0.0,0.0,,,,,,,,,,,,,,,,,,,,,
2026-07-22,COMMODITY,pg,pg,DCE,2701,,,,3900.0,4300.0,,,3900.0,,,58.0,0.0,0.0,,,,,,,,,,,,,,,,,,,,,
2026-07-22,COMMODITY,pg,pg,DCE,2702,,,,4100.0,3800.0,,,4100.0,,,39.0,0.0,0.0,,,,,,,,,,,,,,,,,,,,,
2026-07-22,COMMODITY,pg,pg,DCE,2703,,,,5200.0,4600.0,,,3800.0,,,147.0,1.0,1220.0,,,,,,,,,,,,,,,,,,,,,
2026-07-22,COMMODITY,pg,pg,DCE,2704,,,,6000.0,4900.0,,,4100.0,,,77.0,1.0,1700.0,,,,,,,,,,,,,,,,,,,,,
2026-07-22,COMMODITY,pg,pg,DCE,2705,,,,5600.0,4100.0,,,4000.0,,,80.0,1.0,1912.0,,,,,,,,,,,,,,,,,,,,,
2026-07-22,COMMODITY,pg,pg,DCE,2706,,,,5200.0,4000.0,,,5200.0,,,3.0,0.0,0.0,,,,,,,,,,,,,,,,,,,,,
2026-07-22,COMMODITY,pp,pp,DCE,2609,,,,8400.0,7000.0,,,8400.0,,,64361.0,18311.0,12816723.0,,,,,,,,,,,,,,,,,,,,,
2026-07-22,COMMODITY,pp,pp,DCE,2610,,,,8800.0,7400.0,,,8000.0,,,8529.0,8114.0,10402575.0,,,,,,,,,,,,,,,,,,,,,
2026-07-22,COMMODITY,pp,pp,DCE,2611,,,,8700.0,6000.0,,,8700.0,,,1122.0,1584.0,1918513.0,,,,,,,,,,,,,,,,,,,,,
2026-07-22,COMMODITY,pp,pp,DCE,2612,,,,7600.0,5600.0,,,7600.0,,,168.0,5.0,1434.0,,,,,,,,,,,,,,,,,,,,,
2026-07-22,COMMODITY,pp,pp,DCE,2701,,,,7600.0,5800.0,,,7600.0,,,217.0,1.0,308.0,,,,,,,,,,,,,,,,,,,,,
2026-07-22,COMMODITY,pp,pp,DCE,2702,,,,9200.0,6800.0,,,6800.0,,,57.0,0.0,0.0,,,,,,,,,,,,,,,,,,,,,
2026-07-22,COMMODITY,pp,pp,DCE,2703,,,,8600.0,6000.0,,,8600.0,,,94.0,0.0,0.0,,,,,,,,,,,,,,,,,,,,,
2026-07-22,COMMODITY,pp,pp,DCE,2704,,,,9200.0,7000.0,,,7000.0,,,73.0,0.0,0.0,,,,,,,,,,,,,,,,,,,,,
2026-07-22,COMMODITY,pp,pp,DCE,2705,,,,7600.0,6800.0,,,7400.0,,,19.0,6.0,19800.0,,,,,,,,,,,,,,,,,,,,,
2026-07-22,COMMODITY,pp,pp,DCE,2706,,,,8200.0,6000.0,,,8200.0,,,4.0,0.0,0.0,,,,,,,,,,,,,,,,,,,,,
2026-07-22,COMMODITY,pp,pp,DCE,2707,,,,6600.0,6600.0,,,6600.0,,,0.0,0.0,0.0,,,,,,,,,,,,,,,,,,,,,
2026-07-22,COMMODITY,v,v,DCE,2609,,,,6000.0,4400.0,,,5000.0,,,197529.0,124972.0,37973836.0,,,,,,,,,,,,,,,,,,,,,
2026-07-22,COMMODITY,v,v,DCE,2610,,,,7000.0,4300.0,,,4800.0,,,23245.0,5430.0,2100846.0,,,,,,,,,,,,,,,,,,,,,
2026-07-22,COMMODITY,v,v,DCE,2611,,,,6800.0,4700.0,,,4800.0,,,2130.0,356.0,182765.0,,,,,,,,,,,,,,,,,,,,,
2026-07-22,COMMODITY,v,v,DCE,2612,,,,5000.0,4600.0,,,5000.0,,,290.0,8.0,3310.0,,,,,,,,,,,,,,,,,,,,,
2026-07-22,COMMODITY,v,v,DCE,2701,,,,5200.0,4500.0,,,5200.0,,,966.0,28.0,12769.0,,,,,,,,,,,,,,,,,,,,,
2026-07-22,COMMODITY,v,v,DCE,2702,,,,6200.0,4600.0,,,6200.0,,,101.0,1.0,440.0,,,,,,,,,,,,,,,,,,,,,
2026-07-22,COMMODITY,v,v,DCE,2703,,,,4600.0,4600.0,,,4600.0,,,71.0,0.0,0.0,,,,,,,,,,,,,,,,,,,,,
2026-07-22,COMMODITY,v,v,DCE,2704,,,,5600.0,4700.0,,,5000.0,,,44.0,4.0,3479.0,,,,,,,,,,,,,,,,,,,,,
2026-07-22,COMMODITY,v,v,DCE,2705,,,,6000.0,4500.0,,,6000.0,,,51.0,4.0,3288.0,,,,,,,,,,,,,,,,,,,,,
2026-07-22,COMMODITY,v,v,DCE,2706,,,,5600.0,4500.0,,,4500.0,,,22.0,0.0,0.0,,,,,,,,,,,,,,,,,,,,,
2026-07-22,COMMODITY,v,v,DCE,2707,,,,5600.0,4500.0,,,5600.0,,,3.0,0.0,0.0,,,,,,,,,,,,,,,,,,,,,
2026-07-22,COMMODITY,y,y,DCE,2609,,,,9000.0,8200.0,,,8400.0,,,108353.0,89248.0,33134190.0,,,,,,,,,,,,,,,,,,,,,
2026-07-22,COMMODITY,y,y,DCE,2611,,,,8800.0,8300.0,,,8400.0,,,6295.0,1929.0,1562550.0,,,,,,,,,,,,,,,,,,,,,
2026-07-22,COMMODITY,y,y,DCE,2612,,,,8800.0,7000.0,,,8800.0,,,3194.0,1337.0,1113775.0,,,,,,,,,,,,,,,,,,,,,
2026-07-22,COMMODITY,y,y,DCE,2701,,,,9800.0,7800.0,,,9000.0,,,596.0,61.0,61580.0,,,,,,,,,,,,,,,,,,,,,
2026-07-22,COMMODITY,y,y,DCE,2703,,,,9800.0,7200.0,,,9800.0,,,916.0,0.0,0.0,,,,,,,,,,,,,,,,,,,,,
2026-07-22,COMMODITY,y,y,DCE,2705,,,,9200.0,7800.0,,,9200.0,,,841.0,10.0,10790.0,,,,,,,,,,,,,,,,,,,,,
2026-07-22,COMMODITY,y,y,DCE,2707,,,,8200.0,8000.0,,,8000.0,,,14.0,2.0,6270.0,,,,,,,,,,,,,,,,,,,,,
2026-07-22,COMMODITY,lc,lc,GFEX,2609,,,,180000.0,130000.0,,,160000.0,,,266069.0,484044.0,1394638650.0,,,,,,,,,,,,,,,,,,,,,
2026-07-22,COMMODITY,lc,lc,GFEX,2610,,,,150000.0,100000.0,,,100000.0,,,2062.0,460.0,1195480.0,,,,,,,,,,,,,,,,,,,,,
2026-07-22,COMMODITY,lc,lc,GFEX,2611,,,,160000.0,180000.0,,,160000.0,,,2769.0,189.0,1175890.0,,,,,,,,,,,,,,,,,,,,,
2026-07-22,COMMODITY,lc,lc,GFEX,2612,,,,246000.0,87000.0,,,198000.0,,,789.0,16.0,27840.0,,,,,,,,,,,,,,,,,,,,,
2026-07-22,COMMODITY,lc,lc,GFEX,2701,,,,180000.0,110000.0,,,110000.0,,,2862.0,457.0,2647530.0,,,,,,,,,,,,,,,,,,,,,
2026-07-22,COMMODITY,lc,lc,GFEX,2702,,,,246000.0,120000.0,,,246000.0,,,277.0,0.0,0.0,,,,,,,,,,,,,,,,,,,,,
2026-07-22,COMMODITY,lc,lc,GFEX,2703,,,,244000.0,116000.0,,,130000.0,,,260.0,4.0,43820.0,,,,,,,,,,,,,,,,,,,,,
2026-07-22,COMMODITY,lc,lc,GFEX,2704,,,,216000.0,136000.0,,,216000.0,,,294.0,0.0,0.0,,,,,,,,,,,,,,,,,,,,,
2026-07-22,COMMODITY,lc,lc,GFEX,2705,,,,220000.0,140000.0,,,108000.0,,,598.0,179.0,1176030.0,,,,,,,,,,,,,,,,,,,,,
2026-07-22,COMMODITY,lc,lc,GFEX,2706,,,,202000.0,140000.0,,,150000.0,,,201.0,43.0,471630.0,,,,,,,,,,,,,,,,,,,,,
2026-07-22,COMMODITY,pd,pd,GFEX,2610,,,,672.0,288.0,,,304.0,,,1109.0,308.0,3353050.0,,,,,,,,,,,,,,,,,,,,,
2026-07-22,COMMODITY,pd,pd,GFEX,2612,,,,496.0,284.0,,,284.0,,,146.0,33.0,271150.0,,,,,,,,,,,,,,,,,,,,,
2026-07-22,COMMODITY,pd,pd,GFEX,2702,,,,568.0,212.0,,,568.0,,,56.0,0.0,0.0,,,,,,,,,,,,,,,,,,,,,
2026-07-22,COMMODITY,pd,pd,GFEX,2704,,,,480.0,216.0,,,480.0,,,35.0,0.0,0.0,,,,,,,,,,,,,,,,,,,,,
2026-07-22,COMMODITY,pd,pd,GFEX,2706,,,,424.0,220.0,,,424.0,,,72.0,0.0,0.0,,,,,,,,,,,,,,,,,,,,,
2026-07-22,COMMODITY,ps,ps,GFEX,2609,,,,50000.0,32000.0,,,38000.0,,,149403.0,143460.0,163275159.0,,,,,,,,,,,,,,,,,,,,,
2026-07-22,COMMODITY,ps,ps,GFEX,2610,,,,50000.0,30500.0,,,36000.0,,,1927.0,246.0,369672.0,,,,,,,,,,,,,,,,,,,,,
2026-07-22,COMMODITY,ps,ps,GFEX,2611,,,,60000.0,31000.0,,,38000.0,,,1803.0,255.0,698226.0,,,,,,,,,,,,,,,,,,,,,
2026-07-22,COMMODITY,ps,ps,GFEX,2612,,,,32000.0,32000.0,,,32000.0,,,1000.0,171.0,2595030.0,,,,,,,,,,,,,,,,,,,,,
2026-07-22,COMMODITY,ps,ps,GFEX,2701,,,,40000.0,32000.0,,,40000.0,,,778.0,55.0,325884.0,,,,,,,,,,,,,,,,,,,,,
2026-07-22,COMMODITY,ps,ps,GFEX,2702,,,,54000.0,32000.0,,,54000.0,,,184.0,7.0,15414.0,,,,,,,,,,,,,,,,,,,,,
2026-07-22,COMMODITY,ps,ps,GFEX,2703,,,,50000.0,32500.0,,,47000.0,,,142.0,21.0,87051.0,,,,,,,,,,,,,,,,,,,,,
2026-07-22,COMMODITY,ps,ps,GFEX,2704,,,,44000.0,42000.0,,,44000.0,,,165.0,13.0,58245.0,,,,,,,,,,,,,,,,,,,,,
2026-07-22,COMMODITY,ps,ps,GFEX,2705,,,,47000.0,32000.0,,,32000.0,,,46.0,15.0,81597.0,,,,,,,,,,,,,,,,,,,,,
2026-07-22,COMMODITY,ps,ps,GFEX,2706,,,,49000.0,35500.0,,,34000.0,,,48.0,14.0,87525.0,,,,,,,,,,,,,,,,,,,,,
2026-07-22,COMMODITY,pt,pt,GFEX,2610,,,,912.0,348.0,,,416.0,,,2089.0,476.0,6146350.0,,,,,,,,,,,,,,,,,,,,,
2026-07-22,COMMODITY,pt,pt,GFEX,2612,,,,920.0,320.0,,,472.0,,,1080.0,90.0,1038700.0,,,,,,,,,,,,,,,,,,,,,
2026-07-22,COMMODITY,pt,pt,GFEX,2702,,,,728.0,288.0,,,488.0,,,333.0,87.0,658750.0,,,,,,,,,,,,,,,,,,,,,
2026-07-22,COMMODITY,pt,pt,GFEX,2704,,,,664.0,360.0,,,536.0,,,229.0,40.0,394450.0,,,,,,,,,,,,,,,,,,,,,
2026-07-22,COMMODITY,pt,pt,GFEX,2706,,,,512.0,300.0,,,416.0,,,42.0,6.0,204300.0,,,,,,,,,,,,,,,,,,,,,
2026-07-22,COMMODITY,si,si,GFEX,2609,,,,10800.0,8000.0,,,8000.0,,,160250.0,86520.0,24645625.0,,,,,,,,,,,,,,,,,,,,,
2026-07-22,COMMODITY,si,si,GFEX,2610,,,,9000.0,8100.0,,,9000.0,,,8886.0,2837.0,1713170.0,,,,,,,,,,,,,,,,,,,,,
2026-07-22,COMMODITY,si,si,GFEX,2611,,,,9000.0,7000.0,,,9000.0,,,574.0,105.0,44625.0,,,,,,,,,,,,,,,,,,,,,
2026-07-22,COMMODITY,si,si,GFEX,2612,,,,9000.0,7300.0,,,9000.0,,,541.0,0.0,0.0,,,,,,,,,,,,,,,,,,,,,
2026-07-22,COMMODITY,si,si,GFEX,2701,,,,10200.0,7400.0,,,10200.0,,,1473.0,13.0,4970.0,,,,,,,,,,,,,,,,,,,,,
2026-07-22,COMMODITY,si,si,GFEX,2702,,,,10000.0,8400.0,,,10000.0,,,293.0,0.0,0.0,,,,,,,,,,,,,,,,,,,,,
2026-07-22,COMMODITY,si,si,GFEX,2703,,,,10200.0,8200.0,,,8200.0,,,361.0,0.0,0.0,,,,,,,,,,,,,,,,,,,,,
2026-07-22,COMMODITY,si,si,GFEX,2704,,,,7900.0,8200.0,,,7900.0,,,213.0,0.0,0.0,,,,,,,,,,,,,,,,,,,,,
2026-07-22,COMMODITY,si,si,GFEX,2705,,,,9000.0,7800.0,,,9000.0,,,539.0,1.0,2560.0,,,,,,,,,,,,,,,,,,,,,
2026-07-22,COMMODITY,si,si,GFEX,2706,,,,8300.0,8100.0,,,8300.0,,,137.0,0.0,0.0,,,,,,,,,,,,,,,,,,,,,
2026-07-22,COMMODITY,si,si,GFEX,2707,,,,9600.0,8400.0,,,9600.0,,,49.0,94.0,205835.0,,,,,,,,,,,,,,,,,,,,,
2026-07-22,COMMODITY,ad,ad,SHFE,2608,,,,25200.0,21000.0,,,23000.0,,,2513.0,638.0,303880.0,,,,,,,,,,,,,,,,,,,,,
2026-07-22,COMMODITY,ad,ad,SHFE,2609,,,,23200.0,21200.0,,,23200.0,,,771.0,115.0,190240.0,,,,,,,,,,,,,,,,,,,,,
2026-07-22,COMMODITY,ag,ag,SHFE,2608,,,,15000.0,13000.0,,,15000.0,,,245177.0,827596.0,1919080920.0,,,,,,,,,,,,,,,,,,,,,
2026-07-22,COMMODITY,ag,ag,SHFE,2609,,,,16000.0,13000.0,,,15000.0,,,21223.0,20914.0,113311969.0,,,,,,,,,,,,,,,,,,,,,
2026-07-22,COMMODITY,ag,ag,SHFE,2610,,,,15000.0,13000.0,,,15000.0,,,34625.0,14145.0,132711586.0,,,,,,,,,,,,,,,,,,,,,
2026-07-22,COMMODITY,ag,ag,SHFE,2612,,,,35900.0,11500.0,,,35900.0,,,17033.0,1276.0,11428613.0,,,,,,,,,,,,,,,,,,,,,
2026-07-22,COMMODITY,al,al,SHFE,2608,,,,24000.0,22000.0,,,23000.0,,,97556.0,99211.0,36491140.0,,,,,,,,,,,,,,,,,,,,,
2026-07-22,COMMODITY,al,al,SHFE,2609,,,,24000.0,22000.0,,,24000.0,,,46250.0,24021.0,17212650.0,,,,,,,,,,,,,,,,,,,,,
2026-07-22,COMMODITY,al,al,SHFE,2610,,,,27800.0,22000.0,,,21000.0,,,3332.0,1871.0,1920360.0,,,,,,,,,,,,,,,,,,,,,
2026-07-22,COMMODITY,al,al,SHFE,2611,,,,25800.0,19900.0,,,19900.0,,,502.0,13.0,6325.0,,,,,,,,,,,,,,,,,,,,,
2026-07-22,COMMODITY,al,al,SHFE,2612,,,,27800.0,21000.0,,,25200.0,,,1608.0,32.0,18050.0,,,,,,,,,,,,,,,,,,,,,
2026-07-22,COMMODITY,al,al,SHFE,2701,,,,26200.0,20400.0,,,20600.0,,,30.0,22.0,16765.0,,,,,,,,,,,,,,,,,,,,,
2026-07-22,COMMODITY,ao,ao,SHFE,2608,,,,2800.0,2600.0,,,2800.0,,,85230.0,93439.0,21963810.0,,,,,,,,,,,,,,,,,,,,,
2026-07-22,COMMODITY,ao,ao,SHFE,2609,,,,3000.0,2650.0,,,3000.0,,,106041.0,23741.0,13402660.0,,,,,,,,,,,,,,,,,,,,,
2026-07-22,COMMODITY,ao,ao,SHFE,2610,,,,2800.0,2500.0,,,2800.0,,,7068.0,1051.0,798920.0,,,,,,,,,,,,,,,,,,,,,
2026-07-22,COMMODITY,ao,ao,SHFE,2611,,,,2850.0,2600.0,,,3100.0,,,82.0,4.0,2110.0,,,,,,,,,,,,,,,,,,,,,
2026-07-22,COMMODITY,ao,ao,SHFE,2701,,,,3500.0,2750.0,,,3500.0,,,560.0,30.0,28510.0,,,,,,,,,,,,,,,,,,,,,
2026-07-22,COMMODITY,au,au,SHFE,2608,,,,1000.0,800.0,,,920.0,,,80543.0,257966.0,1224212180.0,,,,,,,,,,,,,,,,,,,,,
2026-07-22,COMMODITY,au,au,SHFE,2609,,,,952.0,800.0,,,952.0,,,2905.0,2128.0,16700940.0,,,,,,,,,,,,,,,,,,,,,
2026-07-22,COMMODITY,au,au,SHFE,2610,,,,1000.0,800.0,,,1000.0,,,26656.0,7819.0,135021840.0,,,,,,,,,,,,,,,,,,,,,
2026-07-22,COMMODITY,au,au,SHFE,2612,,,,960.0,880.0,,,960.0,,,12300.0,1730.0,48674900.0,,,,,,,,,,,,,,,,,,,,,
2026-07-22,COMMODITY,bc,bc,SHFE,2608,,,,97000.0,80000.0,,,94000.0,,,2863.0,2043.0,4249170.0,,,,,,,,,,,,,,,,,,,,,
2026-07-22,COMMODITY,bc,bc,SHFE,2609,,,,112000.0,80000.0,,,112000.0,,,2342.0,1705.0,6957460.0,,,,,,,,,,,,,,,,,,,,,
2026-07-22,COMMODITY,br,br,SHFE,2608,,,,15000.0,13000.0,,,13000.0,,,41147.0,98073.0,38498460.0,,,,,,,,,,,,,,,,,,,,,
2026-07-22,COMMODITY,br,br,SHFE,2609,,,,14000.0,12000.0,,,12000.0,,,10454.0,7034.0,6541145.0,,,,,,,,,,,,,,,,,,,,,
2026-07-22,COMMODITY,br,br,SHFE,2610,,,,16600.0,11000.0,,,13600.0,,,1180.0,809.0,681890.0,,,,,,,,,,,,,,,,,,,,,
2026-07-22,COMMODITY,br,br,SHFE,2611,,,,15800.0,11400.0,,,11400.0,,,191.0,12.0,9230.0,,,,,,,,,,,,,,,,,,,,,
2026-07-22,COMMODITY,bu,bu,SHFE,2608,,,,4500.0,4000.0,,,4300.0,,,82718.0,109550.0,27963165.0,,,,,,,,,,,,,,,,,,,,,
2026-07-22,COMMODITY,bu,bu,SHFE,2609,,,,4500.0,3500.0,,,4000.0,,,23044.0,7228.0,5786055.0,,,,,,,,,,,,,,,,,,,,,
2026-07-22,COMMODITY,bu,bu,SHFE,2610,,,,4050.0,3200.0,,,4050.0,,,1015.0,173.0,199650.0,,,,,,,,,,,,,,,,,,,,,
2026-07-22,COMMODITY,bu,bu,SHFE,2612,,,,4100.0,3100.0,,,4350.0,,,62.0,2.0,1650.0,,,,,,,,,,,,,,,,,,,,,
2026-07-22,COMMODITY,cu,cu,SHFE,2608,,,,106000.0,100000.0,,,106000.0,,,87445.0,255662.0,756566900.0,,,,,,,,,,,,,,,,,,,,,
2026-07-22,COMMODITY,cu,cu,SHFE,2609,,,,110000.0,100000.0,,,110000.0,,,39933.0,38149.0,200108750.0,,,,,,,,,,,,,,,,,,,,,
2026-07-22,COMMODITY,cu,cu,SHFE,2610,,,,110000.0,96000.0,,,96000.0,,,14661.0,7590.0,61500060.0,,,,,,,,,,,,,,,,,,,,,
2026-07-22,COMMODITY,cu,cu,SHFE,2611,,,,110000.0,80000.0,,,106000.0,,,4035.0,1545.0,17289320.0,,,,,,,,,,,,,,,,,,,,,
2026-07-22,COMMODITY,cu,cu,SHFE,2612,,,,110000.0,78000.0,,,110000.0,,,2531.0,81.0,731390.0,,,,,,,,,,,,,,,,,,,,,
2026-07-22,COMMODITY,cu,cu,SHFE,2701,,,,110000.0,84000.0,,,116000.0,,,844.0,48.0,784980.0,,,,,,,,,,,,,,,,,,,,,
2026-07-22,COMMODITY,cu,cu,SHFE,2702,,,,120000.0,86000.0,,,102000.0,,,192.0,47.0,971240.0,,,,,,,,,,,,,,,,,,,,,
2026-07-22,COMMODITY,cu,cu,SHFE,2703,,,,114000.0,84000.0,,,110000.0,,,805.0,22.0,287710.0,,,,,,,,,,,,,,,,,,,,,
2026-07-22,COMMODITY,cu,cu,SHFE,2704,,,,112000.0,98000.0,,,112000.0,,,2273.0,74.0,1920110.0,,,,,,,,,,,,,,,,,,,,,
2026-07-22,COMMODITY,fu,fu,SHFE,2609,,,,5700.0,3000.0,,,4000.0,,,115900.0,162842.0,182219290.0,,,,,,,,,,,,,,,,,,,,,
2026-07-22,COMMODITY,fu,fu,SHFE,2610,,,,3500.0,2600.0,,,3500.0,,,6565.0,2664.0,4365570.0,,,,,,,,,,,,,,,,,,,,,
2026-07-22,COMMODITY,fu,fu,SHFE,2611,,,,4600.0,2700.0,,,4600.0,,,1748.0,595.0,583710.0,,,,,,,,,,,,,,,,,,,,,
2026-07-22,COMMODITY,fu,fu,SHFE,2701,,,,3500.0,2200.0,,,3500.0,,,736.0,152.0,299390.0,,,,,,,,,,,,,,,,,,,,,
2026-07-22,COMMODITY,ni,ni,SHFE,2608,,,,140000.0,120000.0,,,140000.0,,,73953.0,167282.0,103247124.0,,,,,,,,,,,,,,,,,,,,,
2026-07-22,COMMODITY,ni,ni,SHFE,2609,,,,140000.0,120000.0,,,140000.0,,,21827.0,11758.0,16092756.0,,,,,,,,,,,,,,,,,,,,,
2026-07-22,COMMODITY,ni,ni,SHFE,2610,,,,152000.0,132000.0,,,132000.0,,,1389.0,1095.0,1583524.0,,,,,,,,,,,,,,,,,,,,,
2026-07-22,COMMODITY,ni,ni,SHFE,2611,,,,148000.0,116000.0,,,116000.0,,,162.0,123.0,121032.0,,,,,,,,,,,,,,,,,,,,,
2026-07-22,COMMODITY,ni,ni,SHFE,2612,,,,148000.0,110000.0,,,118000.0,,,235.0,228.0,307720.0,,,,,,,,,,,,,,,,,,,,,
2026-07-22,COMMODITY,nr,nr,SHFE,2608,,,,16000.0,13000.0,,,13000.0,,,11098.0,7767.0,3141870.0,,,,,,,,,,,,,,,,,,,,,
2026-07-22,COMMODITY,nr,nr,SHFE,2609,,,,15000.0,13000.0,,,15000.0,,,3448.0,673.0,966270.0,,,,,,,,,,,,,,,,,,,,,
2026-07-22,COMMODITY,nr,nr,SHFE,2610,,,,17800.0,13400.0,,,15600.0,,,375.0,49.0,41620.0,,,,,,,,,,,,,,,,,,,,,
2026-07-22,COMMODITY,nr,nr,SHFE,2611,,,,18000.0,13400.0,,,13400.0,,,502.0,829.0,1482740.0,,,,,,,,,,,,,,,,,,,,,
2026-07-22,COMMODITY,nr,nr,SHFE,2701,,,,17600.0,12400.0,,,17800.0,,,819.0,242.0,590850.0,,,,,,,,,,,,,,,,,,,,,
2026-07-22,COMMODITY,op,op,SHFE,2608,,,,4250.0,3950.0,,,3950.0,,,1680.0,332.0,244720.0,,,,,,,,,,,,,,,,,,,,,
2026-07-22,COMMODITY,op,op,SHFE,2609,,,,4000.0,3450.0,,,4050.0,,,594.0,83.0,136360.0,,,,,,,,,,,,,,,,,,,,,
2026-07-22,COMMODITY,pb,pb,SHFE,2608,,,,16400.0,15600.0,,,15600.0,,,13274.0,21303.0,6171685.0,,,,,,,,,,,,,,,,,,,,,
2026-07-22,COMMODITY,pb,pb,SHFE,2609,,,,18000.0,15600.0,,,15800.0,,,6091.0,11822.0,5495885.0,,,,,,,,,,,,,,,,,,,,,
2026-07-22,COMMODITY,pb,pb,SHFE,2610,,,,16600.0,15000.0,,,15600.0,,,134.0,133.0,100995.0,,,,,,,,,,,,,,,,,,,,,
2026-07-22,COMMODITY,rb,rb,SHFE,2608,,,,3100.0,3000.0,,,3100.0,,,14809.0,12605.0,638250.0,,,,,,,,,,,,,,,,,,,,,
2026-07-22,COMMODITY,rb,rb,SHFE,2609,,,,3600.0,3050.0,,,3050.0,,,1863.0,180.0,35350.0,,,,,,,,,,,,,,,,,,,,,
2026-07-22,COMMODITY,rb,rb,SHFE,2610,,,,3200.0,2600.0,,,3150.0,,,274321.0,77210.0,34003865.0,,,,,,,,,,,,,,,,,,,,,
2026-07-22,COMMODITY,rb,rb,SHFE,2611,,,,3450.0,2950.0,,,3450.0,,,94.0,3.0,310.0,,,,,,,,,,,,,,,,,,,,,
2026-07-22,COMMODITY,rb,rb,SHFE,2701,,,,3500.0,3000.0,,,3500.0,,,2590.0,382.0,64325.0,,,,,,,,,,,,,,,,,,,,,
2026-07-22,COMMODITY,ru,ru,SHFE,2608,,,,18000.0,16000.0,,,16000.0,,,9313.0,10890.0,4578680.0,,,,,,,,,,,,,,,,,,,,,
2026-07-22,COMMODITY,ru,ru,SHFE,2609,,,,18000.0,16000.0,,,18000.0,,,65691.0,30480.0,49645810.0,,,,,,,,,,,,,,,,,,,,,
2026-07-22,COMMODITY,ru,ru,SHFE,2701,,,,21500.0,14750.0,,,21500.0,,,7922.0,1219.0,6543050.0,,,,,,,,,,,,,,,,,,,,,
2026-07-22,COMMODITY,sc,sc,SHFE,2609,,,,880.0,450.0,,,450.0,,,58153.0,108305.0,1357902300.0,,,,,,,,,,,,,,,,,,,,,
2026-07-22,COMMODITY,sc,sc,SHFE,2610,,,,650.0,420.0,,,650.0,,,3758.0,1151.0,22142050.0,,,,,,,,,,,,,,,,,,,,,
2026-07-22,COMMODITY,sc,sc,SHFE,2612,,,,850.0,405.0,,,850.0,,,1915.0,216.0,2678900.0,,,,,,,,,,,,,,,,,,,,,
2026-07-22,COMMODITY,sn,sn,SHFE,2608,,,,450000.0,350000.0,,,450000.0,,,45613.0,170428.0,398057392.0,,,,,,,,,,,,,,,,,,,,,
2026-07-22,COMMODITY,sn,sn,SHFE,2609,,,,420000.0,350000.0,,,350000.0,,,8270.0,3988.0,22687336.0,,,,,,,,,,,,,,,,,,,,,
2026-07-22,COMMODITY,sn,sn,SHFE,2610,,,,490000.0,315000.0,,,350000.0,,,650.0,272.0,1914644.0,,,,,,,,,,,,,,,,,,,,,
2026-07-22,COMMODITY,sp,sp,SHFE,2608,,,,4900.0,4600.0,,,4700.0,,,3602.0,3241.0,957970.0,,,,,,,,,,,,,,,,,,,,,
2026-07-22,COMMODITY,sp,sp,SHFE,2609,,,,5000.0,5000.0,,,5000.0,,,60825.0,21916.0,12349670.0,,,,,,,,,,,,,,,,,,,,,
2026-07-22,COMMODITY,sp,sp,SHFE,2611,,,,5800.0,4150.0,,,5800.0,,,4893.0,1573.0,1635720.0,,,,,,,,,,,,,,,,,,,,,
2026-07-22,COMMODITY,sp,sp,SHFE,2701,,,,5700.0,4900.0,,,4900.0,,,1286.0,7.0,9970.0,,,,,,,,,,,,,,,,,,,,,
2026-07-22,COMMODITY,zn,zn,SHFE,2608,,,,25000.0,24000.0,,,24000.0,,,35060.0,57771.0,19922785.0,,,,,,,,,,,,,,,,,,,,,
2026-07-22,COMMODITY,zn,zn,SHFE,2609,,,,25000.0,24000.0,,,25000.0,,,11359.0,10316.0,10986990.0,,,,,,,,,,,,,,,,,,,,,
2026-07-22,COMMODITY,zn,zn,SHFE,2610,,,,23000.0,22000.0,,,23000.0,,,832.0,3.0,1325.0,,,,,,,,,,,,,,,,,,,,,
2026-07-22,COMMODITY,zn,zn,SHFE,2611,,,,27500.0,23600.0,,,27500.0,,,144.0,0.0,0.0,,,,,,,,,,,,,,,,,,,,,
