trade_date,market_type,underlying,contract_month,underlying_price,call_wall,put_wall,price_wall,gex_flip,gamma_regime,net_gex,total_abs_gex,normalized_net_gex,price_wall_distance,confidence_score,confidence_label,market_structure_state,future_open_price_1d,future_high_price_1d,future_low_price_1d,future_price_1d,future_price_3d,future_price_5d,future_return_1d,future_return_3d,future_return_5d,tested_call_wall_1d,tested_put_wall_1d,tested_price_wall_1d,same_day_dual_wall_touch_1d,intraday_sequence,touch_call_wall,break_call_wall_1d,call_wall_reject_1d,touch_put_wall,break_put_wall_1d,put_wall_bounce_1d,near_price_wall,price_wall_magnet_1d,price_wall_magnet_3d,price_wall_magnet_5d,gamma_flip_cross_1d,gamma_flip_cross_3d,gamma_flip_cross_5d,next_abs_return_1d,next_abs_return_3d,next_abs_return_5d,event_quality,validation_method
2026-07-30,COMMODITY,AP,2610,7740.0,,,8000.0,,,,,,0.03359173126614978,,,,,,,,,,,,,False,False,False,False,,False,False,False,False,False,False,False,False,False,False,False,False,False,,,,pending,pending
2026-07-30,COMMODITY,AP,2611,7576.0,,,9800.0,,,,,,0.29355860612460405,,,,,,,,,,,,,False,False,False,False,,False,False,False,False,False,False,False,False,False,False,False,False,False,,,,pending,pending
2026-07-30,COMMODITY,AP,2701,7524.0,,,8800.0,,,,,,0.16959064327485374,,,,,,,,,,,,,False,False,False,False,,False,False,False,False,False,False,False,False,False,False,False,False,False,,,,pending,pending
2026-07-30,COMMODITY,CF,2609,15695.0,,,16000.0,,,,,,0.01943294042688759,,,,,,,,,,,,,False,False,False,False,,False,False,False,False,False,False,False,False,False,False,False,False,False,,,,pending,pending
2026-07-30,COMMODITY,CF,2611,15945.0,,,16400.0,,,,,,0.02853559109438697,,,,,,,,,,,,,False,False,False,False,,False,False,False,False,False,False,False,False,False,False,False,False,False,,,,pending,pending
2026-07-30,COMMODITY,CF,2701,16120.0,,,15600.0,,,,,,-0.032258064516129004,,,,,,,,,,,,,False,False,False,False,,False,False,False,False,False,False,False,False,False,False,False,False,False,,,,pending,pending
2026-07-30,COMMODITY,CF,2703,15990.0,,,15600.0,,,,,,-0.024390243902439046,,,,,,,,,,,,,False,False,False,False,,False,False,False,False,False,False,False,False,False,False,False,False,False,,,,pending,pending
2026-07-30,COMMODITY,CF,2705,15915.0,,,16800.0,,,,,,0.055607917059377954,,,,,,,,,,,,,False,False,False,False,,False,False,False,False,False,False,False,False,False,False,False,False,False,,,,pending,pending
2026-07-30,COMMODITY,CJ,2612,8600.0,,,10000.0,,,,,,0.16279069767441867,,,,,,,,,,,,,False,False,False,False,,False,False,False,False,False,False,False,False,False,False,False,False,False,,,,pending,pending
2026-07-30,COMMODITY,CJ,2701,8580.0,,,10000.0,,,,,,0.16550116550116556,,,,,,,,,,,,,False,False,False,False,,False,False,False,False,False,False,False,False,False,False,False,False,False,,,,pending,pending
2026-07-30,COMMODITY,CJ,2705,8655.0,,,9300.0,,,,,,0.07452339688041598,,,,,,,,,,,,,False,False,False,False,,False,False,False,False,False,False,False,False,False,False,False,False,False,,,,pending,pending
2026-07-30,COMMODITY,FG,2609,870.0,,,900.0,,,,,,0.034482758620689724,,,,,,,,,,,,,False,False,False,False,,False,False,False,False,False,False,False,False,False,False,False,False,False,,,,pending,pending
2026-07-30,COMMODITY,FG,2610,905.0,,,1000.0,,,,,,0.1049723756906078,,,,,,,,,,,,,False,False,False,False,,False,False,False,False,False,False,False,False,False,False,False,False,False,,,,pending,pending
2026-07-30,COMMODITY,FG,2611,899.0,,,1000.0,,,,,,0.11234705228031139,,,,,,,,,,,,,False,False,False,False,,False,False,False,False,False,False,False,False,False,False,False,False,False,,,,pending,pending
2026-07-30,COMMODITY,FG,2612,948.0,,,1120.0,,,,,,0.18143459915611815,,,,,,,,,,,,,False,False,False,False,,False,False,False,False,False,False,False,False,False,False,False,False,False,,,,pending,pending
2026-07-30,COMMODITY,FG,2701,942.0,,,1480.0,,,,,,0.5711252653927814,,,,,,,,,,,,,False,False,False,False,,False,False,False,False,False,False,False,False,False,False,False,False,False,,,,pending,pending
2026-07-30,COMMODITY,FG,2703,967.0,,,1200.0,,,,,,0.24095139607032068,,,,,,,,,,,,,False,False,False,False,,False,False,False,False,False,False,False,False,False,False,False,False,False,,,,pending,pending
2026-07-30,COMMODITY,FG,2705,1000.0,,,1280.0,,,,,,0.28,,,,,,,,,,,,,False,False,False,False,,False,False,False,False,False,False,False,False,False,False,False,False,False,,,,pending,pending
2026-07-30,COMMODITY,MA,2609,2657.0,,,2500.0,,,,,,-0.05908919834399695,,,,,,,,,,,,,False,False,False,False,,False,False,False,False,False,False,False,False,False,False,False,False,False,,,,pending,pending
2026-07-30,COMMODITY,MA,2610,2652.0,,,2300.0,,,,,,-0.13273001508295623,,,,,,,,,,,,,False,False,False,False,,False,False,False,False,False,False,False,False,False,False,False,False,False,,,,pending,pending
2026-07-30,COMMODITY,MA,2611,2638.0,,,3000.0,,,,,,0.13722517058377548,,,,,,,,,,,,,False,False,False,False,,False,False,False,False,False,False,False,False,False,False,False,False,False,,,,pending,pending
2026-07-30,COMMODITY,MA,2612,2632.0,,,2600.0,,,,,,-0.012158054711246202,,,,,,,,,,,,,False,False,False,False,,False,False,False,False,False,False,False,False,False,False,False,False,False,,,,pending,pending
2026-07-30,COMMODITY,MA,2701,2624.0,,,3000.0,,,,,,0.14329268292682928,,,,,,,,,,,,,False,False,False,False,,False,False,False,False,False,False,False,False,False,False,False,False,False,,,,pending,pending
2026-07-30,COMMODITY,MA,2703,2578.0,,,2900.0,,,,,,0.12490302560124134,,,,,,,,,,,,,False,False,False,False,,False,False,False,False,False,False,False,False,False,False,False,False,False,,,,pending,pending
2026-07-30,COMMODITY,MA,2705,2533.0,,,2350.0,,,,,,-0.07224634820371101,,,,,,,,,,,,,False,False,False,False,,False,False,False,False,False,False,False,False,False,False,False,False,False,,,,pending,pending
2026-07-30,COMMODITY,OI,2609,9893.0,,,9500.0,,,,,,-0.03972505812190441,,,,,,,,,,,,,False,False,False,False,,False,False,False,False,False,False,False,False,False,False,False,False,False,,,,pending,pending
2026-07-30,COMMODITY,OI,2611,9915.0,,,10400.0,,,,,,0.048915784165405984,,,,,,,,,,,,,False,False,False,False,,False,False,False,False,False,False,False,False,False,False,False,False,False,,,,pending,pending
2026-07-30,COMMODITY,OI,2701,9779.0,,,10400.0,,,,,,0.06350342570815015,,,,,,,,,,,,,False,False,False,False,,False,False,False,False,False,False,False,False,False,False,False,False,False,,,,pending,pending
2026-07-30,COMMODITY,OI,2703,9702.0,,,10400.0,,,,,,0.07194392908678626,,,,,,,,,,,,,False,False,False,False,,False,False,False,False,False,False,False,False,False,False,False,False,False,,,,pending,pending
2026-07-30,COMMODITY,OI,2705,9679.0,,,11000.0,,,,,,0.1364810414298998,,,,,,,,,,,,,False,False,False,False,,False,False,False,False,False,False,False,False,False,False,False,False,False,,,,pending,pending
2026-07-30,COMMODITY,PF,2609,7514.0,,,7300.0,,,,,,-0.028480170348682443,,,,,,,,,,,,,False,False,False,False,,False,False,False,False,False,False,False,False,False,False,False,False,False,,,,pending,pending
2026-07-30,COMMODITY,PF,2610,7506.0,,,7200.0,,,,,,-0.04076738609112707,,,,,,,,,,,,,False,False,False,False,,False,False,False,False,False,False,False,False,False,False,False,False,False,,,,pending,pending
2026-07-30,COMMODITY,PF,2611,7432.0,,,6900.0,,,,,,-0.07158234660925722,,,,,,,,,,,,,False,False,False,False,,False,False,False,False,False,False,False,False,False,False,False,False,False,,,,pending,pending
2026-07-30,COMMODITY,PK,2610,8226.0,,,8500.0,,,,,,0.033309020179917326,,,,,,,,,,,,,False,False,False,False,,False,False,False,False,False,False,False,False,False,False,False,False,False,,,,pending,pending
2026-07-30,COMMODITY,PK,2611,8214.0,,,8500.0,,,,,,0.03481860238616985,,,,,,,,,,,,,False,False,False,False,,False,False,False,False,False,False,False,False,False,False,False,False,False,,,,pending,pending
2026-07-30,COMMODITY,PK,2612,8228.0,,,8500.0,,,,,,0.03305785123966931,,,,,,,,,,,,,False,False,False,False,,False,False,False,False,False,False,False,False,False,False,False,False,False,,,,pending,pending
2026-07-30,COMMODITY,PK,2701,8248.0,,,9000.0,,,,,,0.09117361784675082,,,,,,,,,,,,,False,False,False,False,,False,False,False,False,False,False,False,False,False,False,False,False,False,,,,pending,pending
2026-07-30,COMMODITY,PL,2609,7959.0,,,8000.0,,,,,,0.005151400929765071,,,,,,,,,,,,,False,False,False,False,,False,False,False,False,False,False,False,False,False,False,False,False,False,,,,pending,pending
2026-07-30,COMMODITY,PL,2610,7689.0,,,7800.0,,,,,,0.014436207569254789,,,,,,,,,,,,,False,False,False,False,,False,False,False,False,False,False,False,False,False,False,False,False,False,,,,pending,pending
2026-07-30,COMMODITY,PR,2609,7462.0,,,7000.0,,,,,,-0.06191369606003749,,,,,,,,,,,,,False,False,False,False,,False,False,False,False,False,False,False,False,False,False,False,False,False,,,,pending,pending
2026-07-30,COMMODITY,PR,2610,7336.0,,,7900.0,,,,,,0.07688113413304243,,,,,,,,,,,,,False,False,False,False,,False,False,False,False,False,False,False,False,False,False,False,False,False,,,,pending,pending
2026-07-30,COMMODITY,PR,2611,7186.0,,,6500.0,,,,,,-0.09546340105761197,,,,,,,,,,,,,False,False,False,False,,False,False,False,False,False,False,False,False,False,False,False,False,False,,,,pending,pending
2026-07-30,COMMODITY,PX,2610,8218.0,,,9000.0,,,,,,0.09515697249939148,,,,,,,,,,,,,False,False,False,False,,False,False,False,False,False,False,False,False,False,False,False,False,False,,,,pending,pending
2026-07-30,COMMODITY,PX,2611,8142.0,,,8200.0,,,,,,0.007123556865634928,,,,,,,,,,,,,False,False,False,False,,False,False,False,False,False,False,False,False,False,False,False,False,False,,,,pending,pending
2026-07-30,COMMODITY,PX,2612,8082.0,,,9100.0,,,,,,0.12595892105914386,,,,,,,,,,,,,False,False,False,False,,False,False,False,False,False,False,False,False,False,False,False,False,False,,,,pending,pending
2026-07-30,COMMODITY,PX,2701,8010.0,,,9300.0,,,,,,0.16104868913857673,,,,,,,,,,,,,False,False,False,False,,False,False,False,False,False,False,False,False,False,False,False,False,False,,,,pending,pending
2026-07-30,COMMODITY,RM,2609,2289.0,,,2500.0,,,,,,0.09217999126256005,,,,,,,,,,,,,False,False,False,False,,False,False,False,False,False,False,False,False,False,False,False,False,False,,,,pending,pending
2026-07-30,COMMODITY,RM,2611,2216.0,,,2300.0,,,,,,0.03790613718411562,,,,,,,,,,,,,False,False,False,False,,False,False,False,False,False,False,False,False,False,False,False,False,False,,,,pending,pending
2026-07-30,COMMODITY,RM,2701,2245.0,,,2200.0,,,,,,-0.020044543429844075,,,,,,,,,,,,,False,False,False,False,,False,False,False,False,False,False,False,False,False,False,False,False,False,,,,pending,pending
2026-07-30,COMMODITY,RM,2703,2235.0,,,2050.0,,,,,,-0.08277404921700227,,,,,,,,,,,,,False,False,False,False,,False,False,False,False,False,False,False,False,False,False,False,False,False,,,,pending,pending
2026-07-30,COMMODITY,RM,2705,2281.0,,,2600.0,,,,,,0.13985094256904862,,,,,,,,,,,,,False,False,False,False,,False,False,False,False,False,False,False,False,False,False,False,False,False,,,,pending,pending
2026-07-30,COMMODITY,SA,2609,944.0,,,1000.0,,,,,,0.05932203389830515,,,,,,,,,,,,,False,False,False,False,,False,False,False,False,False,False,False,False,False,False,False,False,False,,,,pending,pending
2026-07-30,COMMODITY,SA,2610,968.0,,,1100.0,,,,,,0.13636363636363646,,,,,,,,,,,,,False,False,False,False,,False,False,False,False,False,False,False,False,False,False,False,False,False,,,,pending,pending
2026-07-30,COMMODITY,SA,2611,971.0,,,1200.0,,,,,,0.23583934088568492,,,,,,,,,,,,,False,False,False,False,,False,False,False,False,False,False,False,False,False,False,False,False,False,,,,pending,pending
2026-07-30,COMMODITY,SA,2612,1003.0,,,1100.0,,,,,,0.09670987038883361,,,,,,,,,,,,,False,False,False,False,,False,False,False,False,False,False,False,False,False,False,False,False,False,,,,pending,pending
2026-07-30,COMMODITY,SA,2701,1006.0,,,1560.0,,,,,,0.5506958250497018,,,,,,,,,,,,,False,False,False,False,,False,False,False,False,False,False,False,False,False,False,False,False,False,,,,pending,pending
2026-07-30,COMMODITY,SA,2703,1035.0,,,1320.0,,,,,,0.2753623188405796,,,,,,,,,,,,,False,False,False,False,,False,False,False,False,False,False,False,False,False,False,False,False,False,,,,pending,pending
2026-07-30,COMMODITY,SA,2705,1059.0,,,1400.0,,,,,,0.3220018885741265,,,,,,,,,,,,,False,False,False,False,,False,False,False,False,False,False,False,False,False,False,False,False,False,,,,pending,pending
2026-07-30,COMMODITY,SF,2609,5786.0,,,5800.0,,,,,,0.0024196335983408535,,,,,,,,,,,,,False,False,False,False,,False,False,False,False,False,False,True,False,False,False,False,False,False,,,,pending,pending
2026-07-30,COMMODITY,SF,2610,5658.0,,,5400.0,,,,,,-0.04559915164369033,,,,,,,,,,,,,False,False,False,False,,False,False,False,False,False,False,False,False,False,False,False,False,False,,,,pending,pending
2026-07-30,COMMODITY,SF,2611,5716.0,,,6000.0,,,,,,0.049685094471658475,,,,,,,,,,,,,False,False,False,False,,False,False,False,False,False,False,False,False,False,False,False,False,False,,,,pending,pending
2026-07-30,COMMODITY,SF,2612,5680.0,,,5500.0,,,,,,-0.03169014084507038,,,,,,,,,,,,,False,False,False,False,,False,False,False,False,False,False,False,False,False,False,False,False,False,,,,pending,pending
2026-07-30,COMMODITY,SF,2701,5668.0,,,5900.0,,,,,,0.04093154551870137,,,,,,,,,,,,,False,False,False,False,,False,False,False,False,False,False,False,False,False,False,False,False,False,,,,pending,pending
2026-07-30,COMMODITY,SH,2609,1842.0,,,1900.0,,,,,,0.03148751357220414,,,,,,,,,,,,,False,False,False,False,,False,False,False,False,False,False,False,False,False,False,False,False,False,,,,pending,pending
2026-07-30,COMMODITY,SH,2610,1866.0,,,1800.0,,,,,,-0.03536977491961413,,,,,,,,,,,,,False,False,False,False,,False,False,False,False,False,False,False,False,False,False,False,False,False,,,,pending,pending
2026-07-30,COMMODITY,SH,2611,1856.0,,,2200.0,,,,,,0.18534482758620685,,,,,,,,,,,,,False,False,False,False,,False,False,False,False,False,False,False,False,False,False,False,False,False,,,,pending,pending
2026-07-30,COMMODITY,SH,2612,1895.0,,,1940.0,,,,,,0.0237467018469657,,,,,,,,,,,,,False,False,False,False,,False,False,False,False,False,False,False,False,False,False,False,False,False,,,,pending,pending
2026-07-30,COMMODITY,SH,2701,1889.0,,,2640.0,,,,,,0.397564849126522,,,,,,,,,,,,,False,False,False,False,,False,False,False,False,False,False,False,False,False,False,False,False,False,,,,pending,pending
2026-07-30,COMMODITY,SM,2609,5684.0,,,5800.0,,,,,,0.020408163265306145,,,,,,,,,,,,,False,False,False,False,,False,False,False,False,False,False,False,False,False,False,False,False,False,,,,pending,pending
2026-07-30,COMMODITY,SM,2610,5674.0,,,5600.0,,,,,,-0.01304194571730699,,,,,,,,,,,,,False,False,False,False,,False,False,False,False,False,False,False,False,False,False,False,False,False,,,,pending,pending
2026-07-30,COMMODITY,SM,2611,5716.0,,,5800.0,,,,,,0.01469559132260323,,,,,,,,,,,,,False,False,False,False,,False,False,False,False,False,False,False,False,False,False,False,False,False,,,,pending,pending
2026-07-30,COMMODITY,SM,2612,5726.0,,,5600.0,,,,,,-0.022004889975550168,,,,,,,,,,,,,False,False,False,False,,False,False,False,False,False,False,False,False,False,False,False,False,False,,,,pending,pending
2026-07-30,COMMODITY,SM,2701,5744.0,,,6400.0,,,,,,0.11420612813370479,,,,,,,,,,,,,False,False,False,False,,False,False,False,False,False,False,False,False,False,False,False,False,False,,,,pending,pending
2026-07-30,COMMODITY,SR,2609,5089.0,,,5200.0,,,,,,0.021811750835134536,,,,,,,,,,,,,False,False,False,False,,False,False,False,False,False,False,False,False,False,False,False,False,False,,,,pending,pending
2026-07-30,COMMODITY,SR,2611,5103.0,,,6000.0,,,,,,0.17577895355673134,,,,,,,,,,,,,False,False,False,False,,False,False,False,False,False,False,False,False,False,False,False,False,False,,,,pending,pending
2026-07-30,COMMODITY,SR,2701,5207.0,,,6300.0,,,,,,0.20990973689264458,,,,,,,,,,,,,False,False,False,False,,False,False,False,False,False,False,False,False,False,False,False,False,False,,,,pending,pending
2026-07-30,COMMODITY,SR,2703,5237.0,,,6100.0,,,,,,0.1647890013366431,,,,,,,,,,,,,False,False,False,False,,False,False,False,False,False,False,False,False,False,False,False,False,False,,,,pending,pending
2026-07-30,COMMODITY,SR,2705,5272.0,,,6000.0,,,,,,0.13808801213960553,,,,,,,,,,,,,False,False,False,False,,False,False,False,False,False,False,False,False,False,False,False,False,False,,,,pending,pending
2026-07-30,COMMODITY,TA,2609,5844.0,,,6000.0,,,,,,0.026694045174537884,,,,,,,,,,,,,False,False,False,False,,False,False,False,False,False,False,False,False,False,False,False,False,False,,,,pending,pending
2026-07-30,COMMODITY,TA,2610,5848.0,,,6000.0,,,,,,0.025991792065663377,,,,,,,,,,,,,False,False,False,False,,False,False,False,False,False,False,False,False,False,False,False,False,False,,,,pending,pending
2026-07-30,COMMODITY,TA,2611,5776.0,,,4850.0,,,,,,-0.16031855955678675,,,,,,,,,,,,,False,False,False,False,,False,False,False,False,False,False,False,False,False,False,False,False,False,,,,pending,pending
2026-07-30,COMMODITY,TA,2612,5706.0,,,4800.0,,,,,,-0.1587802313354364,,,,,,,,,,,,,False,False,False,False,,False,False,False,False,False,False,False,False,False,False,False,False,False,,,,pending,pending
2026-07-30,COMMODITY,TA,2701,5646.0,,,6500.0,,,,,,0.1512575274530641,,,,,,,,,,,,,False,False,False,False,,False,False,False,False,False,False,False,False,False,False,False,False,False,,,,pending,pending
2026-07-30,COMMODITY,TA,2703,5584.0,,,6300.0,,,,,,0.12822349570200564,,,,,,,,,,,,,False,False,False,False,,False,False,False,False,False,False,False,False,False,False,False,False,False,,,,pending,pending
2026-07-30,COMMODITY,UR,2609,1736.0,,,1800.0,,,,,,0.03686635944700467,,,,,,,,,,,,,False,False,False,False,,False,False,False,False,False,False,False,False,False,False,False,False,False,,,,pending,pending
2026-07-30,COMMODITY,UR,2610,1722.0,,,1920.0,,,,,,0.11498257839721249,,,,,,,,,,,,,False,False,False,False,,False,False,False,False,False,False,False,False,False,False,False,False,False,,,,pending,pending
2026-07-30,COMMODITY,UR,2611,1754.0,,,1960.0,,,,,,0.11744583808437858,,,,,,,,,,,,,False,False,False,False,,False,False,False,False,False,False,False,False,False,False,False,False,False,,,,pending,pending
2026-07-30,COMMODITY,UR,2612,1753.0,,,1620.0,,,,,,-0.07586993725042779,,,,,,,,,,,,,False,False,False,False,,False,False,False,False,False,False,False,False,False,False,False,False,False,,,,pending,pending
2026-07-30,COMMODITY,UR,2701,1754.0,,,1900.0,,,,,,0.08323831242873436,,,,,,,,,,,,,False,False,False,False,,False,False,False,False,False,False,False,False,False,False,False,False,False,,,,pending,pending
2026-07-30,COMMODITY,UR,2703,1801.0,,,1620.0,,,,,,-0.10049972237645755,,,,,,,,,,,,,False,False,False,False,,False,False,False,False,False,False,False,False,False,False,False,False,False,,,,pending,pending
2026-07-30,COMMODITY,ZC,2609,,,,560.0,,,,,,,,,,,,,,,,,,,False,False,False,False,,False,False,False,False,False,False,False,False,False,False,False,False,False,,,,pending,pending
2026-07-30,COMMODITY,ZC,2610,,,,560.0,,,,,,,,,,,,,,,,,,,False,False,False,False,,False,False,False,False,False,False,False,False,False,False,False,False,False,,,,pending,pending
2026-07-30,COMMODITY,a,2609,4689.0,,,4600.0,,,,,,-0.01898059287694609,,,,,,,,,,,,,False,False,False,False,,False,False,False,False,False,False,False,False,False,False,False,False,False,,,,pending,pending
2026-07-30,COMMODITY,a,2611,4720.0,,,4800.0,,,,,,0.016949152542372836,,,,,,,,,,,,,False,False,False,False,,False,False,False,False,False,False,False,False,False,False,False,False,False,,,,pending,pending
2026-07-30,COMMODITY,a,2701,4748.0,,,5400.0,,,,,,0.1373209772535804,,,,,,,,,,,,,False,False,False,False,,False,False,False,False,False,False,False,False,False,False,False,False,False,,,,pending,pending
2026-07-30,COMMODITY,a,2703,4753.0,,,4400.0,,,,,,-0.07426888281085631,,,,,,,,,,,,,False,False,False,False,,False,False,False,False,False,False,False,False,False,False,False,False,False,,,,pending,pending
2026-07-30,COMMODITY,a,2705,4826.0,,,5600.0,,,,,,0.16038126813095732,,,,,,,,,,,,,False,False,False,False,,False,False,False,False,False,False,False,False,False,False,False,False,False,,,,pending,pending
2026-07-30,COMMODITY,a,2707,4832.0,,,5400.0,,,,,,0.11754966887417218,,,,,,,,,,,,,False,False,False,False,,False,False,False,False,False,False,False,False,False,False,False,False,False,,,,pending,pending
2026-07-30,COMMODITY,ad,2609,23195.0,,,23200.0,,,,,,0.0002155636990730514,,,,,,,,,,,,,False,False,False,False,,False,False,False,False,False,False,True,False,False,False,False,False,False,,,,pending,pending
2026-07-30,COMMODITY,ad,2610,23280.0,,,23800.0,,,,,,0.022336769759450092,,,,,,,,,,,,,False,False,False,False,,False,False,False,False,False,False,False,False,False,False,False,False,False,,,,pending,pending
2026-07-30,COMMODITY,ag,2609,14011.0,,,15000.0,,,,,,0.07058739561772898,,,,,,,,,,,,,False,False,False,False,,False,False,False,False,False,False,False,False,False,False,False,False,False,,,,pending,pending
2026-07-30,COMMODITY,ag,2610,14032.0,,,15000.0,,,,,,0.06898517673888249,,,,,,,,,,,,,False,False,False,False,,False,False,False,False,False,False,False,False,False,False,False,False,False,,,,pending,pending
2026-07-30,COMMODITY,ag,2612,14067.0,,,14000.0,,,,,,-0.0047629203099452955,,,,,,,,,,,,,False,False,False,False,,False,False,False,False,False,False,False,False,False,False,False,False,False,,,,pending,pending
2026-07-30,COMMODITY,al,2609,23625.0,,,24000.0,,,,,,0.015873015873015817,,,,,,,,,,,,,False,False,False,False,,False,False,False,False,False,False,False,False,False,False,False,False,False,,,,pending,pending
2026-07-30,COMMODITY,al,2610,23605.0,,,24600.0,,,,,,0.04215208642236812,,,,,,,,,,,,,False,False,False,False,,False,False,False,False,False,False,False,False,False,False,False,False,False,,,,pending,pending
2026-07-30,COMMODITY,al,2611,23540.0,,,22400.0,,,,,,-0.048428207306711935,,,,,,,,,,,,,False,False,False,False,,False,False,False,False,False,False,False,False,False,False,False,False,False,,,,pending,pending
2026-07-30,COMMODITY,al,2612,23495.0,,,22800.0,,,,,,-0.029580761864226424,,,,,,,,,,,,,False,False,False,False,,False,False,False,False,False,False,False,False,False,False,False,False,False,,,,pending,pending
2026-07-30,COMMODITY,al,2701,23475.0,,,21200.0,,,,,,-0.09691160809371668,,,,,,,,,,,,,False,False,False,False,,False,False,False,False,False,False,False,False,False,False,False,False,False,,,,pending,pending
2026-07-30,COMMODITY,ao,2609,2648.0,,,2800.0,,,,,,0.05740181268882183,,,,,,,,,,,,,False,False,False,False,,False,False,False,False,False,False,False,False,False,False,False,False,False,,,,pending,pending
2026-07-30,COMMODITY,ao,2610,2672.0,,,2800.0,,,,,,0.0479041916167664,,,,,,,,,,,,,False,False,False,False,,False,False,False,False,False,False,False,False,False,False,False,False,False,,,,pending,pending
2026-07-30,COMMODITY,ao,2611,2694.0,,,2650.0,,,,,,-0.0163325909428359,,,,,,,,,,,,,False,False,False,False,,False,False,False,False,False,False,False,False,False,False,False,False,False,,,,pending,pending
2026-07-30,COMMODITY,ao,2701,2729.0,,,3000.0,,,,,,0.09930377427629167,,,,,,,,,,,,,False,False,False,False,,False,False,False,False,False,False,False,False,False,False,False,False,False,,,,pending,pending
2026-07-30,COMMODITY,au,2609,880.02,,,1000.0,,,,,,0.1363378105043067,,,,,,,,,,,,,False,False,False,False,,False,False,False,False,False,False,False,False,False,False,False,False,False,,,,pending,pending
2026-07-30,COMMODITY,au,2610,881.4,,,1000.0,,,,,,0.13455865668255051,,,,,,,,,,,,,False,False,False,False,,False,False,False,False,False,False,False,False,False,False,False,False,False,,,,pending,pending
2026-07-30,COMMODITY,au,2612,883.5,,,960.0,,,,,,0.08658743633276744,,,,,,,,,,,,,False,False,False,False,,False,False,False,False,False,False,False,False,False,False,False,False,False,,,,pending,pending
2026-07-30,COMMODITY,au,2702,885.9,,,888.0,,,,,,0.002370470707754757,,,,,,,,,,,,,False,False,False,False,,False,False,False,False,False,False,True,False,False,False,False,False,False,,,,pending,pending
2026-07-30,COMMODITY,b,2609,3775.0,,,3800.0,,,,,,0.0066225165562914245,,,,,,,,,,,,,False,False,False,False,,False,False,False,False,False,False,False,False,False,False,False,False,False,,,,pending,pending
2026-07-30,COMMODITY,b,2610,3799.0,,,3750.0,,,,,,-0.012898131087128228,,,,,,,,,,,,,False,False,False,False,,False,False,False,False,False,False,False,False,False,False,False,False,False,,,,pending,pending
2026-07-30,COMMODITY,b,2611,3817.0,,,3700.0,,,,,,-0.03065234477338219,,,,,,,,,,,,,False,False,False,False,,False,False,False,False,False,False,False,False,False,False,False,False,False,,,,pending,pending
2026-07-30,COMMODITY,b,2612,3844.0,,,3200.0,,,,,,-0.16753381893860564,,,,,,,,,,,,,False,False,False,False,,False,False,False,False,False,False,False,False,False,False,False,False,False,,,,pending,pending
2026-07-30,COMMODITY,b,2701,3843.0,,,3700.0,,,,,,-0.03721051262034869,,,,,,,,,,,,,False,False,False,False,,False,False,False,False,False,False,False,False,False,False,False,False,False,,,,pending,pending
2026-07-30,COMMODITY,b,2702,3827.0,,,3600.0,,,,,,-0.059315390645414134,,,,,,,,,,,,,False,False,False,False,,False,False,False,False,False,False,False,False,False,False,False,False,False,,,,pending,pending
2026-07-30,COMMODITY,b,2703,3765.0,,,3700.0,,,,,,-0.01726427622841964,,,,,,,,,,,,,False,False,False,False,,False,False,False,False,False,False,False,False,False,False,False,False,False,,,,pending,pending
2026-07-30,COMMODITY,b,2704,3654.0,,,4100.0,,,,,,0.12205801860974286,,,,,,,,,,,,,False,False,False,False,,False,False,False,False,False,False,False,False,False,False,False,False,False,,,,pending,pending
2026-07-30,COMMODITY,b,2705,3578.0,,,3400.0,,,,,,-0.049748462828395734,,,,,,,,,,,,,False,False,False,False,,False,False,False,False,False,False,False,False,False,False,False,False,False,,,,pending,pending
2026-07-30,COMMODITY,b,2706,3559.0,,,3600.0,,,,,,0.01152008991289688,,,,,,,,,,,,,False,False,False,False,,False,False,False,False,False,False,False,False,False,False,False,False,False,,,,pending,pending
2026-07-30,COMMODITY,b,2707,3559.0,,,3400.0,,,,,,-0.044675470637819625,,,,,,,,,,,,,False,False,False,False,,False,False,False,False,False,False,False,False,False,False,False,False,False,,,,pending,pending
2026-07-30,COMMODITY,bc,2609,93090.0,,,80000.0,,,,,,-0.14061660758405847,,,,,,,,,,,,,False,False,False,False,,False,False,False,False,False,False,False,False,False,False,False,False,False,,,,pending,pending
2026-07-30,COMMODITY,bc,2610,92960.0,,,106000.0,,,,,,0.1402753872633391,,,,,,,,,,,,,False,False,False,False,,False,False,False,False,False,False,False,False,False,False,False,False,False,,,,pending,pending
2026-07-30,COMMODITY,br,2609,12970.0,,,14000.0,,,,,,0.07941403238242106,,,,,,,,,,,,,False,False,False,False,,False,False,False,False,False,False,False,False,False,False,False,False,False,,,,pending,pending
2026-07-30,COMMODITY,br,2610,12920.0,,,14200.0,,,,,,0.09907120743034059,,,,,,,,,,,,,False,False,False,False,,False,False,False,False,False,False,False,False,False,False,False,False,False,,,,pending,pending
2026-07-30,COMMODITY,br,2611,12855.0,,,12800.0,,,,,,-0.004278490859587758,,,,,,,,,,,,,False,False,False,False,,False,False,False,False,False,False,False,False,False,False,False,False,False,,,,pending,pending
2026-07-30,COMMODITY,bu,2609,4165.0,,,4000.0,,,,,,-0.03961584633853543,,,,,,,,,,,,,False,False,False,False,,False,False,False,False,False,False,False,False,False,False,False,False,False,,,,pending,pending
2026-07-30,COMMODITY,bu,2610,4043.0,,,4050.0,,,,,,0.0017313875834776837,,,,,,,,,,,,,False,False,False,False,,False,False,False,False,False,False,True,False,False,False,False,False,False,,,,pending,pending
2026-07-30,COMMODITY,bu,2611,3921.0,,,3550.0,,,,,,-0.09461871971435853,,,,,,,,,,,,,False,False,False,False,,False,False,False,False,False,False,False,False,False,False,False,False,False,,,,pending,pending
2026-07-30,COMMODITY,bu,2612,3800.0,,,3350.0,,,,,,-0.11842105263157898,,,,,,,,,,,,,False,False,False,False,,False,False,False,False,False,False,False,False,False,False,False,False,False,,,,pending,pending
2026-07-30,COMMODITY,bz,2609,7392.0,,,7400.0,,,,,,0.0010822510822510178,,,,,,,,,,,,,False,False,False,False,,False,False,False,False,False,False,True,False,False,False,False,False,False,,,,pending,pending
2026-07-30,COMMODITY,bz,2610,7263.0,,,7900.0,,,,,,0.08770480517692403,,,,,,,,,,,,,False,False,False,False,,False,False,False,False,False,False,False,False,False,False,False,False,False,,,,pending,pending
2026-07-30,COMMODITY,bz,2611,7088.0,,,7900.0,,,,,,0.11455981941309257,,,,,,,,,,,,,False,False,False,False,,False,False,False,False,False,False,False,False,False,False,False,False,False,,,,pending,pending
2026-07-30,COMMODITY,bz,2612,6981.0,,,6600.0,,,,,,-0.054576708207993097,,,,,,,,,,,,,False,False,False,False,,False,False,False,False,False,False,False,False,False,False,False,False,False,,,,pending,pending
2026-07-30,COMMODITY,bz,2701,6881.0,,,8400.0,,,,,,0.22075279755849442,,,,,,,,,,,,,False,False,False,False,,False,False,False,False,False,False,False,False,False,False,False,False,False,,,,pending,pending
2026-07-30,COMMODITY,bz,2702,6793.0,,,7000.0,,,,,,0.03047254526718679,,,,,,,,,,,,,False,False,False,False,,False,False,False,False,False,False,False,False,False,False,False,False,False,,,,pending,pending
2026-07-30,COMMODITY,bz,2703,,,,7000.0,,,,,,,,,,,,,,,,,,,False,False,False,False,,False,False,False,False,False,False,False,False,False,False,False,False,False,,,,pending,pending
2026-07-30,COMMODITY,bz,2704,6795.0,,,6600.0,,,,,,-0.028697571743929395,,,,,,,,,,,,,False,False,False,False,,False,False,False,False,False,False,False,False,False,False,False,False,False,,,,pending,pending
2026-07-30,COMMODITY,bz,2705,,,,6200.0,,,,,,,,,,,,,,,,,,,False,False,False,False,,False,False,False,False,False,False,False,False,False,False,False,False,False,,,,pending,pending
2026-07-30,COMMODITY,bz,2706,,,,6800.0,,,,,,,,,,,,,,,,,,,False,False,False,False,,False,False,False,False,False,False,False,False,False,False,False,False,False,,,,pending,pending
2026-07-30,COMMODITY,c,2609,2266.0,,,2260.0,,,,,,-0.0026478375992938785,,,,,,,,,,,,,False,False,False,False,,False,False,False,False,False,False,True,False,False,False,False,False,False,,,,pending,pending
2026-07-30,COMMODITY,c,2611,2226.0,,,2220.0,,,,,,-0.0026954177897574594,,,,,,,,,,,,,False,False,False,False,,False,False,False,False,False,False,True,False,False,False,False,False,False,,,,pending,pending
2026-07-30,COMMODITY,c,2701,2232.0,,,2600.0,,,,,,0.16487455197132617,,,,,,,,,,,,,False,False,False,False,,False,False,False,False,False,False,False,False,False,False,False,False,False,,,,pending,pending
2026-07-30,COMMODITY,c,2703,2241.0,,,2600.0,,,,,,0.1601963409192324,,,,,,,,,,,,,False,False,False,False,,False,False,False,False,False,False,False,False,False,False,False,False,False,,,,pending,pending
2026-07-30,COMMODITY,c,2705,2281.0,,,2280.0,,,,,,-0.0004384042086803541,,,,,,,,,,,,,False,False,False,False,,False,False,False,False,False,False,True,False,False,False,False,False,False,,,,pending,pending
2026-07-30,COMMODITY,c,2707,2295.0,,,2480.0,,,,,,0.08061002178649246,,,,,,,,,,,,,False,False,False,False,,False,False,False,False,False,False,False,False,False,False,False,False,False,,,,pending,pending
2026-07-30,COMMODITY,cs,2609,2627.0,,,2650.0,,,,,,0.008755234107346688,,,,,,,,,,,,,False,False,False,False,,False,False,False,False,False,False,False,False,False,False,False,False,False,,,,pending,pending
2026-07-30,COMMODITY,cs,2611,2552.0,,,2550.0,,,,,,-0.0007836990595611049,,,,,,,,,,,,,False,False,False,False,,False,False,False,False,False,False,True,False,False,False,False,False,False,,,,pending,pending
2026-07-30,COMMODITY,cs,2701,2567.0,,,2500.0,,,,,,-0.026100506427736647,,,,,,,,,,,,,False,False,False,False,,False,False,False,False,False,False,False,False,False,False,False,False,False,,,,pending,pending
2026-07-30,COMMODITY,cs,2703,2565.0,,,2400.0,,,,,,-0.06432748538011701,,,,,,,,,,,,,False,False,False,False,,False,False,False,False,False,False,False,False,False,False,False,False,False,,,,pending,pending
2026-07-30,COMMODITY,cs,2705,2623.0,,,2400.0,,,,,,-0.08501715592832637,,,,,,,,,,,,,False,False,False,False,,False,False,False,False,False,False,False,False,False,False,False,False,False,,,,pending,pending
2026-07-30,COMMODITY,cs,2707,2624.0,,,2700.0,,,,,,0.028963414634146423,,,,,,,,,,,,,False,False,False,False,,False,False,False,False,False,False,False,False,False,False,False,False,False,,,,pending,pending
2026-07-30,COMMODITY,cu,2609,104690.0,,,106000.0,,,,,,0.012513134014709992,,,,,,,,,,,,,False,False,False,False,,False,False,False,False,False,False,False,False,False,False,False,False,False,,,,pending,pending
2026-07-30,COMMODITY,cu,2610,104530.0,,,100000.0,,,,,,-0.04333684109824931,,,,,,,,,,,,,False,False,False,False,,False,False,False,False,False,False,False,False,False,False,False,False,False,,,,pending,pending
2026-07-30,COMMODITY,cu,2611,104310.0,,,98000.0,,,,,,-0.06049276195954367,,,,,,,,,,,,,False,False,False,False,,False,False,False,False,False,False,False,False,False,False,False,False,False,,,,pending,pending
2026-07-30,COMMODITY,cu,2612,104420.0,,,110000.0,,,,,,0.05343803868990604,,,,,,,,,,,,,False,False,False,False,,False,False,False,False,False,False,False,False,False,False,False,False,False,,,,pending,pending
2026-07-30,COMMODITY,cu,2701,103880.0,,,110000.0,,,,,,0.05891413169041204,,,,,,,,,,,,,False,False,False,False,,False,False,False,False,False,False,False,False,False,False,False,False,False,,,,pending,pending
2026-07-30,COMMODITY,cu,2702,103860.0,,,120000.0,,,,,,0.15540150202195258,,,,,,,,,,,,,False,False,False,False,,False,False,False,False,False,False,False,False,False,False,False,False,False,,,,pending,pending
2026-07-30,COMMODITY,cu,2703,103790.0,,,116000.0,,,,,,0.1176413912708354,,,,,,,,,,,,,False,False,False,False,,False,False,False,False,False,False,False,False,False,False,False,False,False,,,,pending,pending
2026-07-30,COMMODITY,cu,2704,103800.0,,,112000.0,,,,,,0.07899807321772645,,,,,,,,,,,,,False,False,False,False,,False,False,False,False,False,False,False,False,False,False,False,False,False,,,,pending,pending
2026-07-30,COMMODITY,eb,2609,8618.0,,,9000.0,,,,,,0.044325829658853566,,,,,,,,,,,,,False,False,False,False,,False,False,False,False,False,False,False,False,False,False,False,False,False,,,,pending,pending
2026-07-30,COMMODITY,eb,2610,8464.0,,,10000.0,,,,,,0.1814744801512287,,,,,,,,,,,,,False,False,False,False,,False,False,False,False,False,False,False,False,False,False,False,False,False,,,,pending,pending
2026-07-30,COMMODITY,eb,2611,8314.0,,,8800.0,,,,,,0.05845561703151314,,,,,,,,,,,,,False,False,False,False,,False,False,False,False,False,False,False,False,False,False,False,False,False,,,,pending,pending
2026-07-30,COMMODITY,eb,2612,8182.0,,,7800.0,,,,,,-0.04668785138108045,,,,,,,,,,,,,False,False,False,False,,False,False,False,False,False,False,False,False,False,False,False,False,False,,,,pending,pending
2026-07-30,COMMODITY,eb,2701,8070.0,,,7200.0,,,,,,-0.10780669144981414,,,,,,,,,,,,,False,False,False,False,,False,False,False,False,False,False,False,False,False,False,False,False,False,,,,pending,pending
2026-07-30,COMMODITY,eb,2702,7998.0,,,7000.0,,,,,,-0.1247811952988247,,,,,,,,,,,,,False,False,False,False,,False,False,False,False,False,False,False,False,False,False,False,False,False,,,,pending,pending
2026-07-30,COMMODITY,eb,2703,7970.0,,,10400.0,,,,,,0.3048933500627353,,,,,,,,,,,,,False,False,False,False,,False,False,False,False,False,False,False,False,False,False,False,False,False,,,,pending,pending
2026-07-30,COMMODITY,eb,2704,7922.0,,,9000.0,,,,,,0.1360767482958849,,,,,,,,,,,,,False,False,False,False,,False,False,False,False,False,False,False,False,False,False,False,False,False,,,,pending,pending
2026-07-30,COMMODITY,eb,2705,7860.0,,,9400.0,,,,,,0.1959287531806615,,,,,,,,,,,,,False,False,False,False,,False,False,False,False,False,False,False,False,False,False,False,False,False,,,,pending,pending
2026-07-30,COMMODITY,eb,2706,7794.0,,,8000.0,,,,,,0.026430587631511404,,,,,,,,,,,,,False,False,False,False,,False,False,False,False,False,False,False,False,False,False,False,False,False,,,,pending,pending
2026-07-30,COMMODITY,eb,2707,7750.0,,,6800.0,,,,,,-0.1225806451612903,,,,,,,,,,,,,False,False,False,False,,False,False,False,False,False,False,False,False,False,False,False,False,False,,,,pending,pending
2026-07-30,COMMODITY,eg,2609,5119.0,,,5500.0,,,,,,0.07442859933580781,,,,,,,,,,,,,False,False,False,False,,False,False,False,False,False,False,False,False,False,False,False,False,False,,,,pending,pending
2026-07-30,COMMODITY,eg,2610,4892.0,,,6000.0,,,,,,0.22649223221586268,,,,,,,,,,,,,False,False,False,False,,False,False,False,False,False,False,False,False,False,False,False,False,False,,,,pending,pending
2026-07-30,COMMODITY,eg,2611,4734.0,,,5400.0,,,,,,0.14068441064638781,,,,,,,,,,,,,False,False,False,False,,False,False,False,False,False,False,False,False,False,False,False,False,False,,,,pending,pending
2026-07-30,COMMODITY,eg,2612,4649.0,,,3600.0,,,,,,-0.22563992256399223,,,,,,,,,,,,,False,False,False,False,,False,False,False,False,False,False,False,False,False,False,False,False,False,,,,pending,pending
2026-07-30,COMMODITY,eg,2701,4611.0,,,4000.0,,,,,,-0.13250921708956842,,,,,,,,,,,,,False,False,False,False,,False,False,False,False,False,False,False,False,False,False,False,False,False,,,,pending,pending
2026-07-30,COMMODITY,eg,2702,4572.0,,,4600.0,,,,,,0.006124234470691103,,,,,,,,,,,,,False,False,False,False,,False,False,False,False,False,False,False,False,False,False,False,False,False,,,,pending,pending
2026-07-30,COMMODITY,eg,2703,4539.0,,,5400.0,,,,,,0.18968935888962335,,,,,,,,,,,,,False,False,False,False,,False,False,False,False,False,False,False,False,False,False,False,False,False,,,,pending,pending
2026-07-30,COMMODITY,eg,2704,4522.0,,,5400.0,,,,,,0.19416187527642625,,,,,,,,,,,,,False,False,False,False,,False,False,False,False,False,False,False,False,False,False,False,False,False,,,,pending,pending
2026-07-30,COMMODITY,eg,2705,4506.0,,,3700.0,,,,,,-0.17887261429205503,,,,,,,,,,,,,False,False,False,False,,False,False,False,False,False,False,False,False,False,False,False,False,False,,,,pending,pending
2026-07-30,COMMODITY,eg,2706,4513.0,,,3600.0,,,,,,-0.20230445380013296,,,,,,,,,,,,,False,False,False,False,,False,False,False,False,False,False,False,False,False,False,False,False,False,,,,pending,pending
2026-07-30,COMMODITY,fu,2609,3711.0,,,4000.0,,,,,,0.07787658313123158,,,,,,,,,,,,,False,False,False,False,,False,False,False,False,False,False,False,False,False,False,False,False,False,,,,pending,pending
2026-07-30,COMMODITY,fu,2610,3629.0,,,4650.0,,,,,,0.281344723064205,,,,,,,,,,,,,False,False,False,False,,False,False,False,False,False,False,False,False,False,False,False,False,False,,,,pending,pending
2026-07-30,COMMODITY,fu,2611,3558.0,,,4600.0,,,,,,0.29286115795390666,,,,,,,,,,,,,False,False,False,False,,False,False,False,False,False,False,False,False,False,False,False,False,False,,,,pending,pending
2026-07-30,COMMODITY,fu,2701,3400.0,,,4200.0,,,,,,0.23529411764705888,,,,,,,,,,,,,False,False,False,False,,False,False,False,False,False,False,False,False,False,False,False,False,False,,,,pending,pending
2026-07-30,COMMODITY,i,2609,715.0,,,700.0,,,,,,-0.020979020979020935,,,,,,,,,,,,,False,False,False,False,,False,False,False,False,False,False,False,False,False,False,False,False,False,,,,pending,pending
2026-07-30,COMMODITY,i,2610,718.5,,,780.0,,,,,,0.08559498956158662,,,,,,,,,,,,,False,False,False,False,,False,False,False,False,False,False,False,False,False,False,False,False,False,,,,pending,pending
2026-07-30,COMMODITY,i,2611,715.5,,,730.0,,,,,,0.020265548567435454,,,,,,,,,,,,,False,False,False,False,,False,False,False,False,False,False,False,False,False,False,False,False,False,,,,pending,pending
2026-07-30,COMMODITY,i,2612,712.5,,,740.0,,,,,,0.03859649122807007,,,,,,,,,,,,,False,False,False,False,,False,False,False,False,False,False,False,False,False,False,False,False,False,,,,pending,pending
2026-07-30,COMMODITY,i,2701,709.5,,,700.0,,,,,,-0.013389711064129672,,,,,,,,,,,,,False,False,False,False,,False,False,False,False,False,False,False,False,False,False,False,False,False,,,,pending,pending
2026-07-30,COMMODITY,i,2702,710.0,,,720.0,,,,,,0.014084507042253502,,,,,,,,,,,,,False,False,False,False,,False,False,False,False,False,False,False,False,False,False,False,False,False,,,,pending,pending
2026-07-30,COMMODITY,i,2703,707.5,,,740.0,,,,,,0.04593639575971742,,,,,,,,,,,,,False,False,False,False,,False,False,False,False,False,False,False,False,False,False,False,False,False,,,,pending,pending
2026-07-30,COMMODITY,i,2704,708.0,,,740.0,,,,,,0.04519774011299438,,,,,,,,,,,,,False,False,False,False,,False,False,False,False,False,False,False,False,False,False,False,False,False,,,,pending,pending
2026-07-30,COMMODITY,i,2705,706.5,,,720.0,,,,,,0.019108280254777066,,,,,,,,,,,,,False,False,False,False,,False,False,False,False,False,False,False,False,False,False,False,False,False,,,,pending,pending
2026-07-30,COMMODITY,i,2706,705.5,,,740.0,,,,,,0.04890148830616581,,,,,,,,,,,,,False,False,False,False,,False,False,False,False,False,False,False,False,False,False,False,False,False,,,,pending,pending
2026-07-30,COMMODITY,i,2707,703.5,,,720.0,,,,,,0.023454157782516027,,,,,,,,,,,,,False,False,False,False,,False,False,False,False,False,False,False,False,False,False,False,False,False,,,,pending,pending
2026-07-30,COMMODITY,jd,2609,4040.0,,,4500.0,,,,,,0.11386138613861396,,,,,,,,,,,,,False,False,False,False,,False,False,False,False,False,False,False,False,False,False,False,False,False,,,,pending,pending
2026-07-30,COMMODITY,jd,2610,3796.0,,,4000.0,,,,,,0.05374077976817704,,,,,,,,,,,,,False,False,False,False,,False,False,False,False,False,False,False,False,False,False,False,False,False,,,,pending,pending
2026-07-30,COMMODITY,jd,2611,3766.0,,,4400.0,,,,,,0.1683483802442911,,,,,,,,,,,,,False,False,False,False,,False,False,False,False,False,False,False,False,False,False,False,False,False,,,,pending,pending
2026-07-30,COMMODITY,jd,2612,3764.0,,,4000.0,,,,,,0.06269925611052063,,,,,,,,,,,,,False,False,False,False,,False,False,False,False,False,False,False,False,False,False,False,False,False,,,,pending,pending
2026-07-30,COMMODITY,jd,2701,3530.0,,,4000.0,,,,,,0.1331444759206799,,,,,,,,,,,,,False,False,False,False,,False,False,False,False,False,False,False,False,False,False,False,False,False,,,,pending,pending
2026-07-30,COMMODITY,jd,2702,3158.0,,,3800.0,,,,,,0.20329322355921464,,,,,,,,,,,,,False,False,False,False,,False,False,False,False,False,False,False,False,False,False,False,False,False,,,,pending,pending
2026-07-30,COMMODITY,jd,2703,3149.0,,,3700.0,,,,,,0.17497618291521122,,,,,,,,,,,,,False,False,False,False,,False,False,False,False,False,False,False,False,False,False,False,False,False,,,,pending,pending
2026-07-30,COMMODITY,jd,2704,3199.0,,,3700.0,,,,,,0.1566114410753361,,,,,,,,,,,,,False,False,False,False,,False,False,False,False,False,False,False,False,False,False,False,False,False,,,,pending,pending
2026-07-30,COMMODITY,jd,2705,3244.0,,,3000.0,,,,,,-0.07521578298397036,,,,,,,,,,,,,False,False,False,False,,False,False,False,False,False,False,False,False,False,False,False,False,False,,,,pending,pending
2026-07-30,COMMODITY,jd,2706,3098.0,,,3600.0,,,,,,0.1620400258231116,,,,,,,,,,,,,False,False,False,False,,False,False,False,False,False,False,False,False,False,False,False,False,False,,,,pending,pending
2026-07-30,COMMODITY,jd,2707,3265.0,,,3600.0,,,,,,0.10260336906584988,,,,,,,,,,,,,False,False,False,False,,False,False,False,False,False,False,False,False,False,False,False,False,False,,,,pending,pending
2026-07-30,COMMODITY,jm,2609,1227.0,,,1200.0,,,,,,-0.022004889975550168,,,,,,,,,,,,,False,False,False,False,,False,False,False,False,False,False,False,False,False,False,False,False,False,,,,pending,pending
2026-07-30,COMMODITY,jm,2610,1225.5,,,1300.0,,,,,,0.060791513667890706,,,,,,,,,,,,,False,False,False,False,,False,False,False,False,False,False,False,False,False,False,False,False,False,,,,pending,pending
2026-07-30,COMMODITY,jm,2611,1231.0,,,1600.0,,,,,,0.2997562956945572,,,,,,,,,,,,,False,False,False,False,,False,False,False,False,False,False,False,False,False,False,False,False,False,,,,pending,pending
2026-07-30,COMMODITY,jm,2612,1226.5,,,1080.0,,,,,,-0.11944557684467993,,,,,,,,,,,,,False,False,False,False,,False,False,False,False,False,False,False,False,False,False,False,False,False,,,,pending,pending
2026-07-30,COMMODITY,jm,2701,1382.5,,,1360.0,,,,,,-0.016274864376130238,,,,,,,,,,,,,False,False,False,False,,False,False,False,False,False,False,False,False,False,False,False,False,False,,,,pending,pending
2026-07-30,COMMODITY,jm,2702,1374.0,,,1840.0,,,,,,0.33915574963609907,,,,,,,,,,,,,False,False,False,False,,False,False,False,False,False,False,False,False,False,False,False,False,False,,,,pending,pending
2026-07-30,COMMODITY,jm,2703,1369.5,,,1240.0,,,,,,-0.0945600584154801,,,,,,,,,,,,,False,False,False,False,,False,False,False,False,False,False,False,False,False,False,False,False,False,,,,pending,pending
2026-07-30,COMMODITY,jm,2704,1351.5,,,1240.0,,,,,,-0.08250092489826122,,,,,,,,,,,,,False,False,False,False,,False,False,False,False,False,False,False,False,False,False,False,False,False,,,,pending,pending
2026-07-30,COMMODITY,jm,2705,1348.0,,,1880.0,,,,,,0.3946587537091988,,,,,,,,,,,,,False,False,False,False,,False,False,False,False,False,False,False,False,False,False,False,False,False,,,,pending,pending
2026-07-30,COMMODITY,jm,2706,1357.0,,,1320.0,,,,,,-0.02726602800294764,,,,,,,,,,,,,False,False,False,False,,False,False,False,False,False,False,False,False,False,False,False,False,False,,,,pending,pending
2026-07-30,COMMODITY,jm,2707,1361.5,,,1240.0,,,,,,-0.08923980903415352,,,,,,,,,,,,,False,False,False,False,,False,False,False,False,False,False,False,False,False,False,False,False,False,,,,pending,pending
2026-07-30,COMMODITY,l,2609,7787.0,,,7000.0,,,,,,-0.1010658790291511,,,,,,,,,,,,,False,False,False,False,,False,False,False,False,False,False,False,False,False,False,False,False,False,,,,pending,pending
2026-07-30,COMMODITY,l,2610,7617.0,,,8000.0,,,,,,0.05028226335827757,,,,,,,,,,,,,False,False,False,False,,False,False,False,False,False,False,False,False,False,False,False,False,False,,,,pending,pending
2026-07-30,COMMODITY,l,2611,7525.0,,,8300.0,,,,,,0.10299003322259126,,,,,,,,,,,,,False,False,False,False,,False,False,False,False,False,False,False,False,False,False,False,False,False,,,,pending,pending
2026-07-30,COMMODITY,l,2612,7459.0,,,5600.0,,,,,,-0.24922911918487733,,,,,,,,,,,,,False,False,False,False,,False,False,False,False,False,False,False,False,False,False,False,False,False,,,,pending,pending
2026-07-30,COMMODITY,l,2701,7408.0,,,6600.0,,,,,,-0.10907127429805619,,,,,,,,,,,,,False,False,False,False,,False,False,False,False,False,False,False,False,False,False,False,False,False,,,,pending,pending
2026-07-30,COMMODITY,l,2702,7351.0,,,6000.0,,,,,,-0.18378451911304583,,,,,,,,,,,,,False,False,False,False,,False,False,False,False,False,False,False,False,False,False,False,False,False,,,,pending,pending
2026-07-30,COMMODITY,l,2703,7292.0,,,7200.0,,,,,,-0.012616566099835413,,,,,,,,,,,,,False,False,False,False,,False,False,False,False,False,False,False,False,False,False,False,False,False,,,,pending,pending
2026-07-30,COMMODITY,l,2704,7261.0,,,9200.0,,,,,,0.2670431070100536,,,,,,,,,,,,,False,False,False,False,,False,False,False,False,False,False,False,False,False,False,False,False,False,,,,pending,pending
2026-07-30,COMMODITY,l,2705,7270.0,,,8600.0,,,,,,0.18294360385144426,,,,,,,,,,,,,False,False,False,False,,False,False,False,False,False,False,False,False,False,False,False,False,False,,,,pending,pending
2026-07-30,COMMODITY,l,2706,7212.0,,,7800.0,,,,,,0.08153078202995001,,,,,,,,,,,,,False,False,False,False,,False,False,False,False,False,False,False,False,False,False,False,False,False,,,,pending,pending
2026-07-30,COMMODITY,l,2707,7160.0,,,6400.0,,,,,,-0.1061452513966481,,,,,,,,,,,,,False,False,False,False,,False,False,False,False,False,False,False,False,False,False,False,False,False,,,,pending,pending
2026-07-30,COMMODITY,lc,2609,141060.0,,,150000.0,,,,,,0.06337728626116546,,,,,,,,,,,,,False,False,False,False,,False,False,False,False,False,False,False,False,False,False,False,False,False,,,,pending,pending
2026-07-30,COMMODITY,lc,2610,140480.0,,,160000.0,,,,,,0.1389521640091116,,,,,,,,,,,,,False,False,False,False,,False,False,False,False,False,False,False,False,False,False,False,False,False,,,,pending,pending
2026-07-30,COMMODITY,lc,2611,140300.0,,,160000.0,,,,,,0.14041339985744838,,,,,,,,,,,,,False,False,False,False,,False,False,False,False,False,False,False,False,False,False,False,False,False,,,,pending,pending
2026-07-30,COMMODITY,lc,2612,140500.0,,,150000.0,,,,,,0.06761565836298922,,,,,,,,,,,,,False,False,False,False,,False,False,False,False,False,False,False,False,False,False,False,False,False,,,,pending,pending
2026-07-30,COMMODITY,lc,2701,140140.0,,,140000.0,,,,,,-0.0009990009990009652,,,,,,,,,,,,,False,False,False,False,,False,False,False,False,False,False,True,False,False,False,False,False,False,,,,pending,pending
2026-07-30,COMMODITY,lc,2702,139520.0,,,246000.0,,,,,,0.7631880733944953,,,,,,,,,,,,,False,False,False,False,,False,False,False,False,False,False,False,False,False,False,False,False,False,,,,pending,pending
2026-07-30,COMMODITY,lc,2703,138120.0,,,116000.0,,,,,,-0.1601505936866493,,,,,,,,,,,,,False,False,False,False,,False,False,False,False,False,False,False,False,False,False,False,False,False,,,,pending,pending
2026-07-30,COMMODITY,lc,2704,137860.0,,,160000.0,,,,,,0.1605977078195271,,,,,,,,,,,,,False,False,False,False,,False,False,False,False,False,False,False,False,False,False,False,False,False,,,,pending,pending
2026-07-30,COMMODITY,lc,2705,137800.0,,,108000.0,,,,,,-0.21625544267053698,,,,,,,,,,,,,False,False,False,False,,False,False,False,False,False,False,False,False,False,False,False,False,False,,,,pending,pending
2026-07-30,COMMODITY,lc,2706,140520.0,,,140000.0,,,,,,-0.0037005408482778668,,,,,,,,,,,,,False,False,False,False,,False,False,False,False,False,False,False,False,False,False,False,False,False,,,,pending,pending
2026-07-30,COMMODITY,lg,2609,834.5,,,850.0,,,,,,0.018573996405032878,,,,,,,,,,,,,False,False,False,False,,False,False,False,False,False,False,False,False,False,False,False,False,False,,,,pending,pending
2026-07-30,COMMODITY,lg,2611,826.0,,,850.0,,,,,,0.029055690072639306,,,,,,,,,,,,,False,False,False,False,,False,False,False,False,False,False,False,False,False,False,False,False,False,,,,pending,pending
2026-07-30,COMMODITY,lg,2701,825.0,,,900.0,,,,,,0.09090909090909083,,,,,,,,,,,,,False,False,False,False,,False,False,False,False,False,False,False,False,False,False,False,False,False,,,,pending,pending
2026-07-30,COMMODITY,lg,2703,824.5,,,900.0,,,,,,0.09157064887810784,,,,,,,,,,,,,False,False,False,False,,False,False,False,False,False,False,False,False,False,False,False,False,False,,,,pending,pending
2026-07-30,COMMODITY,lg,2705,826.5,,,850.0,,,,,,0.028433151845129956,,,,,,,,,,,,,False,False,False,False,,False,False,False,False,False,False,False,False,False,False,False,False,False,,,,pending,pending
2026-07-30,COMMODITY,lg,2707,824.5,,,750.0,,,,,,-0.09035779260157673,,,,,,,,,,,,,False,False,False,False,,False,False,False,False,False,False,False,False,False,False,False,False,False,,,,pending,pending
2026-07-30,COMMODITY,lh,2609,10775.0,,,12000.0,,,,,,0.11368909512761016,,,,,,,,,,,,,False,False,False,False,,False,False,False,False,False,False,False,False,False,False,False,False,False,,,,pending,pending
2026-07-30,COMMODITY,lh,2611,11960.0,,,15200.0,,,,,,0.27090301003344486,,,,,,,,,,,,,False,False,False,False,,False,False,False,False,False,False,False,False,False,False,False,False,False,,,,pending,pending
2026-07-30,COMMODITY,lh,2701,12645.0,,,15200.0,,,,,,0.2020561486753658,,,,,,,,,,,,,False,False,False,False,,False,False,False,False,False,False,False,False,False,False,False,False,False,,,,pending,pending
2026-07-30,COMMODITY,lh,2703,12445.0,,,14400.0,,,,,,0.1570912012856569,,,,,,,,,,,,,False,False,False,False,,False,False,False,False,False,False,False,False,False,False,False,False,False,,,,pending,pending
2026-07-30,COMMODITY,lh,2705,13385.0,,,12800.0,,,,,,-0.04370564064251026,,,,,,,,,,,,,False,False,False,False,,False,False,False,False,False,False,False,False,False,False,False,False,False,,,,pending,pending
2026-07-30,COMMODITY,lh,2707,14055.0,,,15200.0,,,,,,0.08146567057986487,,,,,,,,,,,,,False,False,False,False,,False,False,False,False,False,False,False,False,False,False,False,False,False,,,,pending,pending
2026-07-30,COMMODITY,m,2609,3074.0,,,3100.0,,,,,,0.008458035133376729,,,,,,,,,,,,,False,False,False,False,,False,False,False,False,False,False,False,False,False,False,False,False,False,,,,pending,pending
2026-07-30,COMMODITY,m,2611,3113.0,,,3000.0,,,,,,-0.0362993896562801,,,,,,,,,,,,,False,False,False,False,,False,False,False,False,False,False,False,False,False,False,False,False,False,,,,pending,pending
2026-07-30,COMMODITY,m,2612,3151.0,,,3500.0,,,,,,0.11075848936845456,,,,,,,,,,,,,False,False,False,False,,False,False,False,False,False,False,False,False,False,False,False,False,False,,,,pending,pending
2026-07-30,COMMODITY,m,2701,3137.0,,,3000.0,,,,,,-0.04367229837424291,,,,,,,,,,,,,False,False,False,False,,False,False,False,False,False,False,False,False,False,False,False,False,False,,,,pending,pending
2026-07-30,COMMODITY,m,2703,3076.0,,,2900.0,,,,,,-0.05721716514954489,,,,,,,,,,,,,False,False,False,False,,False,False,False,False,False,False,False,False,False,False,False,False,False,,,,pending,pending
2026-07-30,COMMODITY,m,2705,2842.0,,,2700.0,,,,,,-0.04996481351161153,,,,,,,,,,,,,False,False,False,False,,False,False,False,False,False,False,False,False,False,False,False,False,False,,,,pending,pending
2026-07-30,COMMODITY,m,2707,2824.0,,,2600.0,,,,,,-0.07932011331444755,,,,,,,,,,,,,False,False,False,False,,False,False,False,False,False,False,False,False,False,False,False,False,False,,,,pending,pending
2026-07-30,COMMODITY,ni,2609,131280.0,,,140000.0,,,,,,0.06642291285801338,,,,,,,,,,,,,False,False,False,False,,False,False,False,False,False,False,False,False,False,False,False,False,False,,,,pending,pending
2026-07-30,COMMODITY,ni,2610,131500.0,,,134000.0,,,,,,0.019011406844106515,,,,,,,,,,,,,False,False,False,False,,False,False,False,False,False,False,False,False,False,False,False,False,False,,,,pending,pending
2026-07-30,COMMODITY,ni,2611,131800.0,,,148000.0,,,,,,0.12291350531107748,,,,,,,,,,,,,False,False,False,False,,False,False,False,False,False,False,False,False,False,False,False,False,False,,,,pending,pending
2026-07-30,COMMODITY,ni,2612,132130.0,,,110000.0,,,,,,-0.16748656626050107,,,,,,,,,,,,,False,False,False,False,,False,False,False,False,False,False,False,False,False,False,False,False,False,,,,pending,pending
2026-07-30,COMMODITY,nr,2609,14115.0,,,14000.0,,,,,,-0.008147360963513983,,,,,,,,,,,,,False,False,False,False,,False,False,False,False,False,False,False,False,False,False,False,False,False,,,,pending,pending
2026-07-30,COMMODITY,nr,2610,14195.0,,,15400.0,,,,,,0.0848890454385347,,,,,,,,,,,,,False,False,False,False,,False,False,False,False,False,False,False,False,False,False,False,False,False,,,,pending,pending
2026-07-30,COMMODITY,nr,2611,14380.0,,,16000.0,,,,,,0.11265646731571621,,,,,,,,,,,,,False,False,False,False,,False,False,False,False,False,False,False,False,False,False,False,False,False,,,,pending,pending
2026-07-30,COMMODITY,nr,2701,14360.0,,,17000.0,,,,,,0.1838440111420614,,,,,,,,,,,,,False,False,False,False,,False,False,False,False,False,False,False,False,False,False,False,False,False,,,,pending,pending
2026-07-30,COMMODITY,op,2609,3944.0,,,3950.0,,,,,,0.0015212981744421317,,,,,,,,,,,,,False,False,False,False,,False,False,False,False,False,False,True,False,False,False,False,False,False,,,,pending,pending
2026-07-30,COMMODITY,op,2610,3930.0,,,3950.0,,,,,,0.0050890585241729624,,,,,,,,,,,,,False,False,False,False,,False,False,False,False,False,False,False,False,False,False,False,False,False,,,,pending,pending
2026-07-30,COMMODITY,p,2609,9393.0,,,10000.0,,,,,,0.06462259129138714,,,,,,,,,,,,,False,False,False,False,,False,False,False,False,False,False,False,False,False,False,False,False,False,,,,pending,pending
2026-07-30,COMMODITY,p,2610,9435.0,,,10000.0,,,,,,0.05988341282458931,,,,,,,,,,,,,False,False,False,False,,False,False,False,False,False,False,False,False,False,False,False,False,False,,,,pending,pending
2026-07-30,COMMODITY,p,2611,9495.0,,,8900.0,,,,,,-0.06266456029489209,,,,,,,,,,,,,False,False,False,False,,False,False,False,False,False,False,False,False,False,False,False,False,False,,,,pending,pending
2026-07-30,COMMODITY,p,2612,9577.0,,,9800.0,,,,,,0.023284953534509656,,,,,,,,,,,,,False,False,False,False,,False,False,False,False,False,False,False,False,False,False,False,False,False,,,,pending,pending
2026-07-30,COMMODITY,p,2701,9660.0,,,10000.0,,,,,,0.035196687370600444,,,,,,,,,,,,,False,False,False,False,,False,False,False,False,False,False,False,False,False,False,False,False,False,,,,pending,pending
2026-07-30,COMMODITY,p,2702,9710.0,,,10800.0,,,,,,0.11225540679711643,,,,,,,,,,,,,False,False,False,False,,False,False,False,False,False,False,False,False,False,False,False,False,False,,,,pending,pending
2026-07-30,COMMODITY,p,2703,9707.0,,,11600.0,,,,,,0.19501390748944059,,,,,,,,,,,,,False,False,False,False,,False,False,False,False,False,False,False,False,False,False,False,False,False,,,,pending,pending
2026-07-30,COMMODITY,p,2704,9707.0,,,11600.0,,,,,,0.19501390748944059,,,,,,,,,,,,,False,False,False,False,,False,False,False,False,False,False,False,False,False,False,False,False,False,,,,pending,pending
2026-07-30,COMMODITY,p,2705,9692.0,,,10000.0,,,,,,0.03177878662814693,,,,,,,,,,,,,False,False,False,False,,False,False,False,False,False,False,False,False,False,False,False,False,False,,,,pending,pending
2026-07-30,COMMODITY,p,2706,9682.0,,,8400.0,,,,,,-0.13241065895476145,,,,,,,,,,,,,False,False,False,False,,False,False,False,False,False,False,False,False,False,False,False,False,False,,,,pending,pending
2026-07-30,COMMODITY,p,2707,9648.0,,,8400.0,,,,,,-0.12935323383084574,,,,,,,,,,,,,False,False,False,False,,False,False,False,False,False,False,False,False,False,False,False,False,False,,,,pending,pending
2026-07-30,COMMODITY,pb,2609,15740.0,,,16000.0,,,,,,0.016518424396442244,,,,,,,,,,,,,False,False,False,False,,False,False,False,False,False,False,False,False,False,False,False,False,False,,,,pending,pending
2026-07-30,COMMODITY,pb,2610,15750.0,,,16000.0,,,,,,0.015873015873015817,,,,,,,,,,,,,False,False,False,False,,False,False,False,False,False,False,False,False,False,False,False,False,False,,,,pending,pending
2026-07-30,COMMODITY,pd,2610,297.05,,,284.0,,,,,,-0.04393199798013803,,,,,,,,,,,,,False,False,False,False,,False,False,False,False,False,False,False,False,False,False,False,False,False,,,,pending,pending
2026-07-30,COMMODITY,pd,2612,300.4,,,496.0,,,,,,0.6511318242343542,,,,,,,,,,,,,False,False,False,False,,False,False,False,False,False,False,False,False,False,False,False,False,False,,,,pending,pending
2026-07-30,COMMODITY,pd,2702,302.0,,,568.0,,,,,,0.880794701986755,,,,,,,,,,,,,False,False,False,False,,False,False,False,False,False,False,False,False,False,False,False,False,False,,,,pending,pending
2026-07-30,COMMODITY,pd,2704,313.0,,,356.0,,,,,,0.13738019169329063,,,,,,,,,,,,,False,False,False,False,,False,False,False,False,False,False,False,False,False,False,False,False,False,,,,pending,pending
2026-07-30,COMMODITY,pd,2706,315.5,,,276.0,,,,,,-0.12519809825673534,,,,,,,,,,,,,False,False,False,False,,False,False,False,False,False,False,False,False,False,False,False,False,False,,,,pending,pending
2026-07-30,COMMODITY,pg,2609,5275.0,,,6000.0,,,,,,0.13744075829383884,,,,,,,,,,,,,False,False,False,False,,False,False,False,False,False,False,False,False,False,False,False,False,False,,,,pending,pending
2026-07-30,COMMODITY,pg,2610,5562.0,,,5800.0,,,,,,0.042790363178712765,,,,,,,,,,,,,False,False,False,False,,False,False,False,False,False,False,False,False,False,False,False,False,False,,,,pending,pending
2026-07-30,COMMODITY,pg,2611,5444.0,,,6000.0,,,,,,0.10213078618662741,,,,,,,,,,,,,False,False,False,False,,False,False,False,False,False,False,False,False,False,False,False,False,False,,,,pending,pending
2026-07-30,COMMODITY,pg,2612,5324.0,,,4200.0,,,,,,-0.2111194590533434,,,,,,,,,,,,,False,False,False,False,,False,False,False,False,False,False,False,False,False,False,False,False,False,,,,pending,pending
2026-07-30,COMMODITY,pg,2701,5171.0,,,3900.0,,,,,,-0.24579385031908718,,,,,,,,,,,,,False,False,False,False,,False,False,False,False,False,False,False,False,False,False,False,False,False,,,,pending,pending
2026-07-30,COMMODITY,pg,2702,5053.0,,,4100.0,,,,,,-0.18860083118939241,,,,,,,,,,,,,False,False,False,False,,False,False,False,False,False,False,False,False,False,False,False,False,False,,,,pending,pending
2026-07-30,COMMODITY,pg,2703,4900.0,,,4600.0,,,,,,-0.061224489795918324,,,,,,,,,,,,,False,False,False,False,,False,False,False,False,False,False,False,False,False,False,False,False,False,,,,pending,pending
2026-07-30,COMMODITY,pg,2704,5182.0,,,6000.0,,,,,,0.15785411038209185,,,,,,,,,,,,,False,False,False,False,,False,False,False,False,False,False,False,False,False,False,False,False,False,,,,pending,pending
2026-07-30,COMMODITY,pg,2705,5037.0,,,5400.0,,,,,,0.07206670637284107,,,,,,,,,,,,,False,False,False,False,,False,False,False,False,False,False,False,False,False,False,False,False,False,,,,pending,pending
2026-07-30,COMMODITY,pg,2706,4971.0,,,5200.0,,,,,,0.04606718970026158,,,,,,,,,,,,,False,False,False,False,,False,False,False,False,False,False,False,False,False,False,False,False,False,,,,pending,pending
2026-07-30,COMMODITY,pp,2609,8364.0,,,8400.0,,,,,,0.004304160688665792,,,,,,,,,,,,,False,False,False,False,,False,False,False,False,False,False,False,False,False,False,False,False,False,,,,pending,pending
2026-07-30,COMMODITY,pp,2610,8074.0,,,8700.0,,,,,,0.07753282140203122,,,,,,,,,,,,,False,False,False,False,,False,False,False,False,False,False,False,False,False,False,False,False,False,,,,pending,pending
2026-07-30,COMMODITY,pp,2611,7893.0,,,8600.0,,,,,,0.08957303940200179,,,,,,,,,,,,,False,False,False,False,,False,False,False,False,False,False,False,False,False,False,False,False,False,,,,pending,pending
2026-07-30,COMMODITY,pp,2612,7774.0,,,7600.0,,,,,,-0.022382299974273212,,,,,,,,,,,,,False,False,False,False,,False,False,False,False,False,False,False,False,False,False,False,False,False,,,,pending,pending
2026-07-30,COMMODITY,pp,2701,7712.0,,,7600.0,,,,,,-0.014522821576763434,,,,,,,,,,,,,False,False,False,False,,False,False,False,False,False,False,False,False,False,False,False,False,False,,,,pending,pending
2026-07-30,COMMODITY,pp,2702,7630.0,,,6800.0,,,,,,-0.10878112712975097,,,,,,,,,,,,,False,False,False,False,,False,False,False,False,False,False,False,False,False,False,False,False,False,,,,pending,pending
2026-07-30,COMMODITY,pp,2703,7478.0,,,8600.0,,,,,,0.15004011767852377,,,,,,,,,,,,,False,False,False,False,,False,False,False,False,False,False,False,False,False,False,False,False,False,,,,pending,pending
2026-07-30,COMMODITY,pp,2704,7408.0,,,7000.0,,,,,,-0.05507559395248385,,,,,,,,,,,,,False,False,False,False,,False,False,False,False,False,False,False,False,False,False,False,False,False,,,,pending,pending
2026-07-30,COMMODITY,pp,2705,7451.0,,,7600.0,,,,,,0.019997315796537407,,,,,,,,,,,,,False,False,False,False,,False,False,False,False,False,False,False,False,False,False,False,False,False,,,,pending,pending
2026-07-30,COMMODITY,pp,2706,7426.0,,,8200.0,,,,,,0.10422838674925927,,,,,,,,,,,,,False,False,False,False,,False,False,False,False,False,False,False,False,False,False,False,False,False,,,,pending,pending
2026-07-30,COMMODITY,pp,2707,7414.0,,,6400.0,,,,,,-0.13676827623415155,,,,,,,,,,,,,False,False,False,False,,False,False,False,False,False,False,False,False,False,False,False,False,False,,,,pending,pending
2026-07-30,COMMODITY,ps,2609,32560.0,,,35000.0,,,,,,0.07493857493857492,,,,,,,,,,,,,False,False,False,False,,False,False,False,False,False,False,False,False,False,False,False,False,False,,,,pending,pending
2026-07-30,COMMODITY,ps,2610,32675.0,,,36000.0,,,,,,0.10175975516449887,,,,,,,,,,,,,False,False,False,False,,False,False,False,False,False,False,False,False,False,False,False,False,False,,,,pending,pending
2026-07-30,COMMODITY,ps,2611,32785.0,,,40000.0,,,,,,0.220070154033857,,,,,,,,,,,,,False,False,False,False,,False,False,False,False,False,False,False,False,False,False,False,False,False,,,,pending,pending
2026-07-30,COMMODITY,ps,2612,36905.0,,,42000.0,,,,,,0.13805717382468496,,,,,,,,,,,,,False,False,False,False,,False,False,False,False,False,False,False,False,False,False,False,False,False,,,,pending,pending
2026-07-30,COMMODITY,ps,2701,36975.0,,,62000.0,,,,,,0.6768086544962812,,,,,,,,,,,,,False,False,False,False,,False,False,False,False,False,False,False,False,False,False,False,False,False,,,,pending,pending
2026-07-30,COMMODITY,ps,2702,37140.0,,,54000.0,,,,,,0.4539579967689822,,,,,,,,,,,,,False,False,False,False,,False,False,False,False,False,False,False,False,False,False,False,False,False,,,,pending,pending
2026-07-30,COMMODITY,ps,2703,37700.0,,,50000.0,,,,,,0.32625994694960214,,,,,,,,,,,,,False,False,False,False,,False,False,False,False,False,False,False,False,False,False,False,False,False,,,,pending,pending
2026-07-30,COMMODITY,ps,2704,35850.0,,,44000.0,,,,,,0.22733612273361237,,,,,,,,,,,,,False,False,False,False,,False,False,False,False,False,False,False,False,False,False,False,False,False,,,,pending,pending
2026-07-30,COMMODITY,ps,2705,36075.0,,,34000.0,,,,,,-0.057519057519057504,,,,,,,,,,,,,False,False,False,False,,False,False,False,False,False,False,False,False,False,False,False,False,False,,,,pending,pending
2026-07-30,COMMODITY,ps,2706,37930.0,,,35500.0,,,,,,-0.06406538360137093,,,,,,,,,,,,,False,False,False,False,,False,False,False,False,False,False,False,False,False,False,False,False,False,,,,pending,pending
2026-07-30,COMMODITY,pt,2610,391.65,,,416.0,,,,,,0.06217285841950737,,,,,,,,,,,,,False,False,False,False,,False,False,False,False,False,False,False,False,False,False,False,False,False,,,,pending,pending
2026-07-30,COMMODITY,pt,2612,394.8,,,920.0,,,,,,1.3302938196555218,,,,,,,,,,,,,False,False,False,False,,False,False,False,False,False,False,False,False,False,False,False,False,False,,,,pending,pending
2026-07-30,COMMODITY,pt,2702,396.7,,,696.0,,,,,,0.7544744139147972,,,,,,,,,,,,,False,False,False,False,,False,False,False,False,False,False,False,False,False,False,False,False,False,,,,pending,pending
2026-07-30,COMMODITY,pt,2704,404.7,,,664.0,,,,,,0.640721522115147,,,,,,,,,,,,,False,False,False,False,,False,False,False,False,False,False,False,False,False,False,False,False,False,,,,pending,pending
2026-07-30,COMMODITY,pt,2706,,,,300.0,,,,,,,,,,,,,,,,,,,False,False,False,False,,False,False,False,False,False,False,False,False,False,False,False,False,False,,,,pending,pending
2026-07-30,COMMODITY,rb,2609,3000.0,,,3000.0,,,,,,0.0,,,,,,,,,,,,,False,False,False,False,,False,False,False,False,False,False,True,False,False,False,False,False,False,,,,pending,pending
2026-07-30,COMMODITY,rb,2610,3014.0,,,3000.0,,,,,,-0.004644990046449915,,,,,,,,,,,,,False,False,False,False,,False,False,False,False,False,False,False,False,False,False,False,False,False,,,,pending,pending
2026-07-30,COMMODITY,rb,2611,3017.0,,,2850.0,,,,,,-0.0553529996685449,,,,,,,,,,,,,False,False,False,False,,False,False,False,False,False,False,False,False,False,False,False,False,False,,,,pending,pending
2026-07-30,COMMODITY,rb,2701,3049.0,,,3000.0,,,,,,-0.016070842899311266,,,,,,,,,,,,,False,False,False,False,,False,False,False,False,False,False,False,False,False,False,False,False,False,,,,pending,pending
2026-07-30,COMMODITY,ru,2609,16385.0,,,16000.0,,,,,,-0.023497101007018628,,,,,,,,,,,,,False,False,False,False,,False,False,False,False,False,False,False,False,False,False,False,False,False,,,,pending,pending
2026-07-30,COMMODITY,ru,2610,16400.0,,,15500.0,,,,,,-0.054878048780487854,,,,,,,,,,,,,False,False,False,False,,False,False,False,False,False,False,False,False,False,False,False,False,False,,,,pending,pending
2026-07-30,COMMODITY,ru,2701,17230.0,,,20000.0,,,,,,0.1607661056297156,,,,,,,,,,,,,False,False,False,False,,False,False,False,False,False,False,False,False,False,False,False,False,False,,,,pending,pending
2026-07-30,COMMODITY,sc,2609,568.2,,,700.0,,,,,,0.23196057726152763,,,,,,,,,,,,,False,False,False,False,,False,False,False,False,False,False,False,False,False,False,False,False,False,,,,pending,pending
2026-07-30,COMMODITY,sc,2610,552.8,,,450.0,,,,,,-0.18596237337192467,,,,,,,,,,,,,False,False,False,False,,False,False,False,False,False,False,False,False,False,False,False,False,False,,,,pending,pending
2026-07-30,COMMODITY,sc,2611,546.0,,,710.0,,,,,,0.3003663003663004,,,,,,,,,,,,,False,False,False,False,,False,False,False,False,False,False,False,False,False,False,False,False,False,,,,pending,pending
2026-07-30,COMMODITY,sc,2612,541.7,,,850.0,,,,,,0.5691342071257153,,,,,,,,,,,,,False,False,False,False,,False,False,False,False,False,False,False,False,False,False,False,False,False,,,,pending,pending
2026-07-30,COMMODITY,si,2609,8175.0,,,8000.0,,,,,,-0.021406727828746197,,,,,,,,,,,,,False,False,False,False,,False,False,False,False,False,False,False,False,False,False,False,False,False,,,,pending,pending
2026-07-30,COMMODITY,si,2610,8215.0,,,8200.0,,,,,,-0.0018259281801582539,,,,,,,,,,,,,False,False,False,False,,False,False,False,False,False,False,True,False,False,False,False,False,False,,,,pending,pending
2026-07-30,COMMODITY,si,2611,8240.0,,,7600.0,,,,,,-0.07766990291262132,,,,,,,,,,,,,False,False,False,False,,False,False,False,False,False,False,False,False,False,False,False,False,False,,,,pending,pending
2026-07-30,COMMODITY,si,2612,8635.0,,,8600.0,,,,,,-0.004053271569195105,,,,,,,,,,,,,False,False,False,False,,False,False,False,False,False,False,False,False,False,False,False,False,False,,,,pending,pending
2026-07-30,COMMODITY,si,2701,8665.0,,,10200.0,,,,,,0.1771494518176573,,,,,,,,,,,,,False,False,False,False,,False,False,False,False,False,False,False,False,False,False,False,False,False,,,,pending,pending
2026-07-30,COMMODITY,si,2702,8680.0,,,10000.0,,,,,,0.1520737327188939,,,,,,,,,,,,,False,False,False,False,,False,False,False,False,False,False,False,False,False,False,False,False,False,,,,pending,pending
2026-07-30,COMMODITY,si,2703,8720.0,,,8200.0,,,,,,-0.059633027522935755,,,,,,,,,,,,,False,False,False,False,,False,False,False,False,False,False,False,False,False,False,False,False,False,,,,pending,pending
2026-07-30,COMMODITY,si,2704,8730.0,,,7900.0,,,,,,-0.09507445589919816,,,,,,,,,,,,,False,False,False,False,,False,False,False,False,False,False,False,False,False,False,False,False,False,,,,pending,pending
2026-07-30,COMMODITY,si,2705,8775.0,,,9600.0,,,,,,0.09401709401709413,,,,,,,,,,,,,False,False,False,False,,False,False,False,False,False,False,False,False,False,False,False,False,False,,,,pending,pending
2026-07-30,COMMODITY,si,2706,8785.0,,,10200.0,,,,,,0.16107000569151975,,,,,,,,,,,,,False,False,False,False,,False,False,False,False,False,False,False,False,False,False,False,False,False,,,,pending,pending
2026-07-30,COMMODITY,si,2707,8805.0,,,8700.0,,,,,,-0.011925042589437829,,,,,,,,,,,,,False,False,False,False,,False,False,False,False,False,False,False,False,False,False,False,False,False,,,,pending,pending
2026-07-30,COMMODITY,sn,2609,416770.0,,,350000.0,,,,,,-0.16020826834944935,,,,,,,,,,,,,False,False,False,False,,False,False,False,False,False,False,False,False,False,False,False,False,False,,,,pending,pending
2026-07-30,COMMODITY,sn,2610,416240.0,,,370000.0,,,,,,-0.11108975591005188,,,,,,,,,,,,,False,False,False,False,,False,False,False,False,False,False,False,False,False,False,False,False,False,,,,pending,pending
2026-07-30,COMMODITY,sn,2611,415050.0,,,495000.0,,,,,,0.19262739428984466,,,,,,,,,,,,,False,False,False,False,,False,False,False,False,False,False,False,False,False,False,False,False,False,,,,pending,pending
2026-07-30,COMMODITY,sp,2609,4740.0,,,5000.0,,,,,,0.05485232067510548,,,,,,,,,,,,,False,False,False,False,,False,False,False,False,False,False,False,False,False,False,False,False,False,,,,pending,pending
2026-07-30,COMMODITY,sp,2610,4750.0,,,4850.0,,,,,,0.021052631578947434,,,,,,,,,,,,,False,False,False,False,,False,False,False,False,False,False,False,False,False,False,False,False,False,,,,pending,pending
2026-07-30,COMMODITY,sp,2611,4748.0,,,5800.0,,,,,,0.22156697556866045,,,,,,,,,,,,,False,False,False,False,,False,False,False,False,False,False,False,False,False,False,False,False,False,,,,pending,pending
2026-07-30,COMMODITY,sp,2701,4946.0,,,5500.0,,,,,,0.11200970481196926,,,,,,,,,,,,,False,False,False,False,,False,False,False,False,False,False,False,False,False,False,False,False,False,,,,pending,pending
2026-07-30,COMMODITY,v,2609,4467.0,,,4600.0,,,,,,0.029773897470338095,,,,,,,,,,,,,False,False,False,False,,False,False,False,False,False,False,False,False,False,False,False,False,False,,,,pending,pending
2026-07-30,COMMODITY,v,2610,4511.0,,,4700.0,,,,,,0.041897583684327167,,,,,,,,,,,,,False,False,False,False,,False,False,False,False,False,False,False,False,False,False,False,False,False,,,,pending,pending
2026-07-30,COMMODITY,v,2611,4545.0,,,6800.0,,,,,,0.4961496149614961,,,,,,,,,,,,,False,False,False,False,,False,False,False,False,False,False,False,False,False,False,False,False,False,,,,pending,pending
2026-07-30,COMMODITY,v,2612,4578.0,,,5000.0,,,,,,0.09217999126256005,,,,,,,,,,,,,False,False,False,False,,False,False,False,False,False,False,False,False,False,False,False,False,False,,,,pending,pending
2026-07-30,COMMODITY,v,2701,4607.0,,,5200.0,,,,,,0.12871716952463652,,,,,,,,,,,,,False,False,False,False,,False,False,False,False,False,False,False,False,False,False,False,False,False,,,,pending,pending
2026-07-30,COMMODITY,v,2702,4632.0,,,6200.0,,,,,,0.33851468048359235,,,,,,,,,,,,,False,False,False,False,,False,False,False,False,False,False,False,False,False,False,False,False,False,,,,pending,pending
2026-07-30,COMMODITY,v,2703,4660.0,,,4600.0,,,,,,-0.012875536480686733,,,,,,,,,,,,,False,False,False,False,,False,False,False,False,False,False,False,False,False,False,False,False,False,,,,pending,pending
2026-07-30,COMMODITY,v,2704,4866.0,,,5600.0,,,,,,0.15084258117550342,,,,,,,,,,,,,False,False,False,False,,False,False,False,False,False,False,False,False,False,False,False,False,False,,,,pending,pending
2026-07-30,COMMODITY,v,2705,4898.0,,,6000.0,,,,,,0.2249897917517354,,,,,,,,,,,,,False,False,False,False,,False,False,False,False,False,False,False,False,False,False,False,False,False,,,,pending,pending
2026-07-30,COMMODITY,v,2706,4911.0,,,4500.0,,,,,,-0.08368967623701895,,,,,,,,,,,,,False,False,False,False,,False,False,False,False,False,False,False,False,False,False,False,False,False,,,,pending,pending
2026-07-30,COMMODITY,v,2707,4933.0,,,5600.0,,,,,,0.13521183863774588,,,,,,,,,,,,,False,False,False,False,,False,False,False,False,False,False,False,False,False,False,False,False,False,,,,pending,pending
2026-07-30,COMMODITY,y,2609,8407.0,,,8500.0,,,,,,0.011062210063042643,,,,,,,,,,,,,False,False,False,False,,False,False,False,False,False,False,False,False,False,False,False,False,False,,,,pending,pending
2026-07-30,COMMODITY,y,2611,8452.0,,,8500.0,,,,,,0.0056791292001892035,,,,,,,,,,,,,False,False,False,False,,False,False,False,False,False,False,False,False,False,False,False,False,False,,,,pending,pending
2026-07-30,COMMODITY,y,2612,8461.0,,,8100.0,,,,,,-0.04266635149509512,,,,,,,,,,,,,False,False,False,False,,False,False,False,False,False,False,False,False,False,False,False,False,False,,,,pending,pending
2026-07-30,COMMODITY,y,2701,8436.0,,,8400.0,,,,,,-0.004267425320056861,,,,,,,,,,,,,False,False,False,False,,False,False,False,False,False,False,False,False,False,False,False,False,False,,,,pending,pending
2026-07-30,COMMODITY,y,2703,8385.0,,,9800.0,,,,,,0.16875372689326174,,,,,,,,,,,,,False,False,False,False,,False,False,False,False,False,False,False,False,False,False,False,False,False,,,,pending,pending
2026-07-30,COMMODITY,y,2705,8199.0,,,9200.0,,,,,,0.12208805951945356,,,,,,,,,,,,,False,False,False,False,,False,False,False,False,False,False,False,False,False,False,False,False,False,,,,pending,pending
2026-07-30,COMMODITY,y,2707,8178.0,,,9200.0,,,,,,0.1249694301785278,,,,,,,,,,,,,False,False,False,False,,False,False,False,False,False,False,False,False,False,False,False,False,False,,,,pending,pending
2026-07-30,COMMODITY,zn,2609,24700.0,,,24000.0,,,,,,-0.028340080971659964,,,,,,,,,,,,,False,False,False,False,,False,False,False,False,False,False,False,False,False,False,False,False,False,,,,pending,pending
2026-07-30,COMMODITY,zn,2610,24745.0,,,23000.0,,,,,,-0.07051929682764191,,,,,,,,,,,,,False,False,False,False,,False,False,False,False,False,False,False,False,False,False,False,False,False,,,,pending,pending
2026-07-30,COMMODITY,zn,2611,24770.0,,,27500.0,,,,,,0.11021396851029475,,,,,,,,,,,,,False,False,False,False,,False,False,False,False,False,False,False,False,False,False,False,False,False,,,,pending,pending
2026-07-30,ETF,上证50ETF华夏,12月,3.026,3.0,2.7,3.1,3.1,Positive Gamma,25458611.56637784,87781934.23128791,0.2900210822342951,0.024454725710508995,0.48398064700947285,medium,,,,,,,,,,,False,False,False,False,,False,False,False,False,False,False,False,False,False,False,False,False,False,,,,pending,pending
2026-07-30,ETF,上证50ETF华夏,3月,3.026,3.1,2.85,3.1,3.2,Positive Gamma,1799798.5090548797,6706237.05841872,0.26837681003171376,0.024454725710508995,0.548093567351345,medium,,,,,,,,,,,False,False,False,False,,False,False,False,False,False,False,False,False,False,False,False,False,False,,,,pending,pending
2026-07-30,ETF,上证50ETF华夏,8月,3.026,3.1,3.0,3.0,3.1,Positive Gamma,406330660.032757,1260782949.0051017,0.3222843871368955,-0.008592200925313875,0.6589706942884882,medium,,,,,,,,,,,False,False,False,False,,False,False,False,False,False,False,False,False,False,False,False,False,False,,,,pending,pending
2026-07-30,ETF,上证50ETF华夏,9月,3.026,3.1,3.0,3.0,3.2,Positive Gamma,105742127.79708275,446800966.59627956,0.23666494860703646,-0.008592200925313875,0.577080786830511,medium,,,,,,,,,,,False,False,False,False,,False,False,False,False,False,False,False,False,False,False,False,False,False,,,,pending,pending
2026-07-30,ETF,中证500ETF南方,12月,7.336,7.5,7.122,7.613,8.0,Positive Gamma,32752453.259594887,143751500.79717058,0.22784077437777636,0.03775899672846239,0.41163401104840036,low,,,,,,,,,,,False,False,False,False,,False,False,False,False,False,False,False,False,False,False,False,False,False,,,,pending,pending
2026-07-30,ETF,中证500ETF南方,3月,7.336,8.75,6.5,7.5,6.75,Positive Gamma,7226037.14126784,22263711.366924163,0.3245657034524406,0.02235550708833145,0.4013563223529992,low,,,,,,,,,,,False,False,False,False,,False,False,False,False,False,False,False,False,False,False,False,False,False,,,,pending,pending
2026-07-30,ETF,中证500ETF南方,8月,7.336,7.75,7.5,7.5,8.25,Positive Gamma,178844042.39356476,1564025640.782945,0.1143485360662221,0.02235550708833145,0.5307470813561941,medium,,,,,,,,,,,False,False,False,False,,False,False,False,False,False,False,False,False,False,False,False,False,False,,,,pending,pending
2026-07-30,ETF,中证500ETF南方,9月,7.336,7.5,6.631,7.5,,Negative Gamma,-171031664.2505184,645287112.4071724,-0.2650473889250687,0.02235550708833145,0.5061919742535124,medium,,,,,,,,,,,False,False,False,False,,False,False,False,False,False,False,False,False,False,False,False,False,False,,,,pending,pending
2026-07-30,ETF,中证500ETF嘉实,12月,2.971,3.0,2.9,2.9,2.85,Positive Gamma,10533125.062666712,35395699.05264955,0.29758206066220505,-0.023897677549646668,0.48556700690302745,medium,,,,,,,,,,,False,False,False,False,,False,False,False,False,False,False,False,False,False,False,False,False,False,,,,pending,pending
2026-07-30,ETF,中证500ETF嘉实,3月,2.971,3.1,3.1,3.1,,Positive Gamma,3557833.477843849,8292904.063883849,0.42902142005216853,0.04341972399865357,0.5208349515263097,medium,,,,,,,,,,,False,False,False,False,,False,False,False,False,False,False,False,False,False,False,False,False,False,,,,pending,pending
2026-07-30,ETF,中证500ETF嘉实,8月,2.971,3.2,3.0,3.0,3.1,Positive Gamma,45511217.970375724,134719459.33398837,0.33782215424088846,0.009761023224503562,0.4712963615289239,medium,,,,,,,,,,,False,False,False,False,,False,False,False,False,False,False,False,False,False,False,False,False,False,,,,pending,pending
2026-07-30,ETF,中证500ETF嘉实,9月,2.971,3.1,2.8,3.1,3.6,Positive Gamma,8880088.388722038,74056634.07330194,0.11990942472395445,0.04341972399865357,0.44178415755348555,low,,,,,,,,,,,False,False,False,False,,False,False,False,False,False,False,False,False,False,False,False,False,False,,,,pending,pending
2026-07-30,ETF,创业板ETF易方达,12月,3.27,4.8,3.2,3.2,4.0,Positive Gamma,8825365.233135002,48606405.115113,0.18156794793266798,-0.021406727828746086,0.44926348875108824,low,,,,,,,,,,,False,False,False,False,,False,False,False,False,False,False,False,False,False,False,False,False,False,,,,pending,pending
2026-07-30,ETF,创业板ETF易方达,3月,3.27,4.0,3.0,3.2,3.9,Positive Gamma,703600.411959,5904044.636625001,0.11917261051759384,-0.021406727828746086,0.4809394263458233,medium,,,,,,,,,,,False,False,False,False,,False,False,False,False,False,False,False,False,False,False,False,False,False,,,,pending,pending
2026-07-30,ETF,创业板ETF易方达,8月,3.27,3.6,3.4,3.4,3.8,Positive Gamma,112046829.703047,734581020.525921,0.15253161540006505,0.039755351681957096,0.41504809279109023,low,,,,,,,,,,,False,False,False,False,,False,False,False,False,False,False,False,False,False,False,False,False,False,,,,pending,pending
2026-07-30,ETF,创业板ETF易方达,9月,3.27,3.9,2.85,3.4,,Negative Gamma,-73927414.72743301,293660154.081531,-0.25174479308795833,0.039755351681957096,0.33710701442751423,low,,,,,,,,,,,False,False,False,False,,False,False,False,False,False,False,False,False,False,False,False,False,False,,,,pending,pending
2026-07-30,ETF,沪深300ETF华泰柏瑞,12月,4.605,5.0,4.3,4.6,4.8,Positive Gamma,42251707.63995076,124113149.51332279,0.3404289376720337,-0.0010857763300762269,0.4575654325293991,medium,,,,,,,,,,,False,False,False,False,,False,False,False,False,False,False,True,False,False,False,False,False,False,,,,pending,pending
2026-07-30,ETF,沪深300ETF华泰柏瑞,3月,4.605,4.7,4.7,4.7,4.7,Positive Gamma,7427845.191822752,18763506.770150255,0.39586657669126485,0.02062975027144409,0.6266923711546718,medium,,,,,,,,,,,False,False,False,False,,False,False,False,False,False,False,False,False,False,False,False,False,False,,,,pending,pending
2026-07-30,ETF,沪深300ETF华泰柏瑞,8月,4.605,4.7,4.7,4.7,4.7,Positive Gamma,298583080.05071026,1267522288.2759044,0.23556436270390627,0.02062975027144409,0.6118584732478947,medium,,,,,,,,,,,False,False,False,False,,False,False,False,False,False,False,False,False,False,False,False,False,False,,,,pending,pending
2026-07-30,ETF,沪深300ETF华泰柏瑞,9月,4.605,5.0,4.3,4.7,5.25,Positive Gamma,26119077.587568026,494390019.0547756,0.052830916039739384,0.02062975027144409,0.5019634283090179,medium,,,,,,,,,,,False,False,False,False,,False,False,False,False,False,False,False,False,False,False,False,False,False,,,,pending,pending
2026-07-30,ETF,沪深300ETF嘉实,12月,4.798,5.25,4.6,4.8,4.8,Positive Gamma,12658682.23580844,30303052.049013402,0.41773621400688504,0.00041684035014588616,0.47606381947337945,medium,,,,,,,,,,,False,False,False,False,,False,False,False,False,False,False,True,False,False,False,False,False,False,,,,pending,pending
2026-07-30,ETF,沪深300ETF嘉实,3月,4.798,4.9,4.6,4.6,5.25,Positive Gamma,687217.27121604,3784490.1100574,0.18158781004334995,-0.04126719466444362,0.5096682829225327,medium,,,,,,,,,,,False,False,False,False,,False,False,False,False,False,False,False,False,False,False,False,False,False,,,,pending,pending
2026-07-30,ETF,沪深300ETF嘉实,8月,4.798,5.0,4.8,5.0,5.0,Positive Gamma,46612826.89298063,226000683.27355504,0.2062508228639277,0.04210087536473539,0.5329415872267035,medium,,,,,,,,,,,False,False,False,False,,False,False,False,True,False,False,False,False,False,False,False,False,False,,,,pending,pending
2026-07-30,ETF,沪深300ETF嘉实,9月,4.798,5.25,4.2,5.0,5.5,Positive Gamma,13493801.26648328,114693754.74151401,0.11765070641286735,0.04210087536473539,0.37641265048049494,low,,,,,,,,,,,False,False,False,False,,False,False,False,False,False,False,False,False,False,False,False,False,False,,,,pending,pending
2026-07-30,ETF,深证100ETF易方达,12月,3.524,4.6,3.4,3.4,3.4,Positive Gamma,1443120.36961584,4199034.363015519,0.3436791044928407,-0.03518728717366637,0.4684254324581155,medium,,,,,,,,,,,False,False,False,False,,False,False,False,False,False,False,False,False,False,False,False,False,False,,,,pending,pending
2026-07-30,ETF,深证100ETF易方达,3月,3.524,4.2,3.5,3.4,,Negative Gamma,-10199.003911519998,262881.01164111996,-0.0387970353881759,-0.03518728717366637,0.49584503442751054,medium,,,,,,,,,,,False,False,False,False,,False,False,False,False,False,False,False,False,False,False,False,False,False,,,,pending,pending
2026-07-30,ETF,深证100ETF易方达,8月,3.524,3.8,3.6,3.7,3.7,Positive Gamma,10126412.3673696,36634032.72548928,0.27642090193154817,0.049943246311010325,0.488270039561722,medium,,,,,,,,,,,False,False,False,False,,False,False,False,False,False,False,False,False,False,False,False,False,False,,,,pending,pending
2026-07-30,ETF,深证100ETF易方达,9月,3.524,3.6,3.0,3.6,,Negative Gamma,-1102377.86691296,13286665.012096962,-0.0829687409074655,0.02156640181611813,0.5315673265937465,medium,,,,,,,,,,,False,False,False,False,,False,False,False,False,False,False,False,False,False,False,False,False,False,,,,pending,pending
2026-07-30,ETF,科创50ETF华夏,12月,1.669,2.55,1.3,1.6,,Negative Gamma,-356922.3711798303,40246214.777939364,-0.008868470566714574,-0.04134212103055723,0.4514296292581075,medium,,,,,,,,,,,False,False,False,False,,False,False,False,False,False,False,False,False,False,False,False,False,False,,,,pending,pending
2026-07-30,ETF,科创50ETF华夏,3月,1.669,2.15,1.6,1.6,2.15,Positive Gamma,548852.2038223101,3046874.28242073,0.18013615034560895,-0.04134212103055723,0.5919299242703598,medium,,,,,,,,,,,False,False,False,False,,False,False,False,False,False,False,False,False,False,False,False,False,False,,,,pending,pending
2026-07-30,ETF,科创50ETF华夏,8月,1.669,1.9,1.6,1.6,2.0,Positive Gamma,60279489.1199449,346839618.53743076,0.17379643471565978,-0.04134212103055723,0.41343195961225904,low,,,,,,,,,,,False,False,False,False,,False,False,False,False,False,False,False,False,False,False,False,False,False,,,,pending,pending
2026-07-30,ETF,科创50ETF华夏,9月,1.669,1.8,1.6,1.6,,Negative Gamma,-18925945.319704957,147050104.6106079,-0.12870405886361871,-0.04134212103055723,0.4169920618846976,low,,,,,,,,,,,False,False,False,False,,False,False,False,False,False,False,False,False,False,False,False,False,False,,,,pending,pending
2026-07-30,ETF,科创50ETF易方达,12月,1.619,2.15,1.25,1.6,,Negative Gamma,-122592.22420220019,8286847.47270512,-0.014793590036016633,-0.011735639283508292,0.40653817469598236,low,,,,,,,,,,,False,False,False,False,,False,False,False,False,False,False,False,False,False,False,False,False,False,,,,pending,pending
2026-07-30,ETF,科创50ETF易方达,3月,1.619,2.1,1.7,1.6,2.1,Positive Gamma,85206.55243597999,785990.0921377401,0.10840664950907304,-0.011735639283508292,0.5392169498064991,medium,,,,,,,,,,,False,False,False,False,,False,False,False,False,False,False,False,False,False,False,False,False,False,,,,pending,pending
2026-07-30,ETF,科创50ETF易方达,8月,1.619,1.75,1.55,1.55,1.9,Positive Gamma,12789359.46687436,49940708.66618108,0.25609086872119374,-0.042618900555898676,0.39498315284087965,low,,,,,,,,,,,False,False,False,False,,False,False,False,False,False,False,False,False,False,False,False,False,False,,,,pending,pending
2026-07-30,ETF,科创50ETF易方达,9月,1.619,1.75,1.1,1.65,,Negative Gamma,-1512862.964678851,28732049.559700526,-0.052654195849668406,0.01914762198888198,0.3902480704741705,low,,,,,,,,,,,False,False,False,False,,False,False,False,False,False,False,False,False,False,False,False,False,False,,,,pending,pending
2026-07-30,INDEX_OPTION,IF,2608,4529.6,,,4600.0,,,,,,0.015542211232779879,,,,,,,,,,,,,False,False,False,False,,False,False,False,False,False,False,False,False,False,False,False,False,False,,,,pending,pending
2026-07-30,INDEX_OPTION,IF,2609,4508.2,,,4600.0,,,,,,0.020362894281531485,,,,,,,,,,,,,False,False,False,False,,False,False,False,False,False,False,False,False,False,False,False,False,False,,,,pending,pending
2026-07-30,INDEX_OPTION,IF,2610,,,,4200.0,,,,,,,,,,,,,,,,,,,False,False,False,False,,False,False,False,False,False,False,False,False,False,False,False,False,False,,,,pending,pending
2026-07-30,INDEX_OPTION,IF,2612,4433.6,,,5600.0,,,,,,0.263081919884518,,,,,,,,,,,,,False,False,False,False,,False,False,False,False,False,False,False,False,False,False,False,False,False,,,,pending,pending
2026-07-30,INDEX_OPTION,IF,2703,4353.2,,,4100.0,,,,,,-0.05816410916107684,,,,,,,,,,,,,False,False,False,False,,False,False,False,False,False,False,False,False,False,False,False,False,False,,,,pending,pending
2026-07-30,INDEX_OPTION,IF,2706,,,,4500.0,,,,,,,,,,,,,,,,,,,False,False,False,False,,False,False,False,False,False,False,False,False,False,False,False,False,False,,,,pending,pending
2026-07-30,INDEX_OPTION,IH,2608,2905.0,,,3000.0,,,,,,0.03270223752151469,,,,,,,,,,,,,False,False,False,False,,False,False,False,False,False,False,False,False,False,False,False,False,False,,,,pending,pending
2026-07-30,INDEX_OPTION,IH,2609,2885.8,,,2900.0,,,,,,0.004920645921408173,,,,,,,,,,,,,False,False,False,False,,False,False,False,False,False,False,False,False,False,False,False,False,False,,,,pending,pending
2026-07-30,INDEX_OPTION,IH,2610,,,,2900.0,,,,,,,,,,,,,,,,,,,False,False,False,False,,False,False,False,False,False,False,False,False,False,False,False,False,False,,,,pending,pending
2026-07-30,INDEX_OPTION,IH,2612,2848.2,,,2500.0,,,,,,-0.12225265079699454,,,,,,,,,,,,,False,False,False,False,,False,False,False,False,False,False,False,False,False,False,False,False,False,,,,pending,pending
2026-07-30,INDEX_OPTION,IH,2703,2826.6,,,2500.0,,,,,,-0.11554517795231012,,,,,,,,,,,,,False,False,False,False,,False,False,False,False,False,False,False,False,False,False,False,False,False,,,,pending,pending
2026-07-30,INDEX_OPTION,IH,2706,,,,3400.0,,,,,,,,,,,,,,,,,,,False,False,False,False,,False,False,False,False,False,False,False,False,False,False,False,False,False,,,,pending,pending
2026-07-30,INDEX_OPTION,IM,2608,6885.2,,,7500.0,,,,,,0.08929297623888921,,,,,,,,,,,,,False,False,False,False,,False,False,False,False,False,False,False,False,False,False,False,False,False,,,,pending,pending
2026-07-30,INDEX_OPTION,IM,2609,6845.2,,,8000.0,,,,,,0.16870215625547824,,,,,,,,,,,,,False,False,False,False,,False,False,False,False,False,False,False,False,False,False,False,False,False,,,,pending,pending
2026-07-30,INDEX_OPTION,IM,2610,,,,6200.0,,,,,,,,,,,,,,,,,,,False,False,False,False,,False,False,False,False,False,False,False,False,False,False,False,False,False,,,,pending,pending
2026-07-30,INDEX_OPTION,IM,2612,6690.0,,,6400.0,,,,,,-0.0433482810164425,,,,,,,,,,,,,False,False,False,False,,False,False,False,False,False,False,False,False,False,False,False,False,False,,,,pending,pending
2026-07-30,INDEX_OPTION,IM,2703,6527.8,,,6600.0,,,,,,0.011060387879530564,,,,,,,,,,,,,False,False,False,False,,False,False,False,False,False,False,False,False,False,False,False,False,False,,,,pending,pending
2026-07-30,INDEX_OPTION,IM,2706,,,,6200.0,,,,,,,,,,,,,,,,,,,False,False,False,False,,False,False,False,False,False,False,False,False,False,False,False,False,False,,,,pending,pending
